[0.000000] (-) TimerEvent: {}
[0.000121] (grasp_kitchen_interfaces) JobQueued: {'identifier': 'grasp_kitchen_interfaces', 'dependencies': OrderedDict()}
[0.000139] (grasp_kitchen_ros2) JobQueued: {'identifier': 'grasp_kitchen_ros2', 'dependencies': OrderedDict([('grasp_kitchen_interfaces', '/home/kim/projects/dexchef_ws/install/grasp_kitchen_interfaces')])}
[0.000151] (grasp_kitchen_interfaces) JobStarted: {'identifier': 'grasp_kitchen_interfaces'}
[0.009562] (grasp_kitchen_interfaces) JobProgress: {'identifier': 'grasp_kitchen_interfaces', 'progress': 'cmake'}
[0.010267] (grasp_kitchen_interfaces) Command: {'cmd': ['/usr/bin/cmake', '/home/kim/projects/dexchef_ws/src/grasp_kitchen_interfaces', '-DAMENT_CMAKE_SYMLINK_INSTALL=1', '-DCMAKE_INSTALL_PREFIX=/home/kim/projects/dexchef_ws/install/grasp_kitchen_interfaces'], 'cwd': '/home/kim/projects/dexchef_ws/build/grasp_kitchen_interfaces', 'env': OrderedDict([('LESSOPEN', '| /usr/bin/lesspipe %s'), ('CONDA_PROMPT_MODIFIER', ''), ('HTTPS_PROXY', 'http://127.0.0.1:7890'), ('no_proxy', '192.168.*,172.31.*,172.30.*,172.29.*,172.28.*,172.27.*,172.26.*,172.25.*,172.24.*,172.23.*,172.22.*,172.21.*,172.20.*,172.19.*,172.18.*,172.17.*,172.16.*,10.*,127.*,localhost,<local>'), ('USER', 'kim'), ('SHLVL', '1'), ('LD_LIBRARY_PATH', '/opt/ros/humble/opt/rviz_ogre_vendor/lib:/opt/ros/humble/lib/x86_64-linux-gnu:/opt/ros/humble/lib'), ('WT_PROFILE_ID', '{4ff56d04-d9cf-57ea-bae2-ad396374e7e3}'), ('MOTD_SHOWN', 'update-motd'), ('HOME', '/home/kim'), ('CONDA_SHLVL', '0'), ('OLDPWD', '/home/kim/projects/dexchef_ws/src'), ('NO_PROXY', '192.168.*,172.31.*,172.30.*,172.29.*,172.28.*,172.27.*,172.26.*,172.25.*,172.24.*,172.23.*,172.22.*,172.21.*,172.20.*,172.19.*,172.18.*,172.17.*,172.16.*,10.*,127.*,localhost,<local>'), ('ROS_PYTHON_VERSION', '3'), ('DBUS_SESSION_BUS_ADDRESS', 'unix:path=/run/user/1000/bus'), ('_CE_M', ''), ('WSL_DISTRO_NAME', 'Ubuntu-22.04'), ('_CONDA_ROOT', '/home/kim/anaconda3'), ('WAYLAND_DISPLAY', 'wayland-0'), ('https_proxy', 'http://127.0.0.1:7890'), ('ROS_DISTRO', 'humble'), ('LOGNAME', 'kim'), ('NAME', 'LINKERBOT-HJK'), ('WSL_INTEROP', '/run/WSL/339_interop'), ('http_proxy', 'http://127.0.0.1:7890'), ('PULSE_SERVER', 'unix:/mnt/wslg/PulseServer'), ('_', '/usr/bin/colcon'), ('ROS_VERSION', '2'), ('TERM', 'xterm-256color'), ('_CE_CONDA', ''), ('ROS_LOCALHOST_ONLY', '0'), ('PATH', '/home/kim/anaconda3/condabin:/opt/ros/humble/bin:/usr/local/sbin:/usr/local/bin:/usr/sbin:/usr/bin:/sbin:/bin:/usr/games:/usr/local/games:/usr/lib/wsl/lib:/mnt/c/Windows/system32:/mnt/c/Windows:/mnt/c/Windows/System32/Wbem:/mnt/c/Windows/System32/WindowsPowerShell/v1.0:/mnt/c/Windows/System32/OpenSSH:/mnt/c/Users/Junkai Huang/.local/bin:/mnt/c/Users/Junkai Huang/AppData/Local/Microsoft/WindowsApps:/mnt/c/vscode/Microsoft VS Code/bin:/snap/bin'), ('WT_SESSION', '903b231b-6717-444e-8b78-a8ba407431e1'), ('XDG_RUNTIME_DIR', '/run/user/1000/'), ('DISPLAY', ':0'), ('LANG', 'en_US.UTF-8'), ('LS_COLORS', 'rs=0:di=01;34:ln=01;36:mh=00:pi=40;33:so=01;35:do=01;35:bd=40;33;01:cd=40;33;01:or=40;31;01:mi=00:su=37;41:sg=30;43:ca=30;41:tw=30;42:ow=34;42:st=37;44:ex=01;32:*.tar=01;31:*.tgz=01;31:*.arc=01;31:*.arj=01;31:*.taz=01;31:*.lha=01;31:*.lz4=01;31:*.lzh=01;31:*.lzma=01;31:*.tlz=01;31:*.txz=01;31:*.tzo=01;31:*.t7z=01;31:*.zip=01;31:*.z=01;31:*.dz=01;31:*.gz=01;31:*.lrz=01;31:*.lz=01;31:*.lzo=01;31:*.xz=01;31:*.zst=01;31:*.tzst=01;31:*.bz2=01;31:*.bz=01;31:*.tbz=01;31:*.tbz2=01;31:*.tz=01;31:*.deb=01;31:*.rpm=01;31:*.jar=01;31:*.war=01;31:*.ear=01;31:*.sar=01;31:*.rar=01;31:*.alz=01;31:*.ace=01;31:*.zoo=01;31:*.cpio=01;31:*.7z=01;31:*.rz=01;31:*.cab=01;31:*.wim=01;31:*.swm=01;31:*.dwm=01;31:*.esd=01;31:*.jpg=01;35:*.jpeg=01;35:*.mjpg=01;35:*.mjpeg=01;35:*.gif=01;35:*.bmp=01;35:*.pbm=01;35:*.pgm=01;35:*.ppm=01;35:*.tga=01;35:*.xbm=01;35:*.xpm=01;35:*.tif=01;35:*.tiff=01;35:*.png=01;35:*.svg=01;35:*.svgz=01;35:*.mng=01;35:*.pcx=01;35:*.mov=01;35:*.mpg=01;35:*.mpeg=01;35:*.m2v=01;35:*.mkv=01;35:*.webm=01;35:*.webp=01;35:*.ogm=01;35:*.mp4=01;35:*.m4v=01;35:*.mp4v=01;35:*.vob=01;35:*.qt=01;35:*.nuv=01;35:*.wmv=01;35:*.asf=01;35:*.rm=01;35:*.rmvb=01;35:*.flc=01;35:*.avi=01;35:*.fli=01;35:*.flv=01;35:*.gl=01;35:*.dl=01;35:*.xcf=01;35:*.xwd=01;35:*.yuv=01;35:*.cgm=01;35:*.emf=01;35:*.ogv=01;35:*.ogx=01;35:*.aac=00;36:*.au=00;36:*.flac=00;36:*.m4a=00;36:*.mid=00;36:*.midi=00;36:*.mka=00;36:*.mp3=00;36:*.mpc=00;36:*.ogg=00;36:*.ra=00;36:*.wav=00;36:*.oga=00;36:*.opus=00;36:*.spx=00;36:*.xspf=00;36:'), ('AMENT_PREFIX_PATH', '/opt/ros/humble'), ('CONDA_PYTHON_EXE', '/home/kim/anaconda3/bin/python'), ('SHELL', '/bin/bash'), ('LESSCLOSE', '/usr/bin/lesspipe %s %s'), ('CONDA_DEFAULT_ENV', ''), ('_CONDA_EXE', '/home/kim/anaconda3/bin/conda'), ('BASH_ENV', '/etc/bash.bashrc'), ('PWD', '/home/kim/projects/dexchef_ws/build/grasp_kitchen_interfaces'), ('CONDA_EXE', '/home/kim/anaconda3/bin/conda'), ('XDG_DATA_DIRS', '/usr/local/share:/usr/share:/var/lib/snapd/desktop'), ('PYTHONPATH', '/opt/ros/humble/lib/python3.10/site-packages:/opt/ros/humble/local/lib/python3.10/dist-packages'), ('HTTP_PROXY', 'http://127.0.0.1:7890'), ('CONDA_PREFIX', ''), ('COLCON', '1'), ('WSL2_GUI_APPS_ENABLED', '1'), ('HOSTTYPE', 'x86_64'), ('WSLENV', 'WT_SESSION:WT_PROFILE_ID:BASH_ENV/u'), ('CMAKE_PREFIX_PATH', '/opt/ros/humble')]), 'shell': False}
[0.099380] (-) TimerEvent: {}
[0.173640] (grasp_kitchen_interfaces) StdoutLine: {'line': b'-- The C compiler identification is GNU 11.4.0\n'}
[0.199666] (-) TimerEvent: {}
[0.301236] (-) TimerEvent: {}
[0.350034] (grasp_kitchen_interfaces) StdoutLine: {'line': b'-- The CXX compiler identification is GNU 11.4.0\n'}
[0.404591] (-) TimerEvent: {}
[0.433512] (grasp_kitchen_interfaces) StdoutLine: {'line': b'-- Detecting C compiler ABI info\n'}
[0.505260] (-) TimerEvent: {}
[0.506446] (grasp_kitchen_interfaces) StdoutLine: {'line': b'-- Detecting C compiler ABI info - done\n'}
[0.511260] (grasp_kitchen_interfaces) StdoutLine: {'line': b'-- Check for working C compiler: /usr/bin/cc - skipped\n'}
[0.512008] (grasp_kitchen_interfaces) StdoutLine: {'line': b'-- Detecting C compile features\n'}
[0.512583] (grasp_kitchen_interfaces) StdoutLine: {'line': b'-- Detecting C compile features - done\n'}
[0.515456] (grasp_kitchen_interfaces) StdoutLine: {'line': b'-- Detecting CXX compiler ABI info\n'}
[0.592622] (grasp_kitchen_interfaces) StdoutLine: {'line': b'-- Detecting CXX compiler ABI info - done\n'}
[0.597350] (grasp_kitchen_interfaces) StdoutLine: {'line': b'-- Check for working CXX compiler: /usr/bin/c++ - skipped\n'}
[0.597534] (grasp_kitchen_interfaces) StdoutLine: {'line': b'-- Detecting CXX compile features\n'}
[0.597805] (grasp_kitchen_interfaces) StdoutLine: {'line': b'-- Detecting CXX compile features - done\n'}
[0.605435] (grasp_kitchen_interfaces) StdoutLine: {'line': b'-- Found ament_cmake: 1.3.13 (/opt/ros/humble/share/ament_cmake/cmake)\n'}
[0.605507] (-) TimerEvent: {}
[0.704408] (grasp_kitchen_interfaces) StdoutLine: {'line': b'-- Found Python3: /usr/bin/python3 (found version "3.10.12") found components: Interpreter \n'}
[0.705674] (-) TimerEvent: {}
[0.750561] (grasp_kitchen_interfaces) StdoutLine: {'line': b'-- Override CMake install command with custom implementation using symlinks instead of copying resources\n'}
[0.777591] (grasp_kitchen_interfaces) StdoutLine: {'line': b'-- Found rosidl_default_generators: 1.2.0 (/opt/ros/humble/share/rosidl_default_generators/cmake)\n'}
[0.781343] (grasp_kitchen_interfaces) StdoutLine: {'line': b'-- Using all available rosidl_typesupport_c: rosidl_typesupport_fastrtps_c;rosidl_typesupport_introspection_c\n'}
[0.787825] (grasp_kitchen_interfaces) StdoutLine: {'line': b'-- Found rosidl_adapter: 3.1.8 (/opt/ros/humble/share/rosidl_adapter/cmake)\n'}
[0.806900] (-) TimerEvent: {}
[0.879816] (grasp_kitchen_interfaces) StdoutLine: {'line': b'-- Using all available rosidl_typesupport_cpp: rosidl_typesupport_fastrtps_cpp;rosidl_typesupport_introspection_cpp\n'}
[0.908727] (-) TimerEvent: {}
[0.911663] (grasp_kitchen_interfaces) StdoutLine: {'line': b'-- Found geometry_msgs: 4.9.1 (/opt/ros/humble/share/geometry_msgs/cmake)\n'}
[1.014995] (-) TimerEvent: {}
[1.121655] (-) TimerEvent: {}
[1.195309] (grasp_kitchen_interfaces) StdoutLine: {'line': b'-- Found ament_cmake_ros: 0.10.0 (/opt/ros/humble/share/ament_cmake_ros/cmake)\n'}
[1.223461] (-) TimerEvent: {}
[1.323871] (-) TimerEvent: {}
[1.360417] (grasp_kitchen_interfaces) StdoutLine: {'line': b'-- Using all available rosidl_typesupport_c: rosidl_typesupport_fastrtps_c;rosidl_typesupport_introspection_c\n'}
[1.428113] (-) TimerEvent: {}
[1.534825] (-) TimerEvent: {}
[1.575156] (grasp_kitchen_interfaces) StdoutLine: {'line': b'-- Using all available rosidl_typesupport_cpp: rosidl_typesupport_fastrtps_cpp;rosidl_typesupport_introspection_cpp\n'}
[1.622648] (grasp_kitchen_interfaces) StdoutLine: {'line': b'-- Found PythonInterp: /usr/bin/python3 (found suitable version "3.10.12", minimum required is "3.6") \n'}
[1.624199] (grasp_kitchen_interfaces) StdoutLine: {'line': b'-- Found python_cmake_module: 0.10.0 (/opt/ros/humble/share/python_cmake_module/cmake)\n'}
[1.635671] (-) TimerEvent: {}
[1.742249] (-) TimerEvent: {}
[1.761192] (grasp_kitchen_interfaces) StdoutLine: {'line': b'-- Found PythonLibs: /usr/lib/x86_64-linux-gnu/libpython3.10.so (found suitable version "3.10.12", minimum required is "3.5") \n'}
[1.761323] (grasp_kitchen_interfaces) StdoutLine: {'line': b'-- Using PYTHON_EXECUTABLE: /usr/bin/python3\n'}
[1.761359] (grasp_kitchen_interfaces) StdoutLine: {'line': b'-- Using PYTHON_INCLUDE_DIRS: /usr/include/python3.10\n'}
[1.761387] (grasp_kitchen_interfaces) StdoutLine: {'line': b'-- Using PYTHON_LIBRARIES: /usr/lib/x86_64-linux-gnu/libpython3.10.so\n'}
[1.774716] (grasp_kitchen_interfaces) StdoutLine: {'line': b'-- Found PythonExtra: .so  \n'}
[1.836451] (grasp_kitchen_interfaces) StdoutLine: {'line': b'-- Configuring done\n'}
[1.842389] (-) TimerEvent: {}
[1.873478] (grasp_kitchen_interfaces) StdoutLine: {'line': b'-- Generating done\n'}
[1.881546] (grasp_kitchen_interfaces) StdoutLine: {'line': b'-- Build files have been written to: /home/kim/projects/dexchef_ws/build/grasp_kitchen_interfaces\n'}
[1.887142] (grasp_kitchen_interfaces) CommandEnded: {'returncode': 0}
[1.887538] (grasp_kitchen_interfaces) JobProgress: {'identifier': 'grasp_kitchen_interfaces', 'progress': 'build'}
[1.888633] (grasp_kitchen_interfaces) Command: {'cmd': ['/usr/bin/cmake', '--build', '/home/kim/projects/dexchef_ws/build/grasp_kitchen_interfaces', '--', '-j16', '-l16'], 'cwd': '/home/kim/projects/dexchef_ws/build/grasp_kitchen_interfaces', 'env': OrderedDict([('LESSOPEN', '| /usr/bin/lesspipe %s'), ('CONDA_PROMPT_MODIFIER', ''), ('HTTPS_PROXY', 'http://127.0.0.1:7890'), ('no_proxy', '192.168.*,172.31.*,172.30.*,172.29.*,172.28.*,172.27.*,172.26.*,172.25.*,172.24.*,172.23.*,172.22.*,172.21.*,172.20.*,172.19.*,172.18.*,172.17.*,172.16.*,10.*,127.*,localhost,<local>'), ('USER', 'kim'), ('SHLVL', '1'), ('LD_LIBRARY_PATH', '/opt/ros/humble/opt/rviz_ogre_vendor/lib:/opt/ros/humble/lib/x86_64-linux-gnu:/opt/ros/humble/lib'), ('WT_PROFILE_ID', '{4ff56d04-d9cf-57ea-bae2-ad396374e7e3}'), ('MOTD_SHOWN', 'update-motd'), ('HOME', '/home/kim'), ('CONDA_SHLVL', '0'), ('OLDPWD', '/home/kim/projects/dexchef_ws/src'), ('NO_PROXY', '192.168.*,172.31.*,172.30.*,172.29.*,172.28.*,172.27.*,172.26.*,172.25.*,172.24.*,172.23.*,172.22.*,172.21.*,172.20.*,172.19.*,172.18.*,172.17.*,172.16.*,10.*,127.*,localhost,<local>'), ('ROS_PYTHON_VERSION', '3'), ('DBUS_SESSION_BUS_ADDRESS', 'unix:path=/run/user/1000/bus'), ('_CE_M', ''), ('WSL_DISTRO_NAME', 'Ubuntu-22.04'), ('_CONDA_ROOT', '/home/kim/anaconda3'), ('WAYLAND_DISPLAY', 'wayland-0'), ('https_proxy', 'http://127.0.0.1:7890'), ('ROS_DISTRO', 'humble'), ('LOGNAME', 'kim'), ('NAME', 'LINKERBOT-HJK'), ('WSL_INTEROP', '/run/WSL/339_interop'), ('http_proxy', 'http://127.0.0.1:7890'), ('PULSE_SERVER', 'unix:/mnt/wslg/PulseServer'), ('_', '/usr/bin/colcon'), ('ROS_VERSION', '2'), ('TERM', 'xterm-256color'), ('_CE_CONDA', ''), ('ROS_LOCALHOST_ONLY', '0'), ('PATH', '/home/kim/anaconda3/condabin:/opt/ros/humble/bin:/usr/local/sbin:/usr/local/bin:/usr/sbin:/usr/bin:/sbin:/bin:/usr/games:/usr/local/games:/usr/lib/wsl/lib:/mnt/c/Windows/system32:/mnt/c/Windows:/mnt/c/Windows/System32/Wbem:/mnt/c/Windows/System32/WindowsPowerShell/v1.0:/mnt/c/Windows/System32/OpenSSH:/mnt/c/Users/Junkai Huang/.local/bin:/mnt/c/Users/Junkai Huang/AppData/Local/Microsoft/WindowsApps:/mnt/c/vscode/Microsoft VS Code/bin:/snap/bin'), ('WT_SESSION', '903b231b-6717-444e-8b78-a8ba407431e1'), ('XDG_RUNTIME_DIR', '/run/user/1000/'), ('DISPLAY', ':0'), ('LANG', 'en_US.UTF-8'), ('LS_COLORS', 'rs=0:di=01;34:ln=01;36:mh=00:pi=40;33:so=01;35:do=01;35:bd=40;33;01:cd=40;33;01:or=40;31;01:mi=00:su=37;41:sg=30;43:ca=30;41:tw=30;42:ow=34;42:st=37;44:ex=01;32:*.tar=01;31:*.tgz=01;31:*.arc=01;31:*.arj=01;31:*.taz=01;31:*.lha=01;31:*.lz4=01;31:*.lzh=01;31:*.lzma=01;31:*.tlz=01;31:*.txz=01;31:*.tzo=01;31:*.t7z=01;31:*.zip=01;31:*.z=01;31:*.dz=01;31:*.gz=01;31:*.lrz=01;31:*.lz=01;31:*.lzo=01;31:*.xz=01;31:*.zst=01;31:*.tzst=01;31:*.bz2=01;31:*.bz=01;31:*.tbz=01;31:*.tbz2=01;31:*.tz=01;31:*.deb=01;31:*.rpm=01;31:*.jar=01;31:*.war=01;31:*.ear=01;31:*.sar=01;31:*.rar=01;31:*.alz=01;31:*.ace=01;31:*.zoo=01;31:*.cpio=01;31:*.7z=01;31:*.rz=01;31:*.cab=01;31:*.wim=01;31:*.swm=01;31:*.dwm=01;31:*.esd=01;31:*.jpg=01;35:*.jpeg=01;35:*.mjpg=01;35:*.mjpeg=01;35:*.gif=01;35:*.bmp=01;35:*.pbm=01;35:*.pgm=01;35:*.ppm=01;35:*.tga=01;35:*.xbm=01;35:*.xpm=01;35:*.tif=01;35:*.tiff=01;35:*.png=01;35:*.svg=01;35:*.svgz=01;35:*.mng=01;35:*.pcx=01;35:*.mov=01;35:*.mpg=01;35:*.mpeg=01;35:*.m2v=01;35:*.mkv=01;35:*.webm=01;35:*.webp=01;35:*.ogm=01;35:*.mp4=01;35:*.m4v=01;35:*.mp4v=01;35:*.vob=01;35:*.qt=01;35:*.nuv=01;35:*.wmv=01;35:*.asf=01;35:*.rm=01;35:*.rmvb=01;35:*.flc=01;35:*.avi=01;35:*.fli=01;35:*.flv=01;35:*.gl=01;35:*.dl=01;35:*.xcf=01;35:*.xwd=01;35:*.yuv=01;35:*.cgm=01;35:*.emf=01;35:*.ogv=01;35:*.ogx=01;35:*.aac=00;36:*.au=00;36:*.flac=00;36:*.m4a=00;36:*.mid=00;36:*.midi=00;36:*.mka=00;36:*.mp3=00;36:*.mpc=00;36:*.ogg=00;36:*.ra=00;36:*.wav=00;36:*.oga=00;36:*.opus=00;36:*.spx=00;36:*.xspf=00;36:'), ('AMENT_PREFIX_PATH', '/opt/ros/humble'), ('CONDA_PYTHON_EXE', '/home/kim/anaconda3/bin/python'), ('SHELL', '/bin/bash'), ('LESSCLOSE', '/usr/bin/lesspipe %s %s'), ('CONDA_DEFAULT_ENV', ''), ('_CONDA_EXE', '/home/kim/anaconda3/bin/conda'), ('BASH_ENV', '/etc/bash.bashrc'), ('PWD', '/home/kim/projects/dexchef_ws/build/grasp_kitchen_interfaces'), ('CONDA_EXE', '/home/kim/anaconda3/bin/conda'), ('XDG_DATA_DIRS', '/usr/local/share:/usr/share:/var/lib/snapd/desktop'), ('PYTHONPATH', '/opt/ros/humble/lib/python3.10/site-packages:/opt/ros/humble/local/lib/python3.10/dist-packages'), ('HTTP_PROXY', 'http://127.0.0.1:7890'), ('CONDA_PREFIX', ''), ('COLCON', '1'), ('WSL2_GUI_APPS_ENABLED', '1'), ('HOSTTYPE', 'x86_64'), ('WSLENV', 'WT_SESSION:WT_PROFILE_ID:BASH_ENV/u'), ('CMAKE_PREFIX_PATH', '/opt/ros/humble')]), 'shell': False}
[1.913502] (grasp_kitchen_interfaces) StdoutLine: {'line': b'[  1%] \x1b[34m\x1b[1mGenerating C code for ROS interfaces\x1b[0m\n'}
[1.920577] (grasp_kitchen_interfaces) StdoutLine: {'line': b'[  2%] \x1b[34m\x1b[1mGenerating C++ code for ROS interfaces\x1b[0m\n'}
[1.924459] (grasp_kitchen_interfaces) StdoutLine: {'line': b'[  2%] Built target ament_cmake_python_symlink_grasp_kitchen_interfaces\n'}
[1.942589] (-) TimerEvent: {}
[2.043164] (-) TimerEvent: {}
[2.069820] (grasp_kitchen_interfaces) StdoutLine: {'line': b'running egg_info\n'}
[2.070267] (grasp_kitchen_interfaces) StdoutLine: {'line': b'creating grasp_kitchen_interfaces.egg-info\n'}
[2.070477] (grasp_kitchen_interfaces) StdoutLine: {'line': b'writing grasp_kitchen_interfaces.egg-info/PKG-INFO\n'}
[2.070594] (grasp_kitchen_interfaces) StdoutLine: {'line': b'writing dependency_links to grasp_kitchen_interfaces.egg-info/dependency_links.txt\n'}
[2.070702] (grasp_kitchen_interfaces) StdoutLine: {'line': b'writing top-level names to grasp_kitchen_interfaces.egg-info/top_level.txt\n'}
[2.070826] (grasp_kitchen_interfaces) StdoutLine: {'line': b"writing manifest file 'grasp_kitchen_interfaces.egg-info/SOURCES.txt'\n"}
[2.072694] (grasp_kitchen_interfaces) StdoutLine: {'line': b"reading manifest file 'grasp_kitchen_interfaces.egg-info/SOURCES.txt'\n"}
[2.072978] (grasp_kitchen_interfaces) StdoutLine: {'line': b"writing manifest file 'grasp_kitchen_interfaces.egg-info/SOURCES.txt'\n"}
[2.089933] (grasp_kitchen_interfaces) StdoutLine: {'line': b'[  2%] Built target ament_cmake_python_build_grasp_kitchen_interfaces_egg\n'}
[2.143621] (-) TimerEvent: {}
[2.244301] (-) TimerEvent: {}
[2.345102] (-) TimerEvent: {}
[2.445619] (-) TimerEvent: {}
[2.539607] (grasp_kitchen_interfaces) StdoutLine: {'line': b'[  2%] Built target grasp_kitchen_interfaces__cpp\n'}
[2.540265] (grasp_kitchen_interfaces) StdoutLine: {'line': b'[  3%] \x1b[32mBuilding C object CMakeFiles/grasp_kitchen_interfaces__rosidl_generator_c.dir/rosidl_generator_c/grasp_kitchen_interfaces/msg/detail/object_detection__functions.c.o\x1b[0m\n'}
[2.541680] (grasp_kitchen_interfaces) StdoutLine: {'line': b'[  5%] \x1b[32mBuilding C object CMakeFiles/grasp_kitchen_interfaces__rosidl_generator_c.dir/rosidl_generator_c/grasp_kitchen_interfaces/msg/detail/scene_perception__functions.c.o\x1b[0m\n'}
[2.541849] (grasp_kitchen_interfaces) StdoutLine: {'line': b'[  6%] \x1b[32mBuilding C object CMakeFiles/grasp_kitchen_interfaces__rosidl_generator_c.dir/rosidl_generator_c/grasp_kitchen_interfaces/srv/detail/set_io__functions.c.o\x1b[0m\n'}
[2.542381] (grasp_kitchen_interfaces) StdoutLine: {'line': b'[  7%] \x1b[32mBuilding C object CMakeFiles/grasp_kitchen_interfaces__rosidl_generator_c.dir/rosidl_generator_c/grasp_kitchen_interfaces/msg/detail/task_target__functions.c.o\x1b[0m\n'}
[2.543062] (grasp_kitchen_interfaces) StdoutLine: {'line': b'[  8%] \x1b[32mBuilding C object CMakeFiles/grasp_kitchen_interfaces__rosidl_generator_c.dir/rosidl_generator_c/grasp_kitchen_interfaces/srv/detail/start_task__functions.c.o\x1b[0m\n'}
[2.543604] (grasp_kitchen_interfaces) StdoutLine: {'line': b'[ 10%] \x1b[32mBuilding C object CMakeFiles/grasp_kitchen_interfaces__rosidl_generator_c.dir/rosidl_generator_c/grasp_kitchen_interfaces/action/detail/follow_cartesian_trajectory__functions.c.o\x1b[0m\n'}
[2.544087] (grasp_kitchen_interfaces) StdoutLine: {'line': b'[ 11%] \x1b[32mBuilding C object CMakeFiles/grasp_kitchen_interfaces__rosidl_generator_c.dir/rosidl_generator_c/grasp_kitchen_interfaces/action/detail/execute_task__functions.c.o\x1b[0m\n'}
[2.545739] (-) TimerEvent: {}
[2.549666] (grasp_kitchen_interfaces) StdoutLine: {'line': b'[ 13%] \x1b[34m\x1b[1mGenerating C++ type support dispatch for ROS interfaces\x1b[0m\n'}
[2.549903] (grasp_kitchen_interfaces) StdoutLine: {'line': b'[ 12%] \x1b[34m\x1b[1mGenerating C++ introspection for ROS interfaces\x1b[0m\n'}
[2.553516] (grasp_kitchen_interfaces) StdoutLine: {'line': b'[ 15%] \x1b[34m\x1b[1mGenerating C++ type support for eProsima Fast-RTPS\x1b[0m\n'}
[2.645982] (-) TimerEvent: {}
[2.668840] (grasp_kitchen_interfaces) StdoutLine: {'line': b'[ 16%] \x1b[32m\x1b[1mLinking C shared library libgrasp_kitchen_interfaces__rosidl_generator_c.so\x1b[0m\n'}
[2.746130] (-) TimerEvent: {}
[2.752262] (grasp_kitchen_interfaces) StdoutLine: {'line': b'[ 16%] Built target grasp_kitchen_interfaces__rosidl_generator_c\n'}
[2.759271] (grasp_kitchen_interfaces) StdoutLine: {'line': b'[ 17%] \x1b[34m\x1b[1mGenerating C type support for eProsima Fast-RTPS\x1b[0m\n'}
[2.759607] (grasp_kitchen_interfaces) StdoutLine: {'line': b'[ 18%] \x1b[34m\x1b[1mGenerating C introspection for ROS interfaces\x1b[0m\n'}
[2.759680] (grasp_kitchen_interfaces) StdoutLine: {'line': b'[ 20%] \x1b[34m\x1b[1mGenerating C type support dispatch for ROS interfaces\x1b[0m\n'}
[2.846419] (-) TimerEvent: {}
[2.946952] (-) TimerEvent: {}
[3.015012] (grasp_kitchen_interfaces) StdoutLine: {'line': b'[ 21%] \x1b[32mBuilding CXX object CMakeFiles/grasp_kitchen_interfaces__rosidl_typesupport_cpp.dir/rosidl_typesupport_cpp/grasp_kitchen_interfaces/msg/object_detection__type_support.cpp.o\x1b[0m\n'}
[3.015459] (grasp_kitchen_interfaces) StdoutLine: {'line': b'[ 22%] \x1b[32mBuilding CXX object CMakeFiles/grasp_kitchen_interfaces__rosidl_typesupport_cpp.dir/rosidl_typesupport_cpp/grasp_kitchen_interfaces/action/execute_task__type_support.cpp.o\x1b[0m\n'}
[3.015749] (grasp_kitchen_interfaces) StdoutLine: {'line': b'[ 24%] \x1b[32mBuilding CXX object CMakeFiles/grasp_kitchen_interfaces__rosidl_typesupport_cpp.dir/rosidl_typesupport_cpp/grasp_kitchen_interfaces/srv/start_task__type_support.cpp.o\x1b[0m\n'}
[3.016602] (grasp_kitchen_interfaces) StdoutLine: {'line': b'[ 25%] \x1b[32mBuilding CXX object CMakeFiles/grasp_kitchen_interfaces__rosidl_typesupport_cpp.dir/rosidl_typesupport_cpp/grasp_kitchen_interfaces/msg/scene_perception__type_support.cpp.o\x1b[0m\n'}
[3.018566] (grasp_kitchen_interfaces) StdoutLine: {'line': b'[ 26%] \x1b[32mBuilding CXX object CMakeFiles/grasp_kitchen_interfaces__rosidl_typesupport_cpp.dir/rosidl_typesupport_cpp/grasp_kitchen_interfaces/action/follow_cartesian_trajectory__type_support.cpp.o\x1b[0m\n'}
[3.018899] (grasp_kitchen_interfaces) StdoutLine: {'line': b'[ 29%] \x1b[32mBuilding CXX object CMakeFiles/grasp_kitchen_interfaces__rosidl_typesupport_cpp.dir/rosidl_typesupport_cpp/grasp_kitchen_interfaces/msg/task_target__type_support.cpp.o\x1b[0m\n'}
[3.019028] (grasp_kitchen_interfaces) StdoutLine: {'line': b'[ 29%] \x1b[32mBuilding CXX object CMakeFiles/grasp_kitchen_interfaces__rosidl_typesupport_cpp.dir/rosidl_typesupport_cpp/grasp_kitchen_interfaces/srv/set_io__type_support.cpp.o\x1b[0m\n'}
[3.047321] (-) TimerEvent: {}
[3.099556] (grasp_kitchen_interfaces) StdoutLine: {'line': b'[ 30%] \x1b[32mBuilding CXX object CMakeFiles/grasp_kitchen_interfaces__rosidl_typesupport_introspection_cpp.dir/rosidl_typesupport_introspection_cpp/grasp_kitchen_interfaces/msg/detail/object_detection__type_support.cpp.o\x1b[0m\n'}
[3.100634] (grasp_kitchen_interfaces) StdoutLine: {'line': b'[ 32%] \x1b[32mBuilding CXX object CMakeFiles/grasp_kitchen_interfaces__rosidl_typesupport_introspection_cpp.dir/rosidl_typesupport_introspection_cpp/grasp_kitchen_interfaces/msg/detail/scene_perception__type_support.cpp.o\x1b[0m\n'}
[3.100805] (grasp_kitchen_interfaces) StdoutLine: {'line': b'[ 32%] \x1b[32mBuilding CXX object CMakeFiles/grasp_kitchen_interfaces__rosidl_typesupport_introspection_cpp.dir/rosidl_typesupport_introspection_cpp/grasp_kitchen_interfaces/msg/detail/task_target__type_support.cpp.o\x1b[0m\n'}
[3.100890] (grasp_kitchen_interfaces) StdoutLine: {'line': b'[ 34%] \x1b[32mBuilding CXX object CMakeFiles/grasp_kitchen_interfaces__rosidl_typesupport_introspection_cpp.dir/rosidl_typesupport_introspection_cpp/grasp_kitchen_interfaces/srv/detail/set_io__type_support.cpp.o\x1b[0m\n'}
[3.101010] (grasp_kitchen_interfaces) StdoutLine: {'line': b'[ 35%] \x1b[32mBuilding CXX object CMakeFiles/grasp_kitchen_interfaces__rosidl_typesupport_introspection_cpp.dir/rosidl_typesupport_introspection_cpp/grasp_kitchen_interfaces/srv/detail/start_task__type_support.cpp.o\x1b[0m\n'}
[3.148187] (-) TimerEvent: {}
[3.249408] (-) TimerEvent: {}
[3.349794] (-) TimerEvent: {}
[3.441517] (grasp_kitchen_interfaces) StdoutLine: {'line': b'[ 36%] \x1b[32mBuilding CXX object CMakeFiles/grasp_kitchen_interfaces__rosidl_typesupport_c.dir/rosidl_typesupport_c/grasp_kitchen_interfaces/msg/object_detection__type_support.cpp.o\x1b[0m\n'}
[3.449945] (-) TimerEvent: {}
[3.504199] (grasp_kitchen_interfaces) StdoutLine: {'line': b'[ 37%] \x1b[32mBuilding CXX object CMakeFiles/grasp_kitchen_interfaces__rosidl_typesupport_c.dir/rosidl_typesupport_c/grasp_kitchen_interfaces/msg/scene_perception__type_support.cpp.o\x1b[0m\n'}
[3.506607] (grasp_kitchen_interfaces) StdoutLine: {'line': b'[ 39%] \x1b[32mBuilding CXX object CMakeFiles/grasp_kitchen_interfaces__rosidl_typesupport_introspection_cpp.dir/rosidl_typesupport_introspection_cpp/grasp_kitchen_interfaces/action/detail/execute_task__type_support.cpp.o\x1b[0m\n'}
[3.507018] (grasp_kitchen_interfaces) StdoutLine: {'line': b'[ 40%] \x1b[32mBuilding CXX object CMakeFiles/grasp_kitchen_interfaces__rosidl_typesupport_introspection_cpp.dir/rosidl_typesupport_introspection_cpp/grasp_kitchen_interfaces/action/detail/follow_cartesian_trajectory__type_support.cpp.o\x1b[0m\n'}
[3.509878] (grasp_kitchen_interfaces) StdoutLine: {'line': b'[ 41%] \x1b[32mBuilding CXX object CMakeFiles/grasp_kitchen_interfaces__rosidl_typesupport_c.dir/rosidl_typesupport_c/grasp_kitchen_interfaces/msg/task_target__type_support.cpp.o\x1b[0m\n'}
[3.527262] (grasp_kitchen_interfaces) StdoutLine: {'line': b'[ 43%] \x1b[32mBuilding CXX object CMakeFiles/grasp_kitchen_interfaces__rosidl_typesupport_fastrtps_cpp.dir/rosidl_typesupport_fastrtps_cpp/grasp_kitchen_interfaces/msg/detail/dds_fastrtps/object_detection__type_support.cpp.o\x1b[0m\n'}
[3.535823] (grasp_kitchen_interfaces) StdoutLine: {'line': b'[ 44%] \x1b[32mBuilding CXX object CMakeFiles/grasp_kitchen_interfaces__rosidl_typesupport_c.dir/rosidl_typesupport_c/grasp_kitchen_interfaces/srv/set_io__type_support.cpp.o\x1b[0m\n'}
[3.542542] (grasp_kitchen_interfaces) StdoutLine: {'line': b'[ 45%] \x1b[32mBuilding CXX object CMakeFiles/grasp_kitchen_interfaces__rosidl_typesupport_c.dir/rosidl_typesupport_c/grasp_kitchen_interfaces/srv/start_task__type_support.cpp.o\x1b[0m\n'}
[3.550120] (-) TimerEvent: {}
[3.554848] (grasp_kitchen_interfaces) StdoutLine: {'line': b'[ 46%] \x1b[32mBuilding CXX object CMakeFiles/grasp_kitchen_interfaces__rosidl_typesupport_fastrtps_cpp.dir/rosidl_typesupport_fastrtps_cpp/grasp_kitchen_interfaces/msg/detail/dds_fastrtps/scene_perception__type_support.cpp.o\x1b[0m\n'}
[3.576036] (grasp_kitchen_interfaces) StdoutLine: {'line': b'[ 48%] \x1b[32mBuilding CXX object CMakeFiles/grasp_kitchen_interfaces__rosidl_typesupport_c.dir/rosidl_typesupport_c/grasp_kitchen_interfaces/action/execute_task__type_support.cpp.o\x1b[0m\n'}
[3.586373] (grasp_kitchen_interfaces) StdoutLine: {'line': b'[ 49%] \x1b[32mBuilding CXX object CMakeFiles/grasp_kitchen_interfaces__rosidl_typesupport_c.dir/rosidl_typesupport_c/grasp_kitchen_interfaces/action/follow_cartesian_trajectory__type_support.cpp.o\x1b[0m\n'}
[3.611717] (grasp_kitchen_interfaces) StdoutLine: {'line': b'[ 50%] \x1b[32mBuilding CXX object CMakeFiles/grasp_kitchen_interfaces__rosidl_typesupport_fastrtps_cpp.dir/rosidl_typesupport_fastrtps_cpp/grasp_kitchen_interfaces/msg/detail/dds_fastrtps/task_target__type_support.cpp.o\x1b[0m\n'}
[3.650333] (-) TimerEvent: {}
[3.685227] (grasp_kitchen_interfaces) StdoutLine: {'line': b'[ 51%] \x1b[32mBuilding CXX object CMakeFiles/grasp_kitchen_interfaces__rosidl_typesupport_fastrtps_cpp.dir/rosidl_typesupport_fastrtps_cpp/grasp_kitchen_interfaces/srv/detail/dds_fastrtps/set_io__type_support.cpp.o\x1b[0m\n'}
[3.695902] (grasp_kitchen_interfaces) StdoutLine: {'line': b'[ 53%] \x1b[32m\x1b[1mLinking CXX shared library libgrasp_kitchen_interfaces__rosidl_typesupport_c.so\x1b[0m\n'}
[3.721400] (grasp_kitchen_interfaces) StdoutLine: {'line': b'[ 54%] \x1b[32mBuilding CXX object CMakeFiles/grasp_kitchen_interfaces__rosidl_typesupport_fastrtps_cpp.dir/rosidl_typesupport_fastrtps_cpp/grasp_kitchen_interfaces/srv/detail/dds_fastrtps/start_task__type_support.cpp.o\x1b[0m\n'}
[3.728888] (grasp_kitchen_interfaces) StdoutLine: {'line': b'[ 55%] \x1b[32mBuilding CXX object CMakeFiles/grasp_kitchen_interfaces__rosidl_typesupport_fastrtps_cpp.dir/rosidl_typesupport_fastrtps_cpp/grasp_kitchen_interfaces/action/detail/dds_fastrtps/execute_task__type_support.cpp.o\x1b[0m\n'}
[3.729440] (grasp_kitchen_interfaces) StdoutLine: {'line': b'[ 56%] \x1b[32mBuilding CXX object CMakeFiles/grasp_kitchen_interfaces__rosidl_typesupport_fastrtps_cpp.dir/rosidl_typesupport_fastrtps_cpp/grasp_kitchen_interfaces/action/detail/dds_fastrtps/follow_cartesian_trajectory__type_support.cpp.o\x1b[0m\n'}
[3.757527] (-) TimerEvent: {}
[3.827522] (grasp_kitchen_interfaces) StdoutLine: {'line': b'[ 58%] \x1b[32m\x1b[1mLinking CXX shared library libgrasp_kitchen_interfaces__rosidl_typesupport_cpp.so\x1b[0m\n'}
[3.840966] (grasp_kitchen_interfaces) StdoutLine: {'line': b'[ 58%] Built target grasp_kitchen_interfaces__rosidl_typesupport_c\n'}
[3.848392] (grasp_kitchen_interfaces) StdoutLine: {'line': b'[ 59%] \x1b[32mBuilding C object CMakeFiles/grasp_kitchen_interfaces__rosidl_typesupport_introspection_c.dir/rosidl_typesupport_introspection_c/grasp_kitchen_interfaces/msg/detail/object_detection__type_support.c.o\x1b[0m\n'}
[3.856715] (grasp_kitchen_interfaces) StdoutLine: {'line': b'[ 60%] \x1b[32mBuilding C object CMakeFiles/grasp_kitchen_interfaces__rosidl_typesupport_introspection_c.dir/rosidl_typesupport_introspection_c/grasp_kitchen_interfaces/msg/detail/scene_perception__type_support.c.o\x1b[0m\n'}
[3.857659] (-) TimerEvent: {}
[3.862232] (grasp_kitchen_interfaces) StdoutLine: {'line': b'[ 62%] \x1b[32mBuilding C object CMakeFiles/grasp_kitchen_interfaces__rosidl_typesupport_introspection_c.dir/rosidl_typesupport_introspection_c/grasp_kitchen_interfaces/msg/detail/task_target__type_support.c.o\x1b[0m\n'}
[3.894269] (grasp_kitchen_interfaces) StdoutLine: {'line': b'[ 63%] \x1b[32mBuilding C object CMakeFiles/grasp_kitchen_interfaces__rosidl_typesupport_introspection_c.dir/rosidl_typesupport_introspection_c/grasp_kitchen_interfaces/srv/detail/start_task__type_support.c.o\x1b[0m\n'}
[3.894627] (grasp_kitchen_interfaces) StdoutLine: {'line': b'[ 64%] \x1b[32mBuilding C object CMakeFiles/grasp_kitchen_interfaces__rosidl_typesupport_introspection_c.dir/rosidl_typesupport_introspection_c/grasp_kitchen_interfaces/srv/detail/set_io__type_support.c.o\x1b[0m\n'}
[3.920747] (grasp_kitchen_interfaces) StdoutLine: {'line': b'[ 65%] \x1b[32mBuilding C object CMakeFiles/grasp_kitchen_interfaces__rosidl_typesupport_introspection_c.dir/rosidl_typesupport_introspection_c/grasp_kitchen_interfaces/action/detail/follow_cartesian_trajectory__type_support.c.o\x1b[0m\n'}
[3.921066] (grasp_kitchen_interfaces) StdoutLine: {'line': b'[ 67%] \x1b[32mBuilding C object CMakeFiles/grasp_kitchen_interfaces__rosidl_typesupport_introspection_c.dir/rosidl_typesupport_introspection_c/grasp_kitchen_interfaces/action/detail/execute_task__type_support.c.o\x1b[0m\n'}
[3.936029] (grasp_kitchen_interfaces) StdoutLine: {'line': b'[ 68%] \x1b[32mBuilding CXX object CMakeFiles/grasp_kitchen_interfaces__rosidl_typesupport_fastrtps_c.dir/rosidl_typesupport_fastrtps_c/grasp_kitchen_interfaces/msg/detail/object_detection__type_support_c.cpp.o\x1b[0m\n'}
[3.938279] (grasp_kitchen_interfaces) StdoutLine: {'line': b'[ 69%] \x1b[32mBuilding CXX object CMakeFiles/grasp_kitchen_interfaces__rosidl_typesupport_fastrtps_c.dir/rosidl_typesupport_fastrtps_c/grasp_kitchen_interfaces/msg/detail/scene_perception__type_support_c.cpp.o\x1b[0m\n'}
[3.961523] (grasp_kitchen_interfaces) StdoutLine: {'line': b'[ 72%] \x1b[32mBuilding CXX object CMakeFiles/grasp_kitchen_interfaces__rosidl_typesupport_fastrtps_c.dir/rosidl_typesupport_fastrtps_c/grasp_kitchen_interfaces/msg/detail/task_target__type_support_c.cpp.o\x1b[0m\n'}
[3.961856] (-) TimerEvent: {}
[3.962104] (grasp_kitchen_interfaces) StdoutLine: {'line': b'[ 72%] \x1b[32mBuilding CXX object CMakeFiles/grasp_kitchen_interfaces__rosidl_typesupport_fastrtps_c.dir/rosidl_typesupport_fastrtps_c/grasp_kitchen_interfaces/srv/detail/set_io__type_support_c.cpp.o\x1b[0m\n'}
[3.967261] (grasp_kitchen_interfaces) StdoutLine: {'line': b'[ 72%] Built target grasp_kitchen_interfaces__rosidl_typesupport_cpp\n'}
[3.983967] (grasp_kitchen_interfaces) StdoutLine: {'line': b'[ 73%] \x1b[32mBuilding CXX object CMakeFiles/grasp_kitchen_interfaces__rosidl_typesupport_fastrtps_c.dir/rosidl_typesupport_fastrtps_c/grasp_kitchen_interfaces/srv/detail/start_task__type_support_c.cpp.o\x1b[0m\n'}
[3.999119] (grasp_kitchen_interfaces) StdoutLine: {'line': b'[ 75%] \x1b[32mBuilding CXX object CMakeFiles/grasp_kitchen_interfaces__rosidl_typesupport_fastrtps_c.dir/rosidl_typesupport_fastrtps_c/grasp_kitchen_interfaces/action/detail/execute_task__type_support_c.cpp.o\x1b[0m\n'}
[3.999405] (grasp_kitchen_interfaces) StdoutLine: {'line': b'[ 75%] \x1b[32m\x1b[1mLinking C shared library libgrasp_kitchen_interfaces__rosidl_typesupport_introspection_c.so\x1b[0m\n'}
[4.062105] (-) TimerEvent: {}
[4.145787] (grasp_kitchen_interfaces) StdoutLine: {'line': b'[ 75%] Built target grasp_kitchen_interfaces__rosidl_typesupport_introspection_c\n'}
[4.157062] (grasp_kitchen_interfaces) StdoutLine: {'line': b'[ 77%] \x1b[32mBuilding CXX object CMakeFiles/grasp_kitchen_interfaces__rosidl_typesupport_fastrtps_c.dir/rosidl_typesupport_fastrtps_c/grasp_kitchen_interfaces/action/detail/follow_cartesian_trajectory__type_support_c.cpp.o\x1b[0m\n'}
[4.162293] (-) TimerEvent: {}
[4.263111] (-) TimerEvent: {}
[4.364123] (-) TimerEvent: {}
[4.465464] (-) TimerEvent: {}
[4.555284] (grasp_kitchen_interfaces) StdoutLine: {'line': b'[ 78%] \x1b[32m\x1b[1mLinking CXX shared library libgrasp_kitchen_interfaces__rosidl_typesupport_introspection_cpp.so\x1b[0m\n'}
[4.565583] (-) TimerEvent: {}
[4.609618] (grasp_kitchen_interfaces) StdoutLine: {'line': b'[ 79%] \x1b[32m\x1b[1mLinking CXX shared library libgrasp_kitchen_interfaces__rosidl_typesupport_fastrtps_cpp.so\x1b[0m\n'}
[4.618446] (grasp_kitchen_interfaces) StdoutLine: {'line': b'[ 81%] \x1b[32m\x1b[1mLinking CXX shared library libgrasp_kitchen_interfaces__rosidl_typesupport_fastrtps_c.so\x1b[0m\n'}
[4.664983] (grasp_kitchen_interfaces) StdoutLine: {'line': b'[ 81%] Built target grasp_kitchen_interfaces__rosidl_typesupport_introspection_cpp\n'}
[4.665675] (-) TimerEvent: {}
[4.729062] (grasp_kitchen_interfaces) StdoutLine: {'line': b'[ 81%] Built target grasp_kitchen_interfaces__rosidl_typesupport_fastrtps_c\n'}
[4.729345] (grasp_kitchen_interfaces) StdoutLine: {'line': b'[ 81%] Built target grasp_kitchen_interfaces__rosidl_typesupport_fastrtps_cpp\n'}
[4.742742] (grasp_kitchen_interfaces) StdoutLine: {'line': b'[ 81%] Built target grasp_kitchen_interfaces\n'}
[4.755686] (grasp_kitchen_interfaces) StdoutLine: {'line': b'[ 82%] \x1b[34m\x1b[1mGenerating Python code for ROS interfaces\x1b[0m\n'}
[4.765777] (-) TimerEvent: {}
[4.871485] (-) TimerEvent: {}
[4.978142] (-) TimerEvent: {}
[5.084896] (-) TimerEvent: {}
[5.191618] (-) TimerEvent: {}
[5.298217] (-) TimerEvent: {}
[5.404973] (-) TimerEvent: {}
[5.511703] (-) TimerEvent: {}
[5.618342] (-) TimerEvent: {}
[5.725073] (-) TimerEvent: {}
[5.825682] (-) TimerEvent: {}
[5.841001] (grasp_kitchen_interfaces) StdoutLine: {'line': b'[ 82%] Built target grasp_kitchen_interfaces__py\n'}
[5.856869] (grasp_kitchen_interfaces) StdoutLine: {'line': b'[ 83%] \x1b[32mBuilding C object CMakeFiles/grasp_kitchen_interfaces__rosidl_generator_py.dir/rosidl_generator_py/grasp_kitchen_interfaces/msg/_object_detection_s.c.o\x1b[0m\n'}
[5.857270] (grasp_kitchen_interfaces) StdoutLine: {'line': b'[ 84%] \x1b[32mBuilding C object CMakeFiles/grasp_kitchen_interfaces__rosidl_generator_py.dir/rosidl_generator_py/grasp_kitchen_interfaces/msg/_scene_perception_s.c.o\x1b[0m\n'}
[5.858137] (grasp_kitchen_interfaces) StdoutLine: {'line': b'[ 86%] \x1b[32mBuilding C object CMakeFiles/grasp_kitchen_interfaces__rosidl_generator_py.dir/rosidl_generator_py/grasp_kitchen_interfaces/srv/_start_task_s.c.o\x1b[0m\n'}
[5.859473] (grasp_kitchen_interfaces) StdoutLine: {'line': b'[ 87%] \x1b[32mBuilding C object CMakeFiles/grasp_kitchen_interfaces__rosidl_generator_py.dir/rosidl_generator_py/grasp_kitchen_interfaces/srv/_set_io_s.c.o\x1b[0m\n'}
[5.859899] (grasp_kitchen_interfaces) StdoutLine: {'line': b'[ 88%] \x1b[32mBuilding C object CMakeFiles/grasp_kitchen_interfaces__rosidl_generator_py.dir/rosidl_generator_py/grasp_kitchen_interfaces/action/_execute_task_s.c.o\x1b[0m\n'}
[5.861305] (grasp_kitchen_interfaces) StdoutLine: {'line': b'[ 89%] \x1b[32mBuilding C object CMakeFiles/grasp_kitchen_interfaces__rosidl_generator_py.dir/rosidl_generator_py/grasp_kitchen_interfaces/msg/_task_target_s.c.o\x1b[0m\n'}
[5.861632] (grasp_kitchen_interfaces) StdoutLine: {'line': b'[ 91%] \x1b[32mBuilding C object CMakeFiles/grasp_kitchen_interfaces__rosidl_generator_py.dir/rosidl_generator_py/grasp_kitchen_interfaces/action/_follow_cartesian_trajectory_s.c.o\x1b[0m\n'}
[5.926915] (-) TimerEvent: {}
[6.011962] (grasp_kitchen_interfaces) StdoutLine: {'line': b'[ 92%] \x1b[32m\x1b[1mLinking C shared library rosidl_generator_py/grasp_kitchen_interfaces/libgrasp_kitchen_interfaces__rosidl_generator_py.so\x1b[0m\n'}
[6.027155] (-) TimerEvent: {}
[6.088641] (grasp_kitchen_interfaces) StdoutLine: {'line': b'[ 92%] Built target grasp_kitchen_interfaces__rosidl_generator_py\n'}
[6.101999] (grasp_kitchen_interfaces) StdoutLine: {'line': b'[ 93%] \x1b[32mBuilding C object CMakeFiles/grasp_kitchen_interfaces__rosidl_typesupport_c__pyext.dir/rosidl_generator_py/grasp_kitchen_interfaces/_grasp_kitchen_interfaces_s.ep.rosidl_typesupport_c.c.o\x1b[0m\n'}
[6.102141] (grasp_kitchen_interfaces) StdoutLine: {'line': b'[ 94%] \x1b[32mBuilding C object CMakeFiles/grasp_kitchen_interfaces__rosidl_typesupport_introspection_c__pyext.dir/rosidl_generator_py/grasp_kitchen_interfaces/_grasp_kitchen_interfaces_s.ep.rosidl_typesupport_introspection_c.c.o\x1b[0m\n'}
[6.102485] (grasp_kitchen_interfaces) StdoutLine: {'line': b'[ 96%] \x1b[32mBuilding C object CMakeFiles/grasp_kitchen_interfaces__rosidl_typesupport_fastrtps_c__pyext.dir/rosidl_generator_py/grasp_kitchen_interfaces/_grasp_kitchen_interfaces_s.ep.rosidl_typesupport_fastrtps_c.c.o\x1b[0m\n'}
[6.127565] (-) TimerEvent: {}
[6.203505] (grasp_kitchen_interfaces) StdoutLine: {'line': b'[ 97%] \x1b[32m\x1b[1mLinking C shared library rosidl_generator_py/grasp_kitchen_interfaces/grasp_kitchen_interfaces_s__rosidl_typesupport_c.cpython-310-x86_64-linux-gnu.so\x1b[0m\n'}
[6.203767] (grasp_kitchen_interfaces) StdoutLine: {'line': b'[100%] \x1b[32m\x1b[1mLinking C shared library rosidl_generator_py/grasp_kitchen_interfaces/grasp_kitchen_interfaces_s__rosidl_typesupport_introspection_c.cpython-310-x86_64-linux-gnu.so\x1b[0m\n'}
[6.203881] (grasp_kitchen_interfaces) StdoutLine: {'line': b'[100%] \x1b[32m\x1b[1mLinking C shared library rosidl_generator_py/grasp_kitchen_interfaces/grasp_kitchen_interfaces_s__rosidl_typesupport_fastrtps_c.cpython-310-x86_64-linux-gnu.so\x1b[0m\n'}
[6.227867] (-) TimerEvent: {}
[6.247459] (grasp_kitchen_interfaces) StdoutLine: {'line': b'[100%] Built target grasp_kitchen_interfaces__rosidl_typesupport_introspection_c__pyext\n'}
[6.247600] (grasp_kitchen_interfaces) StdoutLine: {'line': b'[100%] Built target grasp_kitchen_interfaces__rosidl_typesupport_c__pyext\n'}
[6.247638] (grasp_kitchen_interfaces) StdoutLine: {'line': b'[100%] Built target grasp_kitchen_interfaces__rosidl_typesupport_fastrtps_c__pyext\n'}
[6.257287] (grasp_kitchen_interfaces) CommandEnded: {'returncode': 0}
[6.257704] (grasp_kitchen_interfaces) JobProgress: {'identifier': 'grasp_kitchen_interfaces', 'progress': 'install'}
[6.262920] (grasp_kitchen_interfaces) Command: {'cmd': ['/usr/bin/cmake', '--install', '/home/kim/projects/dexchef_ws/build/grasp_kitchen_interfaces'], 'cwd': '/home/kim/projects/dexchef_ws/build/grasp_kitchen_interfaces', 'env': OrderedDict([('LESSOPEN', '| /usr/bin/lesspipe %s'), ('CONDA_PROMPT_MODIFIER', ''), ('HTTPS_PROXY', 'http://127.0.0.1:7890'), ('no_proxy', '192.168.*,172.31.*,172.30.*,172.29.*,172.28.*,172.27.*,172.26.*,172.25.*,172.24.*,172.23.*,172.22.*,172.21.*,172.20.*,172.19.*,172.18.*,172.17.*,172.16.*,10.*,127.*,localhost,<local>'), ('USER', 'kim'), ('SHLVL', '1'), ('LD_LIBRARY_PATH', '/opt/ros/humble/opt/rviz_ogre_vendor/lib:/opt/ros/humble/lib/x86_64-linux-gnu:/opt/ros/humble/lib'), ('WT_PROFILE_ID', '{4ff56d04-d9cf-57ea-bae2-ad396374e7e3}'), ('MOTD_SHOWN', 'update-motd'), ('HOME', '/home/kim'), ('CONDA_SHLVL', '0'), ('OLDPWD', '/home/kim/projects/dexchef_ws/src'), ('NO_PROXY', '192.168.*,172.31.*,172.30.*,172.29.*,172.28.*,172.27.*,172.26.*,172.25.*,172.24.*,172.23.*,172.22.*,172.21.*,172.20.*,172.19.*,172.18.*,172.17.*,172.16.*,10.*,127.*,localhost,<local>'), ('ROS_PYTHON_VERSION', '3'), ('DBUS_SESSION_BUS_ADDRESS', 'unix:path=/run/user/1000/bus'), ('_CE_M', ''), ('WSL_DISTRO_NAME', 'Ubuntu-22.04'), ('_CONDA_ROOT', '/home/kim/anaconda3'), ('WAYLAND_DISPLAY', 'wayland-0'), ('https_proxy', 'http://127.0.0.1:7890'), ('ROS_DISTRO', 'humble'), ('LOGNAME', 'kim'), ('NAME', 'LINKERBOT-HJK'), ('WSL_INTEROP', '/run/WSL/339_interop'), ('http_proxy', 'http://127.0.0.1:7890'), ('PULSE_SERVER', 'unix:/mnt/wslg/PulseServer'), ('_', '/usr/bin/colcon'), ('ROS_VERSION', '2'), ('TERM', 'xterm-256color'), ('_CE_CONDA', ''), ('ROS_LOCALHOST_ONLY', '0'), ('PATH', '/home/kim/anaconda3/condabin:/opt/ros/humble/bin:/usr/local/sbin:/usr/local/bin:/usr/sbin:/usr/bin:/sbin:/bin:/usr/games:/usr/local/games:/usr/lib/wsl/lib:/mnt/c/Windows/system32:/mnt/c/Windows:/mnt/c/Windows/System32/Wbem:/mnt/c/Windows/System32/WindowsPowerShell/v1.0:/mnt/c/Windows/System32/OpenSSH:/mnt/c/Users/Junkai Huang/.local/bin:/mnt/c/Users/Junkai Huang/AppData/Local/Microsoft/WindowsApps:/mnt/c/vscode/Microsoft VS Code/bin:/snap/bin'), ('WT_SESSION', '903b231b-6717-444e-8b78-a8ba407431e1'), ('XDG_RUNTIME_DIR', '/run/user/1000/'), ('DISPLAY', ':0'), ('LANG', 'en_US.UTF-8'), ('LS_COLORS', 'rs=0:di=01;34:ln=01;36:mh=00:pi=40;33:so=01;35:do=01;35:bd=40;33;01:cd=40;33;01:or=40;31;01:mi=00:su=37;41:sg=30;43:ca=30;41:tw=30;42:ow=34;42:st=37;44:ex=01;32:*.tar=01;31:*.tgz=01;31:*.arc=01;31:*.arj=01;31:*.taz=01;31:*.lha=01;31:*.lz4=01;31:*.lzh=01;31:*.lzma=01;31:*.tlz=01;31:*.txz=01;31:*.tzo=01;31:*.t7z=01;31:*.zip=01;31:*.z=01;31:*.dz=01;31:*.gz=01;31:*.lrz=01;31:*.lz=01;31:*.lzo=01;31:*.xz=01;31:*.zst=01;31:*.tzst=01;31:*.bz2=01;31:*.bz=01;31:*.tbz=01;31:*.tbz2=01;31:*.tz=01;31:*.deb=01;31:*.rpm=01;31:*.jar=01;31:*.war=01;31:*.ear=01;31:*.sar=01;31:*.rar=01;31:*.alz=01;31:*.ace=01;31:*.zoo=01;31:*.cpio=01;31:*.7z=01;31:*.rz=01;31:*.cab=01;31:*.wim=01;31:*.swm=01;31:*.dwm=01;31:*.esd=01;31:*.jpg=01;35:*.jpeg=01;35:*.mjpg=01;35:*.mjpeg=01;35:*.gif=01;35:*.bmp=01;35:*.pbm=01;35:*.pgm=01;35:*.ppm=01;35:*.tga=01;35:*.xbm=01;35:*.xpm=01;35:*.tif=01;35:*.tiff=01;35:*.png=01;35:*.svg=01;35:*.svgz=01;35:*.mng=01;35:*.pcx=01;35:*.mov=01;35:*.mpg=01;35:*.mpeg=01;35:*.m2v=01;35:*.mkv=01;35:*.webm=01;35:*.webp=01;35:*.ogm=01;35:*.mp4=01;35:*.m4v=01;35:*.mp4v=01;35:*.vob=01;35:*.qt=01;35:*.nuv=01;35:*.wmv=01;35:*.asf=01;35:*.rm=01;35:*.rmvb=01;35:*.flc=01;35:*.avi=01;35:*.fli=01;35:*.flv=01;35:*.gl=01;35:*.dl=01;35:*.xcf=01;35:*.xwd=01;35:*.yuv=01;35:*.cgm=01;35:*.emf=01;35:*.ogv=01;35:*.ogx=01;35:*.aac=00;36:*.au=00;36:*.flac=00;36:*.m4a=00;36:*.mid=00;36:*.midi=00;36:*.mka=00;36:*.mp3=00;36:*.mpc=00;36:*.ogg=00;36:*.ra=00;36:*.wav=00;36:*.oga=00;36:*.opus=00;36:*.spx=00;36:*.xspf=00;36:'), ('AMENT_PREFIX_PATH', '/opt/ros/humble'), ('CONDA_PYTHON_EXE', '/home/kim/anaconda3/bin/python'), ('SHELL', '/bin/bash'), ('LESSCLOSE', '/usr/bin/lesspipe %s %s'), ('CONDA_DEFAULT_ENV', ''), ('_CONDA_EXE', '/home/kim/anaconda3/bin/conda'), ('BASH_ENV', '/etc/bash.bashrc'), ('PWD', '/home/kim/projects/dexchef_ws/build/grasp_kitchen_interfaces'), ('CONDA_EXE', '/home/kim/anaconda3/bin/conda'), ('XDG_DATA_DIRS', '/usr/local/share:/usr/share:/var/lib/snapd/desktop'), ('PYTHONPATH', '/opt/ros/humble/lib/python3.10/site-packages:/opt/ros/humble/local/lib/python3.10/dist-packages'), ('HTTP_PROXY', 'http://127.0.0.1:7890'), ('CONDA_PREFIX', ''), ('COLCON', '1'), ('WSL2_GUI_APPS_ENABLED', '1'), ('HOSTTYPE', 'x86_64'), ('WSLENV', 'WT_SESSION:WT_PROFILE_ID:BASH_ENV/u'), ('CMAKE_PREFIX_PATH', '/opt/ros/humble')]), 'shell': False}
[6.267744] (grasp_kitchen_interfaces) StdoutLine: {'line': b'-- Install configuration: ""\n'}
[6.268242] (grasp_kitchen_interfaces) StdoutLine: {'line': b'-- Execute custom install script\n'}
[6.268952] (grasp_kitchen_interfaces) StdoutLine: {'line': b'-- Symlinking: /home/kim/projects/dexchef_ws/install/grasp_kitchen_interfaces/share/ament_index/resource_index/rosidl_interfaces/grasp_kitchen_interfaces\n'}
[6.274853] (grasp_kitchen_interfaces) StdoutLine: {'line': b'-- Symlinking: /home/kim/projects/dexchef_ws/install/grasp_kitchen_interfaces/include/grasp_kitchen_interfaces/grasp_kitchen_interfaces/action/detail/execute_task__functions.h\n'}
[6.280233] (grasp_kitchen_interfaces) StdoutLine: {'line': b'-- Symlinking: /home/kim/projects/dexchef_ws/install/grasp_kitchen_interfaces/include/grasp_kitchen_interfaces/grasp_kitchen_interfaces/action/detail/execute_task__struct.h\n'}
[6.285302] (grasp_kitchen_interfaces) StdoutLine: {'line': b'-- Symlinking: /home/kim/projects/dexchef_ws/install/grasp_kitchen_interfaces/include/grasp_kitchen_interfaces/grasp_kitchen_interfaces/action/detail/execute_task__type_support.h\n'}
[6.290118] (grasp_kitchen_interfaces) StdoutLine: {'line': b'-- Symlinking: /home/kim/projects/dexchef_ws/install/grasp_kitchen_interfaces/include/grasp_kitchen_interfaces/grasp_kitchen_interfaces/action/detail/follow_cartesian_trajectory__functions.h\n'}
[6.295195] (grasp_kitchen_interfaces) StdoutLine: {'line': b'-- Symlinking: /home/kim/projects/dexchef_ws/install/grasp_kitchen_interfaces/include/grasp_kitchen_interfaces/grasp_kitchen_interfaces/action/detail/follow_cartesian_trajectory__struct.h\n'}
[6.300633] (grasp_kitchen_interfaces) StdoutLine: {'line': b'-- Symlinking: /home/kim/projects/dexchef_ws/install/grasp_kitchen_interfaces/include/grasp_kitchen_interfaces/grasp_kitchen_interfaces/action/detail/follow_cartesian_trajectory__type_support.h\n'}
[6.305730] (grasp_kitchen_interfaces) StdoutLine: {'line': b'-- Symlinking: /home/kim/projects/dexchef_ws/install/grasp_kitchen_interfaces/include/grasp_kitchen_interfaces/grasp_kitchen_interfaces/action/execute_task.h\n'}
[6.310617] (grasp_kitchen_interfaces) StdoutLine: {'line': b'-- Symlinking: /home/kim/projects/dexchef_ws/install/grasp_kitchen_interfaces/include/grasp_kitchen_interfaces/grasp_kitchen_interfaces/action/follow_cartesian_trajectory.h\n'}
[6.316137] (grasp_kitchen_interfaces) StdoutLine: {'line': b'-- Symlinking: /home/kim/projects/dexchef_ws/install/grasp_kitchen_interfaces/include/grasp_kitchen_interfaces/grasp_kitchen_interfaces/msg/detail/object_detection__functions.h\n'}
[6.321101] (grasp_kitchen_interfaces) StdoutLine: {'line': b'-- Symlinking: /home/kim/projects/dexchef_ws/install/grasp_kitchen_interfaces/include/grasp_kitchen_interfaces/grasp_kitchen_interfaces/msg/detail/object_detection__struct.h\n'}
[6.326297] (grasp_kitchen_interfaces) StdoutLine: {'line': b'-- Symlinking: /home/kim/projects/dexchef_ws/install/grasp_kitchen_interfaces/include/grasp_kitchen_interfaces/grasp_kitchen_interfaces/msg/detail/object_detection__type_support.h\n'}
[6.328075] (-) TimerEvent: {}
[6.331570] (grasp_kitchen_interfaces) StdoutLine: {'line': b'-- Symlinking: /home/kim/projects/dexchef_ws/install/grasp_kitchen_interfaces/include/grasp_kitchen_interfaces/grasp_kitchen_interfaces/msg/detail/scene_perception__functions.h\n'}
[6.336827] (grasp_kitchen_interfaces) StdoutLine: {'line': b'-- Symlinking: /home/kim/projects/dexchef_ws/install/grasp_kitchen_interfaces/include/grasp_kitchen_interfaces/grasp_kitchen_interfaces/msg/detail/scene_perception__struct.h\n'}
[6.341696] (grasp_kitchen_interfaces) StdoutLine: {'line': b'-- Symlinking: /home/kim/projects/dexchef_ws/install/grasp_kitchen_interfaces/include/grasp_kitchen_interfaces/grasp_kitchen_interfaces/msg/detail/scene_perception__type_support.h\n'}
[6.346399] (grasp_kitchen_interfaces) StdoutLine: {'line': b'-- Symlinking: /home/kim/projects/dexchef_ws/install/grasp_kitchen_interfaces/include/grasp_kitchen_interfaces/grasp_kitchen_interfaces/msg/detail/task_target__functions.h\n'}
[6.352388] (grasp_kitchen_interfaces) StdoutLine: {'line': b'-- Symlinking: /home/kim/projects/dexchef_ws/install/grasp_kitchen_interfaces/include/grasp_kitchen_interfaces/grasp_kitchen_interfaces/msg/detail/task_target__struct.h\n'}
[6.357305] (grasp_kitchen_interfaces) StdoutLine: {'line': b'-- Symlinking: /home/kim/projects/dexchef_ws/install/grasp_kitchen_interfaces/include/grasp_kitchen_interfaces/grasp_kitchen_interfaces/msg/detail/task_target__type_support.h\n'}
[6.362174] (grasp_kitchen_interfaces) StdoutLine: {'line': b'-- Symlinking: /home/kim/projects/dexchef_ws/install/grasp_kitchen_interfaces/include/grasp_kitchen_interfaces/grasp_kitchen_interfaces/msg/object_detection.h\n'}
[6.367548] (grasp_kitchen_interfaces) StdoutLine: {'line': b'-- Symlinking: /home/kim/projects/dexchef_ws/install/grasp_kitchen_interfaces/include/grasp_kitchen_interfaces/grasp_kitchen_interfaces/msg/rosidl_generator_c__visibility_control.h\n'}
[6.372520] (grasp_kitchen_interfaces) StdoutLine: {'line': b'-- Symlinking: /home/kim/projects/dexchef_ws/install/grasp_kitchen_interfaces/include/grasp_kitchen_interfaces/grasp_kitchen_interfaces/msg/scene_perception.h\n'}
[6.377588] (grasp_kitchen_interfaces) StdoutLine: {'line': b'-- Symlinking: /home/kim/projects/dexchef_ws/install/grasp_kitchen_interfaces/include/grasp_kitchen_interfaces/grasp_kitchen_interfaces/msg/task_target.h\n'}
[6.382674] (grasp_kitchen_interfaces) StdoutLine: {'line': b'-- Symlinking: /home/kim/projects/dexchef_ws/install/grasp_kitchen_interfaces/include/grasp_kitchen_interfaces/grasp_kitchen_interfaces/srv/detail/set_io__functions.h\n'}
[6.388486] (grasp_kitchen_interfaces) StdoutLine: {'line': b'-- Symlinking: /home/kim/projects/dexchef_ws/install/grasp_kitchen_interfaces/include/grasp_kitchen_interfaces/grasp_kitchen_interfaces/srv/detail/set_io__struct.h\n'}
[6.393708] (grasp_kitchen_interfaces) StdoutLine: {'line': b'-- Symlinking: /home/kim/projects/dexchef_ws/install/grasp_kitchen_interfaces/include/grasp_kitchen_interfaces/grasp_kitchen_interfaces/srv/detail/set_io__type_support.h\n'}
[6.398475] (grasp_kitchen_interfaces) StdoutLine: {'line': b'-- Symlinking: /home/kim/projects/dexchef_ws/install/grasp_kitchen_interfaces/include/grasp_kitchen_interfaces/grasp_kitchen_interfaces/srv/detail/start_task__functions.h\n'}
[6.403699] (grasp_kitchen_interfaces) StdoutLine: {'line': b'-- Symlinking: /home/kim/projects/dexchef_ws/install/grasp_kitchen_interfaces/include/grasp_kitchen_interfaces/grasp_kitchen_interfaces/srv/detail/start_task__struct.h\n'}
[6.408733] (grasp_kitchen_interfaces) StdoutLine: {'line': b'-- Symlinking: /home/kim/projects/dexchef_ws/install/grasp_kitchen_interfaces/include/grasp_kitchen_interfaces/grasp_kitchen_interfaces/srv/detail/start_task__type_support.h\n'}
[6.413710] (grasp_kitchen_interfaces) StdoutLine: {'line': b'-- Symlinking: /home/kim/projects/dexchef_ws/install/grasp_kitchen_interfaces/include/grasp_kitchen_interfaces/grasp_kitchen_interfaces/srv/set_io.h\n'}
[6.418743] (grasp_kitchen_interfaces) StdoutLine: {'line': b'-- Symlinking: /home/kim/projects/dexchef_ws/install/grasp_kitchen_interfaces/include/grasp_kitchen_interfaces/grasp_kitchen_interfaces/srv/start_task.h\n'}
[6.424887] (grasp_kitchen_interfaces) StdoutLine: {'line': b'-- Symlinking: /home/kim/projects/dexchef_ws/install/grasp_kitchen_interfaces/share/grasp_kitchen_interfaces/environment/library_path.sh\n'}
[6.428403] (-) TimerEvent: {}
[6.430039] (grasp_kitchen_interfaces) StdoutLine: {'line': b'-- Symlinking: /home/kim/projects/dexchef_ws/install/grasp_kitchen_interfaces/share/grasp_kitchen_interfaces/environment/library_path.dsv\n'}
[6.435564] (grasp_kitchen_interfaces) StdoutLine: {'line': b'-- Symlinking: /home/kim/projects/dexchef_ws/install/grasp_kitchen_interfaces/include/grasp_kitchen_interfaces/grasp_kitchen_interfaces/action/detail/execute_task__rosidl_typesupport_fastrtps_c.h\n'}
[6.441154] (grasp_kitchen_interfaces) StdoutLine: {'line': b'-- Symlinking: /home/kim/projects/dexchef_ws/install/grasp_kitchen_interfaces/include/grasp_kitchen_interfaces/grasp_kitchen_interfaces/action/detail/follow_cartesian_trajectory__rosidl_typesupport_fastrtps_c.h\n'}
[6.446374] (grasp_kitchen_interfaces) StdoutLine: {'line': b'-- Symlinking: /home/kim/projects/dexchef_ws/install/grasp_kitchen_interfaces/include/grasp_kitchen_interfaces/grasp_kitchen_interfaces/msg/detail/object_detection__rosidl_typesupport_fastrtps_c.h\n'}
[6.451510] (grasp_kitchen_interfaces) StdoutLine: {'line': b'-- Symlinking: /home/kim/projects/dexchef_ws/install/grasp_kitchen_interfaces/include/grasp_kitchen_interfaces/grasp_kitchen_interfaces/msg/detail/scene_perception__rosidl_typesupport_fastrtps_c.h\n'}
[6.456740] (grasp_kitchen_interfaces) StdoutLine: {'line': b'-- Symlinking: /home/kim/projects/dexchef_ws/install/grasp_kitchen_interfaces/include/grasp_kitchen_interfaces/grasp_kitchen_interfaces/msg/detail/task_target__rosidl_typesupport_fastrtps_c.h\n'}
[6.462189] (grasp_kitchen_interfaces) StdoutLine: {'line': b'-- Symlinking: /home/kim/projects/dexchef_ws/install/grasp_kitchen_interfaces/include/grasp_kitchen_interfaces/grasp_kitchen_interfaces/msg/rosidl_typesupport_fastrtps_c__visibility_control.h\n'}
[6.467439] (grasp_kitchen_interfaces) StdoutLine: {'line': b'-- Symlinking: /home/kim/projects/dexchef_ws/install/grasp_kitchen_interfaces/include/grasp_kitchen_interfaces/grasp_kitchen_interfaces/srv/detail/set_io__rosidl_typesupport_fastrtps_c.h\n'}
[6.472317] (grasp_kitchen_interfaces) StdoutLine: {'line': b'-- Symlinking: /home/kim/projects/dexchef_ws/install/grasp_kitchen_interfaces/include/grasp_kitchen_interfaces/grasp_kitchen_interfaces/srv/detail/start_task__rosidl_typesupport_fastrtps_c.h\n'}
[6.477804] (grasp_kitchen_interfaces) StdoutLine: {'line': b'-- Symlinking: /home/kim/projects/dexchef_ws/install/grasp_kitchen_interfaces/include/grasp_kitchen_interfaces/grasp_kitchen_interfaces/action/detail/execute_task__rosidl_typesupport_introspection_c.h\n'}
[6.482817] (grasp_kitchen_interfaces) StdoutLine: {'line': b'-- Symlinking: /home/kim/projects/dexchef_ws/install/grasp_kitchen_interfaces/include/grasp_kitchen_interfaces/grasp_kitchen_interfaces/action/detail/follow_cartesian_trajectory__rosidl_typesupport_introspection_c.h\n'}
[6.487812] (grasp_kitchen_interfaces) StdoutLine: {'line': b'-- Symlinking: /home/kim/projects/dexchef_ws/install/grasp_kitchen_interfaces/include/grasp_kitchen_interfaces/grasp_kitchen_interfaces/msg/detail/object_detection__rosidl_typesupport_introspection_c.h\n'}
[6.492973] (grasp_kitchen_interfaces) StdoutLine: {'line': b'-- Symlinking: /home/kim/projects/dexchef_ws/install/grasp_kitchen_interfaces/include/grasp_kitchen_interfaces/grasp_kitchen_interfaces/msg/detail/scene_perception__rosidl_typesupport_introspection_c.h\n'}
[6.498251] (grasp_kitchen_interfaces) StdoutLine: {'line': b'-- Symlinking: /home/kim/projects/dexchef_ws/install/grasp_kitchen_interfaces/include/grasp_kitchen_interfaces/grasp_kitchen_interfaces/msg/detail/task_target__rosidl_typesupport_introspection_c.h\n'}
[6.503624] (grasp_kitchen_interfaces) StdoutLine: {'line': b'-- Symlinking: /home/kim/projects/dexchef_ws/install/grasp_kitchen_interfaces/include/grasp_kitchen_interfaces/grasp_kitchen_interfaces/msg/rosidl_typesupport_introspection_c__visibility_control.h\n'}
[6.508774] (grasp_kitchen_interfaces) StdoutLine: {'line': b'-- Symlinking: /home/kim/projects/dexchef_ws/install/grasp_kitchen_interfaces/include/grasp_kitchen_interfaces/grasp_kitchen_interfaces/srv/detail/set_io__rosidl_typesupport_introspection_c.h\n'}
[6.513697] (grasp_kitchen_interfaces) StdoutLine: {'line': b'-- Symlinking: /home/kim/projects/dexchef_ws/install/grasp_kitchen_interfaces/include/grasp_kitchen_interfaces/grasp_kitchen_interfaces/srv/detail/start_task__rosidl_typesupport_introspection_c.h\n'}
[6.519003] (grasp_kitchen_interfaces) StdoutLine: {'line': b'-- Symlinking: /home/kim/projects/dexchef_ws/install/grasp_kitchen_interfaces/include/grasp_kitchen_interfaces/grasp_kitchen_interfaces/action/detail/execute_task__builder.hpp\n'}
[6.524369] (grasp_kitchen_interfaces) StdoutLine: {'line': b'-- Symlinking: /home/kim/projects/dexchef_ws/install/grasp_kitchen_interfaces/include/grasp_kitchen_interfaces/grasp_kitchen_interfaces/action/detail/execute_task__struct.hpp\n'}
[6.528816] (-) TimerEvent: {}
[6.529733] (grasp_kitchen_interfaces) StdoutLine: {'line': b'-- Symlinking: /home/kim/projects/dexchef_ws/install/grasp_kitchen_interfaces/include/grasp_kitchen_interfaces/grasp_kitchen_interfaces/action/detail/execute_task__traits.hpp\n'}
[6.535541] (grasp_kitchen_interfaces) StdoutLine: {'line': b'-- Symlinking: /home/kim/projects/dexchef_ws/install/grasp_kitchen_interfaces/include/grasp_kitchen_interfaces/grasp_kitchen_interfaces/action/detail/execute_task__type_support.hpp\n'}
[6.540701] (grasp_kitchen_interfaces) StdoutLine: {'line': b'-- Symlinking: /home/kim/projects/dexchef_ws/install/grasp_kitchen_interfaces/include/grasp_kitchen_interfaces/grasp_kitchen_interfaces/action/detail/follow_cartesian_trajectory__builder.hpp\n'}
[6.547207] (grasp_kitchen_interfaces) StdoutLine: {'line': b'-- Symlinking: /home/kim/projects/dexchef_ws/install/grasp_kitchen_interfaces/include/grasp_kitchen_interfaces/grasp_kitchen_interfaces/action/detail/follow_cartesian_trajectory__struct.hpp\n'}
[6.552468] (grasp_kitchen_interfaces) StdoutLine: {'line': b'-- Symlinking: /home/kim/projects/dexchef_ws/install/grasp_kitchen_interfaces/include/grasp_kitchen_interfaces/grasp_kitchen_interfaces/action/detail/follow_cartesian_trajectory__traits.hpp\n'}
[6.557792] (grasp_kitchen_interfaces) StdoutLine: {'line': b'-- Symlinking: /home/kim/projects/dexchef_ws/install/grasp_kitchen_interfaces/include/grasp_kitchen_interfaces/grasp_kitchen_interfaces/action/detail/follow_cartesian_trajectory__type_support.hpp\n'}
[6.563145] (grasp_kitchen_interfaces) StdoutLine: {'line': b'-- Symlinking: /home/kim/projects/dexchef_ws/install/grasp_kitchen_interfaces/include/grasp_kitchen_interfaces/grasp_kitchen_interfaces/action/execute_task.hpp\n'}
[6.568035] (grasp_kitchen_interfaces) StdoutLine: {'line': b'-- Symlinking: /home/kim/projects/dexchef_ws/install/grasp_kitchen_interfaces/include/grasp_kitchen_interfaces/grasp_kitchen_interfaces/action/follow_cartesian_trajectory.hpp\n'}
[6.573248] (grasp_kitchen_interfaces) StdoutLine: {'line': b'-- Symlinking: /home/kim/projects/dexchef_ws/install/grasp_kitchen_interfaces/include/grasp_kitchen_interfaces/grasp_kitchen_interfaces/msg/detail/object_detection__builder.hpp\n'}
[6.578270] (grasp_kitchen_interfaces) StdoutLine: {'line': b'-- Symlinking: /home/kim/projects/dexchef_ws/install/grasp_kitchen_interfaces/include/grasp_kitchen_interfaces/grasp_kitchen_interfaces/msg/detail/object_detection__struct.hpp\n'}
[6.583349] (grasp_kitchen_interfaces) StdoutLine: {'line': b'-- Symlinking: /home/kim/projects/dexchef_ws/install/grasp_kitchen_interfaces/include/grasp_kitchen_interfaces/grasp_kitchen_interfaces/msg/detail/object_detection__traits.hpp\n'}
[6.589333] (grasp_kitchen_interfaces) StdoutLine: {'line': b'-- Symlinking: /home/kim/projects/dexchef_ws/install/grasp_kitchen_interfaces/include/grasp_kitchen_interfaces/grasp_kitchen_interfaces/msg/detail/object_detection__type_support.hpp\n'}
[6.594477] (grasp_kitchen_interfaces) StdoutLine: {'line': b'-- Symlinking: /home/kim/projects/dexchef_ws/install/grasp_kitchen_interfaces/include/grasp_kitchen_interfaces/grasp_kitchen_interfaces/msg/detail/scene_perception__builder.hpp\n'}
[6.599729] (grasp_kitchen_interfaces) StdoutLine: {'line': b'-- Symlinking: /home/kim/projects/dexchef_ws/install/grasp_kitchen_interfaces/include/grasp_kitchen_interfaces/grasp_kitchen_interfaces/msg/detail/scene_perception__struct.hpp\n'}
[6.604933] (grasp_kitchen_interfaces) StdoutLine: {'line': b'-- Symlinking: /home/kim/projects/dexchef_ws/install/grasp_kitchen_interfaces/include/grasp_kitchen_interfaces/grasp_kitchen_interfaces/msg/detail/scene_perception__traits.hpp\n'}
[6.609953] (grasp_kitchen_interfaces) StdoutLine: {'line': b'-- Symlinking: /home/kim/projects/dexchef_ws/install/grasp_kitchen_interfaces/include/grasp_kitchen_interfaces/grasp_kitchen_interfaces/msg/detail/scene_perception__type_support.hpp\n'}
[6.614869] (grasp_kitchen_interfaces) StdoutLine: {'line': b'-- Symlinking: /home/kim/projects/dexchef_ws/install/grasp_kitchen_interfaces/include/grasp_kitchen_interfaces/grasp_kitchen_interfaces/msg/detail/task_target__builder.hpp\n'}
[6.620053] (grasp_kitchen_interfaces) StdoutLine: {'line': b'-- Symlinking: /home/kim/projects/dexchef_ws/install/grasp_kitchen_interfaces/include/grasp_kitchen_interfaces/grasp_kitchen_interfaces/msg/detail/task_target__struct.hpp\n'}
[6.625052] (grasp_kitchen_interfaces) StdoutLine: {'line': b'-- Symlinking: /home/kim/projects/dexchef_ws/install/grasp_kitchen_interfaces/include/grasp_kitchen_interfaces/grasp_kitchen_interfaces/msg/detail/task_target__traits.hpp\n'}
[6.629211] (-) TimerEvent: {}
[6.630211] (grasp_kitchen_interfaces) StdoutLine: {'line': b'-- Symlinking: /home/kim/projects/dexchef_ws/install/grasp_kitchen_interfaces/include/grasp_kitchen_interfaces/grasp_kitchen_interfaces/msg/detail/task_target__type_support.hpp\n'}
[6.635724] (grasp_kitchen_interfaces) StdoutLine: {'line': b'-- Symlinking: /home/kim/projects/dexchef_ws/install/grasp_kitchen_interfaces/include/grasp_kitchen_interfaces/grasp_kitchen_interfaces/msg/object_detection.hpp\n'}
[6.640893] (grasp_kitchen_interfaces) StdoutLine: {'line': b'-- Symlinking: /home/kim/projects/dexchef_ws/install/grasp_kitchen_interfaces/include/grasp_kitchen_interfaces/grasp_kitchen_interfaces/msg/rosidl_generator_cpp__visibility_control.hpp\n'}
[6.645768] (grasp_kitchen_interfaces) StdoutLine: {'line': b'-- Symlinking: /home/kim/projects/dexchef_ws/install/grasp_kitchen_interfaces/include/grasp_kitchen_interfaces/grasp_kitchen_interfaces/msg/scene_perception.hpp\n'}
[6.651455] (grasp_kitchen_interfaces) StdoutLine: {'line': b'-- Symlinking: /home/kim/projects/dexchef_ws/install/grasp_kitchen_interfaces/include/grasp_kitchen_interfaces/grasp_kitchen_interfaces/msg/task_target.hpp\n'}
[6.656623] (grasp_kitchen_interfaces) StdoutLine: {'line': b'-- Symlinking: /home/kim/projects/dexchef_ws/install/grasp_kitchen_interfaces/include/grasp_kitchen_interfaces/grasp_kitchen_interfaces/srv/detail/set_io__builder.hpp\n'}
[6.661824] (grasp_kitchen_interfaces) StdoutLine: {'line': b'-- Symlinking: /home/kim/projects/dexchef_ws/install/grasp_kitchen_interfaces/include/grasp_kitchen_interfaces/grasp_kitchen_interfaces/srv/detail/set_io__struct.hpp\n'}
[6.666766] (grasp_kitchen_interfaces) StdoutLine: {'line': b'-- Symlinking: /home/kim/projects/dexchef_ws/install/grasp_kitchen_interfaces/include/grasp_kitchen_interfaces/grasp_kitchen_interfaces/srv/detail/set_io__traits.hpp\n'}
[6.673809] (grasp_kitchen_interfaces) StdoutLine: {'line': b'-- Symlinking: /home/kim/projects/dexchef_ws/install/grasp_kitchen_interfaces/include/grasp_kitchen_interfaces/grasp_kitchen_interfaces/srv/detail/set_io__type_support.hpp\n'}
[6.678824] (grasp_kitchen_interfaces) StdoutLine: {'line': b'-- Symlinking: /home/kim/projects/dexchef_ws/install/grasp_kitchen_interfaces/include/grasp_kitchen_interfaces/grasp_kitchen_interfaces/srv/detail/start_task__builder.hpp\n'}
[6.683695] (grasp_kitchen_interfaces) StdoutLine: {'line': b'-- Symlinking: /home/kim/projects/dexchef_ws/install/grasp_kitchen_interfaces/include/grasp_kitchen_interfaces/grasp_kitchen_interfaces/srv/detail/start_task__struct.hpp\n'}
[6.688975] (grasp_kitchen_interfaces) StdoutLine: {'line': b'-- Symlinking: /home/kim/projects/dexchef_ws/install/grasp_kitchen_interfaces/include/grasp_kitchen_interfaces/grasp_kitchen_interfaces/srv/detail/start_task__traits.hpp\n'}
[6.693944] (grasp_kitchen_interfaces) StdoutLine: {'line': b'-- Symlinking: /home/kim/projects/dexchef_ws/install/grasp_kitchen_interfaces/include/grasp_kitchen_interfaces/grasp_kitchen_interfaces/srv/detail/start_task__type_support.hpp\n'}
[6.699162] (grasp_kitchen_interfaces) StdoutLine: {'line': b'-- Symlinking: /home/kim/projects/dexchef_ws/install/grasp_kitchen_interfaces/include/grasp_kitchen_interfaces/grasp_kitchen_interfaces/srv/set_io.hpp\n'}
[6.704608] (grasp_kitchen_interfaces) StdoutLine: {'line': b'-- Symlinking: /home/kim/projects/dexchef_ws/install/grasp_kitchen_interfaces/include/grasp_kitchen_interfaces/grasp_kitchen_interfaces/srv/start_task.hpp\n'}
[6.710077] (grasp_kitchen_interfaces) StdoutLine: {'line': b'-- Symlinking: /home/kim/projects/dexchef_ws/install/grasp_kitchen_interfaces/include/grasp_kitchen_interfaces/grasp_kitchen_interfaces/action/detail/execute_task__rosidl_typesupport_fastrtps_cpp.hpp\n'}
[6.715300] (grasp_kitchen_interfaces) StdoutLine: {'line': b'-- Symlinking: /home/kim/projects/dexchef_ws/install/grasp_kitchen_interfaces/include/grasp_kitchen_interfaces/grasp_kitchen_interfaces/action/detail/follow_cartesian_trajectory__rosidl_typesupport_fastrtps_cpp.hpp\n'}
[6.720448] (grasp_kitchen_interfaces) StdoutLine: {'line': b'-- Symlinking: /home/kim/projects/dexchef_ws/install/grasp_kitchen_interfaces/include/grasp_kitchen_interfaces/grasp_kitchen_interfaces/msg/detail/object_detection__rosidl_typesupport_fastrtps_cpp.hpp\n'}
[6.725641] (grasp_kitchen_interfaces) StdoutLine: {'line': b'-- Symlinking: /home/kim/projects/dexchef_ws/install/grasp_kitchen_interfaces/include/grasp_kitchen_interfaces/grasp_kitchen_interfaces/msg/detail/scene_perception__rosidl_typesupport_fastrtps_cpp.hpp\n'}
[6.729590] (-) TimerEvent: {}
[6.730976] (grasp_kitchen_interfaces) StdoutLine: {'line': b'-- Symlinking: /home/kim/projects/dexchef_ws/install/grasp_kitchen_interfaces/include/grasp_kitchen_interfaces/grasp_kitchen_interfaces/msg/detail/task_target__rosidl_typesupport_fastrtps_cpp.hpp\n'}
[6.736092] (grasp_kitchen_interfaces) StdoutLine: {'line': b'-- Symlinking: /home/kim/projects/dexchef_ws/install/grasp_kitchen_interfaces/include/grasp_kitchen_interfaces/grasp_kitchen_interfaces/msg/rosidl_typesupport_fastrtps_cpp__visibility_control.h\n'}
[6.742378] (grasp_kitchen_interfaces) StdoutLine: {'line': b'-- Symlinking: /home/kim/projects/dexchef_ws/install/grasp_kitchen_interfaces/include/grasp_kitchen_interfaces/grasp_kitchen_interfaces/srv/detail/set_io__rosidl_typesupport_fastrtps_cpp.hpp\n'}
[6.747403] (grasp_kitchen_interfaces) StdoutLine: {'line': b'-- Symlinking: /home/kim/projects/dexchef_ws/install/grasp_kitchen_interfaces/include/grasp_kitchen_interfaces/grasp_kitchen_interfaces/srv/detail/start_task__rosidl_typesupport_fastrtps_cpp.hpp\n'}
[6.752966] (grasp_kitchen_interfaces) StdoutLine: {'line': b'-- Symlinking: /home/kim/projects/dexchef_ws/install/grasp_kitchen_interfaces/include/grasp_kitchen_interfaces/grasp_kitchen_interfaces/action/detail/execute_task__rosidl_typesupport_introspection_cpp.hpp\n'}
[6.757935] (grasp_kitchen_interfaces) StdoutLine: {'line': b'-- Symlinking: /home/kim/projects/dexchef_ws/install/grasp_kitchen_interfaces/include/grasp_kitchen_interfaces/grasp_kitchen_interfaces/action/detail/follow_cartesian_trajectory__rosidl_typesupport_introspection_cpp.hpp\n'}
[6.763236] (grasp_kitchen_interfaces) StdoutLine: {'line': b'-- Symlinking: /home/kim/projects/dexchef_ws/install/grasp_kitchen_interfaces/include/grasp_kitchen_interfaces/grasp_kitchen_interfaces/msg/detail/object_detection__rosidl_typesupport_introspection_cpp.hpp\n'}
[6.768176] (grasp_kitchen_interfaces) StdoutLine: {'line': b'-- Symlinking: /home/kim/projects/dexchef_ws/install/grasp_kitchen_interfaces/include/grasp_kitchen_interfaces/grasp_kitchen_interfaces/msg/detail/scene_perception__rosidl_typesupport_introspection_cpp.hpp\n'}
[6.773310] (grasp_kitchen_interfaces) StdoutLine: {'line': b'-- Symlinking: /home/kim/projects/dexchef_ws/install/grasp_kitchen_interfaces/include/grasp_kitchen_interfaces/grasp_kitchen_interfaces/msg/detail/task_target__rosidl_typesupport_introspection_cpp.hpp\n'}
[6.778368] (grasp_kitchen_interfaces) StdoutLine: {'line': b'-- Symlinking: /home/kim/projects/dexchef_ws/install/grasp_kitchen_interfaces/include/grasp_kitchen_interfaces/grasp_kitchen_interfaces/srv/detail/set_io__rosidl_typesupport_introspection_cpp.hpp\n'}
[6.783732] (grasp_kitchen_interfaces) StdoutLine: {'line': b'-- Symlinking: /home/kim/projects/dexchef_ws/install/grasp_kitchen_interfaces/include/grasp_kitchen_interfaces/grasp_kitchen_interfaces/srv/detail/start_task__rosidl_typesupport_introspection_cpp.hpp\n'}
[6.788750] (grasp_kitchen_interfaces) StdoutLine: {'line': b'-- Symlinking: /home/kim/projects/dexchef_ws/install/grasp_kitchen_interfaces/share/grasp_kitchen_interfaces/environment/pythonpath.sh\n'}
[6.794051] (grasp_kitchen_interfaces) StdoutLine: {'line': b'-- Symlinking: /home/kim/projects/dexchef_ws/install/grasp_kitchen_interfaces/share/grasp_kitchen_interfaces/environment/pythonpath.dsv\n'}
[6.799703] (grasp_kitchen_interfaces) StdoutLine: {'line': b'-- Symlinking: /home/kim/projects/dexchef_ws/install/grasp_kitchen_interfaces/local/lib/python3.10/dist-packages/grasp_kitchen_interfaces-0.1.0-py3.10.egg-info/PKG-INFO\n'}
[6.804479] (grasp_kitchen_interfaces) StdoutLine: {'line': b'-- Symlinking: /home/kim/projects/dexchef_ws/install/grasp_kitchen_interfaces/local/lib/python3.10/dist-packages/grasp_kitchen_interfaces-0.1.0-py3.10.egg-info/SOURCES.txt\n'}
[6.810043] (grasp_kitchen_interfaces) StdoutLine: {'line': b'-- Symlinking: /home/kim/projects/dexchef_ws/install/grasp_kitchen_interfaces/local/lib/python3.10/dist-packages/grasp_kitchen_interfaces-0.1.0-py3.10.egg-info/dependency_links.txt\n'}
[6.814947] (grasp_kitchen_interfaces) StdoutLine: {'line': b'-- Symlinking: /home/kim/projects/dexchef_ws/install/grasp_kitchen_interfaces/local/lib/python3.10/dist-packages/grasp_kitchen_interfaces-0.1.0-py3.10.egg-info/top_level.txt\n'}
[6.820480] (grasp_kitchen_interfaces) StdoutLine: {'line': b'-- Symlinking: /home/kim/projects/dexchef_ws/install/grasp_kitchen_interfaces/local/lib/python3.10/dist-packages/grasp_kitchen_interfaces/__init__.py\n'}
[6.825374] (grasp_kitchen_interfaces) StdoutLine: {'line': b'-- Symlinking: /home/kim/projects/dexchef_ws/install/grasp_kitchen_interfaces/local/lib/python3.10/dist-packages/grasp_kitchen_interfaces/_grasp_kitchen_interfaces_s.ep.rosidl_typesupport_c.c\n'}
[6.829996] (-) TimerEvent: {}
[6.830994] (grasp_kitchen_interfaces) StdoutLine: {'line': b'-- Symlinking: /home/kim/projects/dexchef_ws/install/grasp_kitchen_interfaces/local/lib/python3.10/dist-packages/grasp_kitchen_interfaces/_grasp_kitchen_interfaces_s.ep.rosidl_typesupport_fastrtps_c.c\n'}
[6.836314] (grasp_kitchen_interfaces) StdoutLine: {'line': b'-- Symlinking: /home/kim/projects/dexchef_ws/install/grasp_kitchen_interfaces/local/lib/python3.10/dist-packages/grasp_kitchen_interfaces/_grasp_kitchen_interfaces_s.ep.rosidl_typesupport_introspection_c.c\n'}
[6.841509] (grasp_kitchen_interfaces) StdoutLine: {'line': b'-- Symlinking: /home/kim/projects/dexchef_ws/install/grasp_kitchen_interfaces/local/lib/python3.10/dist-packages/grasp_kitchen_interfaces/action/__init__.py\n'}
[6.846939] (grasp_kitchen_interfaces) StdoutLine: {'line': b'-- Symlinking: /home/kim/projects/dexchef_ws/install/grasp_kitchen_interfaces/local/lib/python3.10/dist-packages/grasp_kitchen_interfaces/action/_execute_task.py\n'}
[6.852204] (grasp_kitchen_interfaces) StdoutLine: {'line': b'-- Symlinking: /home/kim/projects/dexchef_ws/install/grasp_kitchen_interfaces/local/lib/python3.10/dist-packages/grasp_kitchen_interfaces/action/_execute_task_s.c\n'}
[6.857092] (grasp_kitchen_interfaces) StdoutLine: {'line': b'-- Symlinking: /home/kim/projects/dexchef_ws/install/grasp_kitchen_interfaces/local/lib/python3.10/dist-packages/grasp_kitchen_interfaces/action/_follow_cartesian_trajectory.py\n'}
[6.861988] (grasp_kitchen_interfaces) StdoutLine: {'line': b'-- Symlinking: /home/kim/projects/dexchef_ws/install/grasp_kitchen_interfaces/local/lib/python3.10/dist-packages/grasp_kitchen_interfaces/action/_follow_cartesian_trajectory_s.c\n'}
[6.867648] (grasp_kitchen_interfaces) StdoutLine: {'line': b'-- Symlinking: /home/kim/projects/dexchef_ws/install/grasp_kitchen_interfaces/local/lib/python3.10/dist-packages/grasp_kitchen_interfaces/grasp_kitchen_interfaces_s__rosidl_typesupport_c.cpython-310-x86_64-linux-gnu.so\n'}
[6.872777] (grasp_kitchen_interfaces) StdoutLine: {'line': b'-- Symlinking: /home/kim/projects/dexchef_ws/install/grasp_kitchen_interfaces/local/lib/python3.10/dist-packages/grasp_kitchen_interfaces/grasp_kitchen_interfaces_s__rosidl_typesupport_fastrtps_c.cpython-310-x86_64-linux-gnu.so\n'}
[6.878055] (grasp_kitchen_interfaces) StdoutLine: {'line': b'-- Symlinking: /home/kim/projects/dexchef_ws/install/grasp_kitchen_interfaces/local/lib/python3.10/dist-packages/grasp_kitchen_interfaces/grasp_kitchen_interfaces_s__rosidl_typesupport_introspection_c.cpython-310-x86_64-linux-gnu.so\n'}
[6.883001] (grasp_kitchen_interfaces) StdoutLine: {'line': b'-- Symlinking: /home/kim/projects/dexchef_ws/install/grasp_kitchen_interfaces/local/lib/python3.10/dist-packages/grasp_kitchen_interfaces/libgrasp_kitchen_interfaces__rosidl_generator_py.so\n'}
[6.888341] (grasp_kitchen_interfaces) StdoutLine: {'line': b'-- Symlinking: /home/kim/projects/dexchef_ws/install/grasp_kitchen_interfaces/local/lib/python3.10/dist-packages/grasp_kitchen_interfaces/msg/__init__.py\n'}
[6.893274] (grasp_kitchen_interfaces) StdoutLine: {'line': b'-- Symlinking: /home/kim/projects/dexchef_ws/install/grasp_kitchen_interfaces/local/lib/python3.10/dist-packages/grasp_kitchen_interfaces/msg/_object_detection.py\n'}
[6.905678] (grasp_kitchen_interfaces) StdoutLine: {'line': b'-- Symlinking: /home/kim/projects/dexchef_ws/install/grasp_kitchen_interfaces/local/lib/python3.10/dist-packages/grasp_kitchen_interfaces/msg/_object_detection_s.c\n'}
[6.910964] (grasp_kitchen_interfaces) StdoutLine: {'line': b'-- Symlinking: /home/kim/projects/dexchef_ws/install/grasp_kitchen_interfaces/local/lib/python3.10/dist-packages/grasp_kitchen_interfaces/msg/_scene_perception.py\n'}
[6.916263] (grasp_kitchen_interfaces) StdoutLine: {'line': b'-- Symlinking: /home/kim/projects/dexchef_ws/install/grasp_kitchen_interfaces/local/lib/python3.10/dist-packages/grasp_kitchen_interfaces/msg/_scene_perception_s.c\n'}
[6.921271] (grasp_kitchen_interfaces) StdoutLine: {'line': b'-- Symlinking: /home/kim/projects/dexchef_ws/install/grasp_kitchen_interfaces/local/lib/python3.10/dist-packages/grasp_kitchen_interfaces/msg/_task_target.py\n'}
[6.926204] (grasp_kitchen_interfaces) StdoutLine: {'line': b'-- Symlinking: /home/kim/projects/dexchef_ws/install/grasp_kitchen_interfaces/local/lib/python3.10/dist-packages/grasp_kitchen_interfaces/msg/_task_target_s.c\n'}
[6.930315] (-) TimerEvent: {}
[6.931555] (grasp_kitchen_interfaces) StdoutLine: {'line': b'-- Symlinking: /home/kim/projects/dexchef_ws/install/grasp_kitchen_interfaces/local/lib/python3.10/dist-packages/grasp_kitchen_interfaces/srv/__init__.py\n'}
[6.936790] (grasp_kitchen_interfaces) StdoutLine: {'line': b'-- Symlinking: /home/kim/projects/dexchef_ws/install/grasp_kitchen_interfaces/local/lib/python3.10/dist-packages/grasp_kitchen_interfaces/srv/_set_io.py\n'}
[6.942295] (grasp_kitchen_interfaces) StdoutLine: {'line': b'-- Symlinking: /home/kim/projects/dexchef_ws/install/grasp_kitchen_interfaces/local/lib/python3.10/dist-packages/grasp_kitchen_interfaces/srv/_set_io_s.c\n'}
[6.947382] (grasp_kitchen_interfaces) StdoutLine: {'line': b'-- Symlinking: /home/kim/projects/dexchef_ws/install/grasp_kitchen_interfaces/local/lib/python3.10/dist-packages/grasp_kitchen_interfaces/srv/_start_task.py\n'}
[6.952981] (grasp_kitchen_interfaces) StdoutLine: {'line': b'-- Symlinking: /home/kim/projects/dexchef_ws/install/grasp_kitchen_interfaces/local/lib/python3.10/dist-packages/grasp_kitchen_interfaces/srv/_start_task_s.c\n'}
[6.958730] (grasp_kitchen_interfaces) StdoutLine: {'line': b'-- Up-to-date symlink: /home/kim/projects/dexchef_ws/install/grasp_kitchen_interfaces/local/lib/python3.10/dist-packages/grasp_kitchen_interfaces/grasp_kitchen_interfaces_s__rosidl_typesupport_fastrtps_c.cpython-310-x86_64-linux-gnu.so\n'}
[6.958911] (grasp_kitchen_interfaces) StdoutLine: {'line': b'-- Up-to-date symlink: /home/kim/projects/dexchef_ws/install/grasp_kitchen_interfaces/local/lib/python3.10/dist-packages/grasp_kitchen_interfaces/grasp_kitchen_interfaces_s__rosidl_typesupport_introspection_c.cpython-310-x86_64-linux-gnu.so\n'}
[6.958950] (grasp_kitchen_interfaces) StdoutLine: {'line': b'-- Up-to-date symlink: /home/kim/projects/dexchef_ws/install/grasp_kitchen_interfaces/local/lib/python3.10/dist-packages/grasp_kitchen_interfaces/grasp_kitchen_interfaces_s__rosidl_typesupport_c.cpython-310-x86_64-linux-gnu.so\n'}
[6.959113] (grasp_kitchen_interfaces) StdoutLine: {'line': b'-- Symlinking: /home/kim/projects/dexchef_ws/install/grasp_kitchen_interfaces/share/grasp_kitchen_interfaces/msg/ObjectDetection.idl\n'}
[6.964141] (grasp_kitchen_interfaces) StdoutLine: {'line': b'-- Symlinking: /home/kim/projects/dexchef_ws/install/grasp_kitchen_interfaces/share/grasp_kitchen_interfaces/msg/ScenePerception.idl\n'}
[6.969751] (grasp_kitchen_interfaces) StdoutLine: {'line': b'-- Symlinking: /home/kim/projects/dexchef_ws/install/grasp_kitchen_interfaces/share/grasp_kitchen_interfaces/msg/TaskTarget.idl\n'}
[6.975217] (grasp_kitchen_interfaces) StdoutLine: {'line': b'-- Symlinking: /home/kim/projects/dexchef_ws/install/grasp_kitchen_interfaces/share/grasp_kitchen_interfaces/srv/SetIO.idl\n'}
[6.980384] (grasp_kitchen_interfaces) StdoutLine: {'line': b'-- Symlinking: /home/kim/projects/dexchef_ws/install/grasp_kitchen_interfaces/share/grasp_kitchen_interfaces/srv/StartTask.idl\n'}
[6.985878] (grasp_kitchen_interfaces) StdoutLine: {'line': b'-- Symlinking: /home/kim/projects/dexchef_ws/install/grasp_kitchen_interfaces/share/grasp_kitchen_interfaces/action/ExecuteTask.idl\n'}
[6.991414] (grasp_kitchen_interfaces) StdoutLine: {'line': b'-- Symlinking: /home/kim/projects/dexchef_ws/install/grasp_kitchen_interfaces/share/grasp_kitchen_interfaces/action/FollowCartesianTrajectory.idl\n'}
[6.996366] (grasp_kitchen_interfaces) StdoutLine: {'line': b'-- Symlinking: /home/kim/projects/dexchef_ws/install/grasp_kitchen_interfaces/share/grasp_kitchen_interfaces/msg/ObjectDetection.msg\n'}
[7.001448] (grasp_kitchen_interfaces) StdoutLine: {'line': b'-- Symlinking: /home/kim/projects/dexchef_ws/install/grasp_kitchen_interfaces/share/grasp_kitchen_interfaces/msg/ScenePerception.msg\n'}
[7.006887] (grasp_kitchen_interfaces) StdoutLine: {'line': b'-- Symlinking: /home/kim/projects/dexchef_ws/install/grasp_kitchen_interfaces/share/grasp_kitchen_interfaces/msg/TaskTarget.msg\n'}
[7.012073] (grasp_kitchen_interfaces) StdoutLine: {'line': b'-- Symlinking: /home/kim/projects/dexchef_ws/install/grasp_kitchen_interfaces/share/grasp_kitchen_interfaces/srv/SetIO.srv\n'}
[7.017327] (grasp_kitchen_interfaces) StdoutLine: {'line': b'-- Symlinking: /home/kim/projects/dexchef_ws/install/grasp_kitchen_interfaces/share/grasp_kitchen_interfaces/srv/SetIO_Request.msg\n'}
[7.022653] (grasp_kitchen_interfaces) StdoutLine: {'line': b'-- Symlinking: /home/kim/projects/dexchef_ws/install/grasp_kitchen_interfaces/share/grasp_kitchen_interfaces/srv/SetIO_Response.msg\n'}
[7.027759] (grasp_kitchen_interfaces) StdoutLine: {'line': b'-- Symlinking: /home/kim/projects/dexchef_ws/install/grasp_kitchen_interfaces/share/grasp_kitchen_interfaces/srv/StartTask.srv\n'}
[7.030728] (-) TimerEvent: {}
[7.032968] (grasp_kitchen_interfaces) StdoutLine: {'line': b'-- Symlinking: /home/kim/projects/dexchef_ws/install/grasp_kitchen_interfaces/share/grasp_kitchen_interfaces/srv/StartTask_Request.msg\n'}
[7.038858] (grasp_kitchen_interfaces) StdoutLine: {'line': b'-- Symlinking: /home/kim/projects/dexchef_ws/install/grasp_kitchen_interfaces/share/grasp_kitchen_interfaces/srv/StartTask_Response.msg\n'}
[7.044300] (grasp_kitchen_interfaces) StdoutLine: {'line': b'-- Symlinking: /home/kim/projects/dexchef_ws/install/grasp_kitchen_interfaces/share/grasp_kitchen_interfaces/action/ExecuteTask.action\n'}
[7.049383] (grasp_kitchen_interfaces) StdoutLine: {'line': b'-- Symlinking: /home/kim/projects/dexchef_ws/install/grasp_kitchen_interfaces/share/grasp_kitchen_interfaces/action/FollowCartesianTrajectory.action\n'}
[7.054952] (grasp_kitchen_interfaces) StdoutLine: {'line': b'-- Symlinking: /home/kim/projects/dexchef_ws/install/grasp_kitchen_interfaces/share/ament_index/resource_index/package_run_dependencies/grasp_kitchen_interfaces\n'}
[7.059894] (grasp_kitchen_interfaces) StdoutLine: {'line': b'-- Symlinking: /home/kim/projects/dexchef_ws/install/grasp_kitchen_interfaces/share/ament_index/resource_index/parent_prefix_path/grasp_kitchen_interfaces\n'}
[7.065131] (grasp_kitchen_interfaces) StdoutLine: {'line': b'-- Symlinking: /home/kim/projects/dexchef_ws/install/grasp_kitchen_interfaces/share/grasp_kitchen_interfaces/environment/ament_prefix_path.sh\n'}
[7.070324] (grasp_kitchen_interfaces) StdoutLine: {'line': b'-- Symlinking: /home/kim/projects/dexchef_ws/install/grasp_kitchen_interfaces/share/grasp_kitchen_interfaces/environment/ament_prefix_path.dsv\n'}
[7.076013] (grasp_kitchen_interfaces) StdoutLine: {'line': b'-- Symlinking: /home/kim/projects/dexchef_ws/install/grasp_kitchen_interfaces/share/grasp_kitchen_interfaces/environment/path.sh\n'}
[7.081435] (grasp_kitchen_interfaces) StdoutLine: {'line': b'-- Symlinking: /home/kim/projects/dexchef_ws/install/grasp_kitchen_interfaces/share/grasp_kitchen_interfaces/environment/path.dsv\n'}
[7.086714] (grasp_kitchen_interfaces) StdoutLine: {'line': b'-- Symlinking: /home/kim/projects/dexchef_ws/install/grasp_kitchen_interfaces/share/grasp_kitchen_interfaces/local_setup.bash\n'}
[7.092067] (grasp_kitchen_interfaces) StdoutLine: {'line': b'-- Symlinking: /home/kim/projects/dexchef_ws/install/grasp_kitchen_interfaces/share/grasp_kitchen_interfaces/local_setup.sh\n'}
[7.097610] (grasp_kitchen_interfaces) StdoutLine: {'line': b'-- Symlinking: /home/kim/projects/dexchef_ws/install/grasp_kitchen_interfaces/share/grasp_kitchen_interfaces/local_setup.zsh\n'}
[7.102685] (grasp_kitchen_interfaces) StdoutLine: {'line': b'-- Symlinking: /home/kim/projects/dexchef_ws/install/grasp_kitchen_interfaces/share/grasp_kitchen_interfaces/local_setup.dsv\n'}
[7.107622] (grasp_kitchen_interfaces) StdoutLine: {'line': b'-- Symlinking: /home/kim/projects/dexchef_ws/install/grasp_kitchen_interfaces/share/grasp_kitchen_interfaces/package.dsv\n'}
[7.113505] (grasp_kitchen_interfaces) StdoutLine: {'line': b'-- Symlinking: /home/kim/projects/dexchef_ws/install/grasp_kitchen_interfaces/share/ament_index/resource_index/packages/grasp_kitchen_interfaces\n'}
[7.118757] (grasp_kitchen_interfaces) StdoutLine: {'line': b'-- Symlinking: /home/kim/projects/dexchef_ws/install/grasp_kitchen_interfaces/share/grasp_kitchen_interfaces/cmake/rosidl_cmake-extras.cmake\n'}
[7.123737] (grasp_kitchen_interfaces) StdoutLine: {'line': b'-- Symlinking: /home/kim/projects/dexchef_ws/install/grasp_kitchen_interfaces/share/grasp_kitchen_interfaces/cmake/ament_cmake_export_dependencies-extras.cmake\n'}
[7.129258] (grasp_kitchen_interfaces) StdoutLine: {'line': b'-- Symlinking: /home/kim/projects/dexchef_ws/install/grasp_kitchen_interfaces/share/grasp_kitchen_interfaces/cmake/ament_cmake_export_include_directories-extras.cmake\n'}
[7.130942] (-) TimerEvent: {}
[7.134749] (grasp_kitchen_interfaces) StdoutLine: {'line': b'-- Symlinking: /home/kim/projects/dexchef_ws/install/grasp_kitchen_interfaces/share/grasp_kitchen_interfaces/cmake/ament_cmake_export_libraries-extras.cmake\n'}
[7.140226] (grasp_kitchen_interfaces) StdoutLine: {'line': b'-- Symlinking: /home/kim/projects/dexchef_ws/install/grasp_kitchen_interfaces/share/grasp_kitchen_interfaces/cmake/ament_cmake_export_targets-extras.cmake\n'}
[7.145532] (grasp_kitchen_interfaces) StdoutLine: {'line': b'-- Symlinking: /home/kim/projects/dexchef_ws/install/grasp_kitchen_interfaces/share/grasp_kitchen_interfaces/cmake/rosidl_cmake_export_typesupport_targets-extras.cmake\n'}
[7.151216] (grasp_kitchen_interfaces) StdoutLine: {'line': b'-- Symlinking: /home/kim/projects/dexchef_ws/install/grasp_kitchen_interfaces/share/grasp_kitchen_interfaces/cmake/rosidl_cmake_export_typesupport_libraries-extras.cmake\n'}
[7.156509] (grasp_kitchen_interfaces) StdoutLine: {'line': b'-- Symlinking: /home/kim/projects/dexchef_ws/install/grasp_kitchen_interfaces/share/grasp_kitchen_interfaces/cmake/grasp_kitchen_interfacesConfig.cmake\n'}
[7.161330] (grasp_kitchen_interfaces) StdoutLine: {'line': b'-- Symlinking: /home/kim/projects/dexchef_ws/install/grasp_kitchen_interfaces/share/grasp_kitchen_interfaces/cmake/grasp_kitchen_interfacesConfig-version.cmake\n'}
[7.166843] (grasp_kitchen_interfaces) StdoutLine: {'line': b'-- Symlinking: /home/kim/projects/dexchef_ws/install/grasp_kitchen_interfaces/share/grasp_kitchen_interfaces/package.xml\n'}
[7.172725] (grasp_kitchen_interfaces) StdoutLine: {'line': b'-- Installing: /home/kim/projects/dexchef_ws/install/grasp_kitchen_interfaces/lib/libgrasp_kitchen_interfaces__rosidl_generator_c.so\n'}
[7.172998] (grasp_kitchen_interfaces) StdoutLine: {'line': b'-- Set runtime path of "/home/kim/projects/dexchef_ws/install/grasp_kitchen_interfaces/lib/libgrasp_kitchen_interfaces__rosidl_generator_c.so" to ""\n'}
[7.173050] (grasp_kitchen_interfaces) StdoutLine: {'line': b'-- Installing: /home/kim/projects/dexchef_ws/install/grasp_kitchen_interfaces/lib/libgrasp_kitchen_interfaces__rosidl_typesupport_fastrtps_c.so\n'}
[7.173276] (grasp_kitchen_interfaces) StdoutLine: {'line': b'-- Set runtime path of "/home/kim/projects/dexchef_ws/install/grasp_kitchen_interfaces/lib/libgrasp_kitchen_interfaces__rosidl_typesupport_fastrtps_c.so" to ""\n'}
[7.173324] (grasp_kitchen_interfaces) StdoutLine: {'line': b'-- Installing: /home/kim/projects/dexchef_ws/install/grasp_kitchen_interfaces/lib/libgrasp_kitchen_interfaces__rosidl_typesupport_introspection_c.so\n'}
[7.173471] (grasp_kitchen_interfaces) StdoutLine: {'line': b'-- Set runtime path of "/home/kim/projects/dexchef_ws/install/grasp_kitchen_interfaces/lib/libgrasp_kitchen_interfaces__rosidl_typesupport_introspection_c.so" to ""\n'}
[7.173706] (grasp_kitchen_interfaces) StdoutLine: {'line': b'-- Installing: /home/kim/projects/dexchef_ws/install/grasp_kitchen_interfaces/lib/libgrasp_kitchen_interfaces__rosidl_typesupport_c.so\n'}
[7.173836] (grasp_kitchen_interfaces) StdoutLine: {'line': b'-- Set runtime path of "/home/kim/projects/dexchef_ws/install/grasp_kitchen_interfaces/lib/libgrasp_kitchen_interfaces__rosidl_typesupport_c.so" to ""\n'}
[7.173945] (grasp_kitchen_interfaces) StdoutLine: {'line': b'-- Installing: /home/kim/projects/dexchef_ws/install/grasp_kitchen_interfaces/lib/libgrasp_kitchen_interfaces__rosidl_typesupport_fastrtps_cpp.so\n'}
[7.174131] (grasp_kitchen_interfaces) StdoutLine: {'line': b'-- Set runtime path of "/home/kim/projects/dexchef_ws/install/grasp_kitchen_interfaces/lib/libgrasp_kitchen_interfaces__rosidl_typesupport_fastrtps_cpp.so" to ""\n'}
[7.174191] (grasp_kitchen_interfaces) StdoutLine: {'line': b'-- Installing: /home/kim/projects/dexchef_ws/install/grasp_kitchen_interfaces/lib/libgrasp_kitchen_interfaces__rosidl_typesupport_introspection_cpp.so\n'}
[7.174308] (grasp_kitchen_interfaces) StdoutLine: {'line': b'-- Set runtime path of "/home/kim/projects/dexchef_ws/install/grasp_kitchen_interfaces/lib/libgrasp_kitchen_interfaces__rosidl_typesupport_introspection_cpp.so" to ""\n'}
[7.174445] (grasp_kitchen_interfaces) StdoutLine: {'line': b'-- Installing: /home/kim/projects/dexchef_ws/install/grasp_kitchen_interfaces/lib/libgrasp_kitchen_interfaces__rosidl_typesupport_cpp.so\n'}
[7.174590] (grasp_kitchen_interfaces) StdoutLine: {'line': b'-- Set runtime path of "/home/kim/projects/dexchef_ws/install/grasp_kitchen_interfaces/lib/libgrasp_kitchen_interfaces__rosidl_typesupport_cpp.so" to ""\n'}
[7.210497] (grasp_kitchen_interfaces) StdoutLine: {'line': b"Listing '/home/kim/projects/dexchef_ws/install/grasp_kitchen_interfaces/local/lib/python3.10/dist-packages/grasp_kitchen_interfaces'...\n"}
[7.210614] (grasp_kitchen_interfaces) StdoutLine: {'line': b"Compiling '/home/kim/projects/dexchef_ws/install/grasp_kitchen_interfaces/local/lib/python3.10/dist-packages/grasp_kitchen_interfaces/__init__.py'...\n"}
[7.210650] (grasp_kitchen_interfaces) StdoutLine: {'line': b"Listing '/home/kim/projects/dexchef_ws/install/grasp_kitchen_interfaces/local/lib/python3.10/dist-packages/grasp_kitchen_interfaces/action'...\n"}
[7.210690] (grasp_kitchen_interfaces) StdoutLine: {'line': b"Compiling '/home/kim/projects/dexchef_ws/install/grasp_kitchen_interfaces/local/lib/python3.10/dist-packages/grasp_kitchen_interfaces/action/__init__.py'...\n"}
[7.210718] (grasp_kitchen_interfaces) StdoutLine: {'line': b"Compiling '/home/kim/projects/dexchef_ws/install/grasp_kitchen_interfaces/local/lib/python3.10/dist-packages/grasp_kitchen_interfaces/action/_execute_task.py'...\n"}
[7.210743] (grasp_kitchen_interfaces) StdoutLine: {'line': b"Compiling '/home/kim/projects/dexchef_ws/install/grasp_kitchen_interfaces/local/lib/python3.10/dist-packages/grasp_kitchen_interfaces/action/_follow_cartesian_trajectory.py'...\n"}
[7.210768] (grasp_kitchen_interfaces) StdoutLine: {'line': b"Listing '/home/kim/projects/dexchef_ws/install/grasp_kitchen_interfaces/local/lib/python3.10/dist-packages/grasp_kitchen_interfaces/msg'...\n"}
[7.210792] (grasp_kitchen_interfaces) StdoutLine: {'line': b"Compiling '/home/kim/projects/dexchef_ws/install/grasp_kitchen_interfaces/local/lib/python3.10/dist-packages/grasp_kitchen_interfaces/msg/__init__.py'...\n"}
[7.210817] (grasp_kitchen_interfaces) StdoutLine: {'line': b"Compiling '/home/kim/projects/dexchef_ws/install/grasp_kitchen_interfaces/local/lib/python3.10/dist-packages/grasp_kitchen_interfaces/msg/_object_detection.py'...\n"}
[7.210840] (grasp_kitchen_interfaces) StdoutLine: {'line': b"Compiling '/home/kim/projects/dexchef_ws/install/grasp_kitchen_interfaces/local/lib/python3.10/dist-packages/grasp_kitchen_interfaces/msg/_scene_perception.py'...\n"}
[7.210870] (grasp_kitchen_interfaces) StdoutLine: {'line': b"Compiling '/home/kim/projects/dexchef_ws/install/grasp_kitchen_interfaces/local/lib/python3.10/dist-packages/grasp_kitchen_interfaces/msg/_task_target.py'...\n"}
[7.210893] (grasp_kitchen_interfaces) StdoutLine: {'line': b"Listing '/home/kim/projects/dexchef_ws/install/grasp_kitchen_interfaces/local/lib/python3.10/dist-packages/grasp_kitchen_interfaces/srv'...\n"}
[7.210918] (grasp_kitchen_interfaces) StdoutLine: {'line': b"Compiling '/home/kim/projects/dexchef_ws/install/grasp_kitchen_interfaces/local/lib/python3.10/dist-packages/grasp_kitchen_interfaces/srv/__init__.py'...\n"}
[7.210941] (grasp_kitchen_interfaces) StdoutLine: {'line': b"Compiling '/home/kim/projects/dexchef_ws/install/grasp_kitchen_interfaces/local/lib/python3.10/dist-packages/grasp_kitchen_interfaces/srv/_set_io.py'...\n"}
[7.210964] (grasp_kitchen_interfaces) StdoutLine: {'line': b"Compiling '/home/kim/projects/dexchef_ws/install/grasp_kitchen_interfaces/local/lib/python3.10/dist-packages/grasp_kitchen_interfaces/srv/_start_task.py'...\n"}
[7.213167] (grasp_kitchen_interfaces) StdoutLine: {'line': b'-- Installing: /home/kim/projects/dexchef_ws/install/grasp_kitchen_interfaces/lib/libgrasp_kitchen_interfaces__rosidl_generator_py.so\n'}
[7.213353] (grasp_kitchen_interfaces) StdoutLine: {'line': b'-- Set runtime path of "/home/kim/projects/dexchef_ws/install/grasp_kitchen_interfaces/lib/libgrasp_kitchen_interfaces__rosidl_generator_py.so" to ""\n'}
[7.213398] (grasp_kitchen_interfaces) StdoutLine: {'line': b'-- Installing: /home/kim/projects/dexchef_ws/install/grasp_kitchen_interfaces/share/grasp_kitchen_interfaces/cmake/export_grasp_kitchen_interfaces__rosidl_generator_cExport.cmake\n'}
[7.213959] (grasp_kitchen_interfaces) StdoutLine: {'line': b'-- Installing: /home/kim/projects/dexchef_ws/install/grasp_kitchen_interfaces/share/grasp_kitchen_interfaces/cmake/export_grasp_kitchen_interfaces__rosidl_generator_cExport-noconfig.cmake\n'}
[7.214251] (grasp_kitchen_interfaces) StdoutLine: {'line': b'-- Installing: /home/kim/projects/dexchef_ws/install/grasp_kitchen_interfaces/share/grasp_kitchen_interfaces/cmake/export_grasp_kitchen_interfaces__rosidl_typesupport_fastrtps_cExport.cmake\n'}
[7.214347] (grasp_kitchen_interfaces) StdoutLine: {'line': b'-- Installing: /home/kim/projects/dexchef_ws/install/grasp_kitchen_interfaces/share/grasp_kitchen_interfaces/cmake/export_grasp_kitchen_interfaces__rosidl_typesupport_fastrtps_cExport-noconfig.cmake\n'}
[7.214379] (grasp_kitchen_interfaces) StdoutLine: {'line': b'-- Installing: /home/kim/projects/dexchef_ws/install/grasp_kitchen_interfaces/share/grasp_kitchen_interfaces/cmake/grasp_kitchen_interfaces__rosidl_typesupport_introspection_cExport.cmake\n'}
[7.214407] (grasp_kitchen_interfaces) StdoutLine: {'line': b'-- Installing: /home/kim/projects/dexchef_ws/install/grasp_kitchen_interfaces/share/grasp_kitchen_interfaces/cmake/grasp_kitchen_interfaces__rosidl_typesupport_introspection_cExport-noconfig.cmake\n'}
[7.214586] (grasp_kitchen_interfaces) StdoutLine: {'line': b'-- Installing: /home/kim/projects/dexchef_ws/install/grasp_kitchen_interfaces/share/grasp_kitchen_interfaces/cmake/grasp_kitchen_interfaces__rosidl_typesupport_cExport.cmake\n'}
[7.214713] (grasp_kitchen_interfaces) StdoutLine: {'line': b'-- Installing: /home/kim/projects/dexchef_ws/install/grasp_kitchen_interfaces/share/grasp_kitchen_interfaces/cmake/grasp_kitchen_interfaces__rosidl_typesupport_cExport-noconfig.cmake\n'}
[7.214774] (grasp_kitchen_interfaces) StdoutLine: {'line': b'-- Installing: /home/kim/projects/dexchef_ws/install/grasp_kitchen_interfaces/share/grasp_kitchen_interfaces/cmake/export_grasp_kitchen_interfaces__rosidl_generator_cppExport.cmake\n'}
[7.214803] (grasp_kitchen_interfaces) StdoutLine: {'line': b'-- Installing: /home/kim/projects/dexchef_ws/install/grasp_kitchen_interfaces/share/grasp_kitchen_interfaces/cmake/export_grasp_kitchen_interfaces__rosidl_typesupport_fastrtps_cppExport.cmake\n'}
[7.214861] (grasp_kitchen_interfaces) StdoutLine: {'line': b'-- Installing: /home/kim/projects/dexchef_ws/install/grasp_kitchen_interfaces/share/grasp_kitchen_interfaces/cmake/export_grasp_kitchen_interfaces__rosidl_typesupport_fastrtps_cppExport-noconfig.cmake\n'}
[7.214928] (grasp_kitchen_interfaces) StdoutLine: {'line': b'-- Installing: /home/kim/projects/dexchef_ws/install/grasp_kitchen_interfaces/share/grasp_kitchen_interfaces/cmake/grasp_kitchen_interfaces__rosidl_typesupport_introspection_cppExport.cmake\n'}
[7.214976] (grasp_kitchen_interfaces) StdoutLine: {'line': b'-- Installing: /home/kim/projects/dexchef_ws/install/grasp_kitchen_interfaces/share/grasp_kitchen_interfaces/cmake/grasp_kitchen_interfaces__rosidl_typesupport_introspection_cppExport-noconfig.cmake\n'}
[7.215005] (grasp_kitchen_interfaces) StdoutLine: {'line': b'-- Installing: /home/kim/projects/dexchef_ws/install/grasp_kitchen_interfaces/share/grasp_kitchen_interfaces/cmake/grasp_kitchen_interfaces__rosidl_typesupport_cppExport.cmake\n'}
[7.215114] (grasp_kitchen_interfaces) StdoutLine: {'line': b'-- Installing: /home/kim/projects/dexchef_ws/install/grasp_kitchen_interfaces/share/grasp_kitchen_interfaces/cmake/grasp_kitchen_interfaces__rosidl_typesupport_cppExport-noconfig.cmake\n'}
[7.215168] (grasp_kitchen_interfaces) StdoutLine: {'line': b'-- Installing: /home/kim/projects/dexchef_ws/install/grasp_kitchen_interfaces/share/grasp_kitchen_interfaces/cmake/export_grasp_kitchen_interfaces__rosidl_generator_pyExport.cmake\n'}
[7.215198] (grasp_kitchen_interfaces) StdoutLine: {'line': b'-- Installing: /home/kim/projects/dexchef_ws/install/grasp_kitchen_interfaces/share/grasp_kitchen_interfaces/cmake/export_grasp_kitchen_interfaces__rosidl_generator_pyExport-noconfig.cmake\n'}
[7.217072] (grasp_kitchen_interfaces) CommandEnded: {'returncode': 0}
[7.231470] (-) TimerEvent: {}
[7.239234] (grasp_kitchen_interfaces) JobEnded: {'identifier': 'grasp_kitchen_interfaces', 'rc': 0}
[7.239775] (grasp_kitchen_ros2) JobStarted: {'identifier': 'grasp_kitchen_ros2'}
[7.299973] (grasp_kitchen_ros2) JobProgress: {'identifier': 'grasp_kitchen_ros2', 'progress': 'cmake'}
[7.301943] (grasp_kitchen_ros2) Command: {'cmd': ['/usr/bin/cmake', '/home/kim/projects/dexchef_ws/src/grasp_kitchen_ros2', '-DAMENT_CMAKE_SYMLINK_INSTALL=1', '-DCMAKE_INSTALL_PREFIX=/home/kim/projects/dexchef_ws/install/grasp_kitchen_ros2'], 'cwd': '/home/kim/projects/dexchef_ws/build/grasp_kitchen_ros2', 'env': OrderedDict([('LESSOPEN', '| /usr/bin/lesspipe %s'), ('CONDA_PROMPT_MODIFIER', ''), ('HTTPS_PROXY', 'http://127.0.0.1:7890'), ('no_proxy', '192.168.*,172.31.*,172.30.*,172.29.*,172.28.*,172.27.*,172.26.*,172.25.*,172.24.*,172.23.*,172.22.*,172.21.*,172.20.*,172.19.*,172.18.*,172.17.*,172.16.*,10.*,127.*,localhost,<local>'), ('USER', 'kim'), ('SHLVL', '1'), ('LD_LIBRARY_PATH', '/home/kim/projects/dexchef_ws/install/grasp_kitchen_interfaces/lib:/opt/ros/humble/opt/rviz_ogre_vendor/lib:/opt/ros/humble/lib/x86_64-linux-gnu:/opt/ros/humble/lib'), ('WT_PROFILE_ID', '{4ff56d04-d9cf-57ea-bae2-ad396374e7e3}'), ('MOTD_SHOWN', 'update-motd'), ('HOME', '/home/kim'), ('CONDA_SHLVL', '0'), ('OLDPWD', '/home/kim/projects/dexchef_ws/src'), ('NO_PROXY', '192.168.*,172.31.*,172.30.*,172.29.*,172.28.*,172.27.*,172.26.*,172.25.*,172.24.*,172.23.*,172.22.*,172.21.*,172.20.*,172.19.*,172.18.*,172.17.*,172.16.*,10.*,127.*,localhost,<local>'), ('ROS_PYTHON_VERSION', '3'), ('DBUS_SESSION_BUS_ADDRESS', 'unix:path=/run/user/1000/bus'), ('_CE_M', ''), ('WSL_DISTRO_NAME', 'Ubuntu-22.04'), ('_CONDA_ROOT', '/home/kim/anaconda3'), ('WAYLAND_DISPLAY', 'wayland-0'), ('https_proxy', 'http://127.0.0.1:7890'), ('ROS_DISTRO', 'humble'), ('LOGNAME', 'kim'), ('NAME', 'LINKERBOT-HJK'), ('WSL_INTEROP', '/run/WSL/339_interop'), ('http_proxy', 'http://127.0.0.1:7890'), ('PULSE_SERVER', 'unix:/mnt/wslg/PulseServer'), ('_', '/usr/bin/colcon'), ('ROS_VERSION', '2'), ('TERM', 'xterm-256color'), ('_CE_CONDA', ''), ('ROS_LOCALHOST_ONLY', '0'), ('PATH', '/home/kim/anaconda3/condabin:/opt/ros/humble/bin:/usr/local/sbin:/usr/local/bin:/usr/sbin:/usr/bin:/sbin:/bin:/usr/games:/usr/local/games:/usr/lib/wsl/lib:/mnt/c/Windows/system32:/mnt/c/Windows:/mnt/c/Windows/System32/Wbem:/mnt/c/Windows/System32/WindowsPowerShell/v1.0:/mnt/c/Windows/System32/OpenSSH:/mnt/c/Users/Junkai Huang/.local/bin:/mnt/c/Users/Junkai Huang/AppData/Local/Microsoft/WindowsApps:/mnt/c/vscode/Microsoft VS Code/bin:/snap/bin'), ('WT_SESSION', '903b231b-6717-444e-8b78-a8ba407431e1'), ('XDG_RUNTIME_DIR', '/run/user/1000/'), ('DISPLAY', ':0'), ('LANG', 'en_US.UTF-8'), ('LS_COLORS', 'rs=0:di=01;34:ln=01;36:mh=00:pi=40;33:so=01;35:do=01;35:bd=40;33;01:cd=40;33;01:or=40;31;01:mi=00:su=37;41:sg=30;43:ca=30;41:tw=30;42:ow=34;42:st=37;44:ex=01;32:*.tar=01;31:*.tgz=01;31:*.arc=01;31:*.arj=01;31:*.taz=01;31:*.lha=01;31:*.lz4=01;31:*.lzh=01;31:*.lzma=01;31:*.tlz=01;31:*.txz=01;31:*.tzo=01;31:*.t7z=01;31:*.zip=01;31:*.z=01;31:*.dz=01;31:*.gz=01;31:*.lrz=01;31:*.lz=01;31:*.lzo=01;31:*.xz=01;31:*.zst=01;31:*.tzst=01;31:*.bz2=01;31:*.bz=01;31:*.tbz=01;31:*.tbz2=01;31:*.tz=01;31:*.deb=01;31:*.rpm=01;31:*.jar=01;31:*.war=01;31:*.ear=01;31:*.sar=01;31:*.rar=01;31:*.alz=01;31:*.ace=01;31:*.zoo=01;31:*.cpio=01;31:*.7z=01;31:*.rz=01;31:*.cab=01;31:*.wim=01;31:*.swm=01;31:*.dwm=01;31:*.esd=01;31:*.jpg=01;35:*.jpeg=01;35:*.mjpg=01;35:*.mjpeg=01;35:*.gif=01;35:*.bmp=01;35:*.pbm=01;35:*.pgm=01;35:*.ppm=01;35:*.tga=01;35:*.xbm=01;35:*.xpm=01;35:*.tif=01;35:*.tiff=01;35:*.png=01;35:*.svg=01;35:*.svgz=01;35:*.mng=01;35:*.pcx=01;35:*.mov=01;35:*.mpg=01;35:*.mpeg=01;35:*.m2v=01;35:*.mkv=01;35:*.webm=01;35:*.webp=01;35:*.ogm=01;35:*.mp4=01;35:*.m4v=01;35:*.mp4v=01;35:*.vob=01;35:*.qt=01;35:*.nuv=01;35:*.wmv=01;35:*.asf=01;35:*.rm=01;35:*.rmvb=01;35:*.flc=01;35:*.avi=01;35:*.fli=01;35:*.flv=01;35:*.gl=01;35:*.dl=01;35:*.xcf=01;35:*.xwd=01;35:*.yuv=01;35:*.cgm=01;35:*.emf=01;35:*.ogv=01;35:*.ogx=01;35:*.aac=00;36:*.au=00;36:*.flac=00;36:*.m4a=00;36:*.mid=00;36:*.midi=00;36:*.mka=00;36:*.mp3=00;36:*.mpc=00;36:*.ogg=00;36:*.ra=00;36:*.wav=00;36:*.oga=00;36:*.opus=00;36:*.spx=00;36:*.xspf=00;36:'), ('AMENT_PREFIX_PATH', '/home/kim/projects/dexchef_ws/install/grasp_kitchen_interfaces:/opt/ros/humble'), ('CONDA_PYTHON_EXE', '/home/kim/anaconda3/bin/python'), ('SHELL', '/bin/bash'), ('LESSCLOSE', '/usr/bin/lesspipe %s %s'), ('CONDA_DEFAULT_ENV', ''), ('_CONDA_EXE', '/home/kim/anaconda3/bin/conda'), ('BASH_ENV', '/etc/bash.bashrc'), ('PWD', '/home/kim/projects/dexchef_ws/build/grasp_kitchen_ros2'), ('CONDA_EXE', '/home/kim/anaconda3/bin/conda'), ('XDG_DATA_DIRS', '/usr/local/share:/usr/share:/var/lib/snapd/desktop'), ('PYTHONPATH', '/home/kim/projects/dexchef_ws/install/grasp_kitchen_interfaces/local/lib/python3.10/dist-packages:/opt/ros/humble/lib/python3.10/site-packages:/opt/ros/humble/local/lib/python3.10/dist-packages'), ('HTTP_PROXY', 'http://127.0.0.1:7890'), ('CONDA_PREFIX', ''), ('COLCON', '1'), ('WSL2_GUI_APPS_ENABLED', '1'), ('HOSTTYPE', 'x86_64'), ('WSLENV', 'WT_SESSION:WT_PROFILE_ID:BASH_ENV/u'), ('CMAKE_PREFIX_PATH', '/home/kim/projects/dexchef_ws/install/grasp_kitchen_interfaces:/opt/ros/humble')]), 'shell': False}
[7.331749] (-) TimerEvent: {}
[7.390115] (grasp_kitchen_ros2) StdoutLine: {'line': b'-- The C compiler identification is GNU 11.4.0\n'}
[7.432054] (-) TimerEvent: {}
[7.537831] (-) TimerEvent: {}
[7.644929] (-) TimerEvent: {}
[7.690048] (grasp_kitchen_ros2) StdoutLine: {'line': b'-- The CXX compiler identification is GNU 11.4.0\n'}
[7.748606] (-) TimerEvent: {}
[7.855393] (-) TimerEvent: {}
[7.962153] (-) TimerEvent: {}
[7.972199] (grasp_kitchen_ros2) StdoutLine: {'line': b'-- Detecting C compiler ABI info\n'}
[8.062441] (-) TimerEvent: {}
[8.068359] (grasp_kitchen_ros2) StdoutLine: {'line': b'-- Detecting C compiler ABI info - done\n'}
[8.073054] (grasp_kitchen_ros2) StdoutLine: {'line': b'-- Check for working C compiler: /usr/bin/cc - skipped\n'}
[8.073148] (grasp_kitchen_ros2) StdoutLine: {'line': b'-- Detecting C compile features\n'}
[8.073469] (grasp_kitchen_ros2) StdoutLine: {'line': b'-- Detecting C compile features - done\n'}
[8.075439] (grasp_kitchen_ros2) StdoutLine: {'line': b'-- Detecting CXX compiler ABI info\n'}
[8.162675] (-) TimerEvent: {}
[8.182449] (grasp_kitchen_ros2) StdoutLine: {'line': b'-- Detecting CXX compiler ABI info - done\n'}
[8.188042] (grasp_kitchen_ros2) StdoutLine: {'line': b'-- Check for working CXX compiler: /usr/bin/c++ - skipped\n'}
[8.188143] (grasp_kitchen_ros2) StdoutLine: {'line': b'-- Detecting CXX compile features\n'}
[8.188399] (grasp_kitchen_ros2) StdoutLine: {'line': b'-- Detecting CXX compile features - done\n'}
[8.189855] (grasp_kitchen_ros2) StdoutLine: {'line': b'-- Found ament_cmake: 1.3.13 (/opt/ros/humble/share/ament_cmake/cmake)\n'}
[8.265216] (-) TimerEvent: {}
[8.288377] (grasp_kitchen_ros2) StdoutLine: {'line': b'-- Found Python3: /usr/bin/python3 (found version "3.10.12") found components: Interpreter \n'}
[8.329471] (grasp_kitchen_ros2) StdoutLine: {'line': b'-- Override CMake install command with custom implementation using symlinks instead of copying resources\n'}
[8.343222] (grasp_kitchen_ros2) StdoutLine: {'line': b'-- Found grasp_kitchen_interfaces: 0.1.0 (/home/kim/projects/dexchef_ws/install/grasp_kitchen_interfaces/share/grasp_kitchen_interfaces/cmake)\n'}
[8.366708] (-) TimerEvent: {}
[8.412870] (grasp_kitchen_ros2) StdoutLine: {'line': b'-- Found rosidl_generator_c: 3.1.8 (/opt/ros/humble/share/rosidl_generator_c/cmake)\n'}
[8.415717] (grasp_kitchen_ros2) StdoutLine: {'line': b'-- Found rosidl_adapter: 3.1.8 (/opt/ros/humble/share/rosidl_adapter/cmake)\n'}
[8.420700] (grasp_kitchen_ros2) StdoutLine: {'line': b'-- Found rosidl_generator_cpp: 3.1.8 (/opt/ros/humble/share/rosidl_generator_cpp/cmake)\n'}
[8.428111] (grasp_kitchen_ros2) StdoutLine: {'line': b'-- Using all available rosidl_typesupport_c: rosidl_typesupport_fastrtps_c;rosidl_typesupport_introspection_c\n'}
[8.437342] (grasp_kitchen_ros2) StdoutLine: {'line': b'-- Using all available rosidl_typesupport_cpp: rosidl_typesupport_fastrtps_cpp;rosidl_typesupport_introspection_cpp\n'}
[8.468792] (-) TimerEvent: {}
[8.575570] (-) TimerEvent: {}
[8.582046] (grasp_kitchen_ros2) StdoutLine: {'line': b'-- Configuring done\n'}
[8.586562] (grasp_kitchen_ros2) StdoutLine: {'line': b'-- Generating done\n'}
[8.589498] (grasp_kitchen_ros2) StdoutLine: {'line': b'-- Build files have been written to: /home/kim/projects/dexchef_ws/build/grasp_kitchen_ros2\n'}
[8.593916] (grasp_kitchen_ros2) CommandEnded: {'returncode': 0}
[8.594428] (grasp_kitchen_ros2) JobProgress: {'identifier': 'grasp_kitchen_ros2', 'progress': 'build'}
[8.594652] (grasp_kitchen_ros2) Command: {'cmd': ['/usr/bin/cmake', '--build', '/home/kim/projects/dexchef_ws/build/grasp_kitchen_ros2', '--', '-j16', '-l16'], 'cwd': '/home/kim/projects/dexchef_ws/build/grasp_kitchen_ros2', 'env': OrderedDict([('LESSOPEN', '| /usr/bin/lesspipe %s'), ('CONDA_PROMPT_MODIFIER', ''), ('HTTPS_PROXY', 'http://127.0.0.1:7890'), ('no_proxy', '192.168.*,172.31.*,172.30.*,172.29.*,172.28.*,172.27.*,172.26.*,172.25.*,172.24.*,172.23.*,172.22.*,172.21.*,172.20.*,172.19.*,172.18.*,172.17.*,172.16.*,10.*,127.*,localhost,<local>'), ('USER', 'kim'), ('SHLVL', '1'), ('LD_LIBRARY_PATH', '/home/kim/projects/dexchef_ws/install/grasp_kitchen_interfaces/lib:/opt/ros/humble/opt/rviz_ogre_vendor/lib:/opt/ros/humble/lib/x86_64-linux-gnu:/opt/ros/humble/lib'), ('WT_PROFILE_ID', '{4ff56d04-d9cf-57ea-bae2-ad396374e7e3}'), ('MOTD_SHOWN', 'update-motd'), ('HOME', '/home/kim'), ('CONDA_SHLVL', '0'), ('OLDPWD', '/home/kim/projects/dexchef_ws/src'), ('NO_PROXY', '192.168.*,172.31.*,172.30.*,172.29.*,172.28.*,172.27.*,172.26.*,172.25.*,172.24.*,172.23.*,172.22.*,172.21.*,172.20.*,172.19.*,172.18.*,172.17.*,172.16.*,10.*,127.*,localhost,<local>'), ('ROS_PYTHON_VERSION', '3'), ('DBUS_SESSION_BUS_ADDRESS', 'unix:path=/run/user/1000/bus'), ('_CE_M', ''), ('WSL_DISTRO_NAME', 'Ubuntu-22.04'), ('_CONDA_ROOT', '/home/kim/anaconda3'), ('WAYLAND_DISPLAY', 'wayland-0'), ('https_proxy', 'http://127.0.0.1:7890'), ('ROS_DISTRO', 'humble'), ('LOGNAME', 'kim'), ('NAME', 'LINKERBOT-HJK'), ('WSL_INTEROP', '/run/WSL/339_interop'), ('http_proxy', 'http://127.0.0.1:7890'), ('PULSE_SERVER', 'unix:/mnt/wslg/PulseServer'), ('_', '/usr/bin/colcon'), ('ROS_VERSION', '2'), ('TERM', 'xterm-256color'), ('_CE_CONDA', ''), ('ROS_LOCALHOST_ONLY', '0'), ('PATH', '/home/kim/anaconda3/condabin:/opt/ros/humble/bin:/usr/local/sbin:/usr/local/bin:/usr/sbin:/usr/bin:/sbin:/bin:/usr/games:/usr/local/games:/usr/lib/wsl/lib:/mnt/c/Windows/system32:/mnt/c/Windows:/mnt/c/Windows/System32/Wbem:/mnt/c/Windows/System32/WindowsPowerShell/v1.0:/mnt/c/Windows/System32/OpenSSH:/mnt/c/Users/Junkai Huang/.local/bin:/mnt/c/Users/Junkai Huang/AppData/Local/Microsoft/WindowsApps:/mnt/c/vscode/Microsoft VS Code/bin:/snap/bin'), ('WT_SESSION', '903b231b-6717-444e-8b78-a8ba407431e1'), ('XDG_RUNTIME_DIR', '/run/user/1000/'), ('DISPLAY', ':0'), ('LANG', 'en_US.UTF-8'), ('LS_COLORS', 'rs=0:di=01;34:ln=01;36:mh=00:pi=40;33:so=01;35:do=01;35:bd=40;33;01:cd=40;33;01:or=40;31;01:mi=00:su=37;41:sg=30;43:ca=30;41:tw=30;42:ow=34;42:st=37;44:ex=01;32:*.tar=01;31:*.tgz=01;31:*.arc=01;31:*.arj=01;31:*.taz=01;31:*.lha=01;31:*.lz4=01;31:*.lzh=01;31:*.lzma=01;31:*.tlz=01;31:*.txz=01;31:*.tzo=01;31:*.t7z=01;31:*.zip=01;31:*.z=01;31:*.dz=01;31:*.gz=01;31:*.lrz=01;31:*.lz=01;31:*.lzo=01;31:*.xz=01;31:*.zst=01;31:*.tzst=01;31:*.bz2=01;31:*.bz=01;31:*.tbz=01;31:*.tbz2=01;31:*.tz=01;31:*.deb=01;31:*.rpm=01;31:*.jar=01;31:*.war=01;31:*.ear=01;31:*.sar=01;31:*.rar=01;31:*.alz=01;31:*.ace=01;31:*.zoo=01;31:*.cpio=01;31:*.7z=01;31:*.rz=01;31:*.cab=01;31:*.wim=01;31:*.swm=01;31:*.dwm=01;31:*.esd=01;31:*.jpg=01;35:*.jpeg=01;35:*.mjpg=01;35:*.mjpeg=01;35:*.gif=01;35:*.bmp=01;35:*.pbm=01;35:*.pgm=01;35:*.ppm=01;35:*.tga=01;35:*.xbm=01;35:*.xpm=01;35:*.tif=01;35:*.tiff=01;35:*.png=01;35:*.svg=01;35:*.svgz=01;35:*.mng=01;35:*.pcx=01;35:*.mov=01;35:*.mpg=01;35:*.mpeg=01;35:*.m2v=01;35:*.mkv=01;35:*.webm=01;35:*.webp=01;35:*.ogm=01;35:*.mp4=01;35:*.m4v=01;35:*.mp4v=01;35:*.vob=01;35:*.qt=01;35:*.nuv=01;35:*.wmv=01;35:*.asf=01;35:*.rm=01;35:*.rmvb=01;35:*.flc=01;35:*.avi=01;35:*.fli=01;35:*.flv=01;35:*.gl=01;35:*.dl=01;35:*.xcf=01;35:*.xwd=01;35:*.yuv=01;35:*.cgm=01;35:*.emf=01;35:*.ogv=01;35:*.ogx=01;35:*.aac=00;36:*.au=00;36:*.flac=00;36:*.m4a=00;36:*.mid=00;36:*.midi=00;36:*.mka=00;36:*.mp3=00;36:*.mpc=00;36:*.ogg=00;36:*.ra=00;36:*.wav=00;36:*.oga=00;36:*.opus=00;36:*.spx=00;36:*.xspf=00;36:'), ('AMENT_PREFIX_PATH', '/home/kim/projects/dexchef_ws/install/grasp_kitchen_interfaces:/opt/ros/humble'), ('CONDA_PYTHON_EXE', '/home/kim/anaconda3/bin/python'), ('SHELL', '/bin/bash'), ('LESSCLOSE', '/usr/bin/lesspipe %s %s'), ('CONDA_DEFAULT_ENV', ''), ('_CONDA_EXE', '/home/kim/anaconda3/bin/conda'), ('BASH_ENV', '/etc/bash.bashrc'), ('PWD', '/home/kim/projects/dexchef_ws/build/grasp_kitchen_ros2'), ('CONDA_EXE', '/home/kim/anaconda3/bin/conda'), ('XDG_DATA_DIRS', '/usr/local/share:/usr/share:/var/lib/snapd/desktop'), ('PYTHONPATH', '/home/kim/projects/dexchef_ws/install/grasp_kitchen_interfaces/local/lib/python3.10/dist-packages:/opt/ros/humble/lib/python3.10/site-packages:/opt/ros/humble/local/lib/python3.10/dist-packages'), ('HTTP_PROXY', 'http://127.0.0.1:7890'), ('CONDA_PREFIX', ''), ('COLCON', '1'), ('WSL2_GUI_APPS_ENABLED', '1'), ('HOSTTYPE', 'x86_64'), ('WSLENV', 'WT_SESSION:WT_PROFILE_ID:BASH_ENV/u'), ('CMAKE_PREFIX_PATH', '/home/kim/projects/dexchef_ws/install/grasp_kitchen_interfaces:/opt/ros/humble')]), 'shell': False}
[8.630856] (grasp_kitchen_ros2) StdoutLine: {'line': b'Built target ament_cmake_python_symlink_grasp_kitchen_ros2_setup\n'}
[8.632177] (grasp_kitchen_ros2) StdoutLine: {'line': b'Built target ament_cmake_python_symlink_grasp_kitchen_ros2\n'}
[8.675930] (-) TimerEvent: {}
[8.771723] (grasp_kitchen_ros2) StdoutLine: {'line': b'running egg_info\n'}
[8.771927] (grasp_kitchen_ros2) StdoutLine: {'line': b'creating grasp_kitchen_ros2.egg-info\n'}
[8.772266] (grasp_kitchen_ros2) StdoutLine: {'line': b'writing grasp_kitchen_ros2.egg-info/PKG-INFO\n'}
[8.772329] (grasp_kitchen_ros2) StdoutLine: {'line': b'writing dependency_links to grasp_kitchen_ros2.egg-info/dependency_links.txt\n'}
[8.772435] (grasp_kitchen_ros2) StdoutLine: {'line': b'writing top-level names to grasp_kitchen_ros2.egg-info/top_level.txt\n'}
[8.772557] (grasp_kitchen_ros2) StdoutLine: {'line': b"writing manifest file 'grasp_kitchen_ros2.egg-info/SOURCES.txt'\n"}
[8.774221] (grasp_kitchen_ros2) StdoutLine: {'line': b"reading manifest file 'grasp_kitchen_ros2.egg-info/SOURCES.txt'\n"}
[8.774609] (grasp_kitchen_ros2) StdoutLine: {'line': b"writing manifest file 'grasp_kitchen_ros2.egg-info/SOURCES.txt'\n"}
[8.776141] (-) TimerEvent: {}
[8.791549] (grasp_kitchen_ros2) StdoutLine: {'line': b'Built target ament_cmake_python_build_grasp_kitchen_ros2_egg\n'}
[8.799358] (grasp_kitchen_ros2) CommandEnded: {'returncode': 0}
[8.799586] (grasp_kitchen_ros2) JobProgress: {'identifier': 'grasp_kitchen_ros2', 'progress': 'install'}
[8.799604] (grasp_kitchen_ros2) Command: {'cmd': ['/usr/bin/cmake', '--install', '/home/kim/projects/dexchef_ws/build/grasp_kitchen_ros2'], 'cwd': '/home/kim/projects/dexchef_ws/build/grasp_kitchen_ros2', 'env': OrderedDict([('LESSOPEN', '| /usr/bin/lesspipe %s'), ('CONDA_PROMPT_MODIFIER', ''), ('HTTPS_PROXY', 'http://127.0.0.1:7890'), ('no_proxy', '192.168.*,172.31.*,172.30.*,172.29.*,172.28.*,172.27.*,172.26.*,172.25.*,172.24.*,172.23.*,172.22.*,172.21.*,172.20.*,172.19.*,172.18.*,172.17.*,172.16.*,10.*,127.*,localhost,<local>'), ('USER', 'kim'), ('SHLVL', '1'), ('LD_LIBRARY_PATH', '/home/kim/projects/dexchef_ws/install/grasp_kitchen_interfaces/lib:/opt/ros/humble/opt/rviz_ogre_vendor/lib:/opt/ros/humble/lib/x86_64-linux-gnu:/opt/ros/humble/lib'), ('WT_PROFILE_ID', '{4ff56d04-d9cf-57ea-bae2-ad396374e7e3}'), ('MOTD_SHOWN', 'update-motd'), ('HOME', '/home/kim'), ('CONDA_SHLVL', '0'), ('OLDPWD', '/home/kim/projects/dexchef_ws/src'), ('NO_PROXY', '192.168.*,172.31.*,172.30.*,172.29.*,172.28.*,172.27.*,172.26.*,172.25.*,172.24.*,172.23.*,172.22.*,172.21.*,172.20.*,172.19.*,172.18.*,172.17.*,172.16.*,10.*,127.*,localhost,<local>'), ('ROS_PYTHON_VERSION', '3'), ('DBUS_SESSION_BUS_ADDRESS', 'unix:path=/run/user/1000/bus'), ('_CE_M', ''), ('WSL_DISTRO_NAME', 'Ubuntu-22.04'), ('_CONDA_ROOT', '/home/kim/anaconda3'), ('WAYLAND_DISPLAY', 'wayland-0'), ('https_proxy', 'http://127.0.0.1:7890'), ('ROS_DISTRO', 'humble'), ('LOGNAME', 'kim'), ('NAME', 'LINKERBOT-HJK'), ('WSL_INTEROP', '/run/WSL/339_interop'), ('http_proxy', 'http://127.0.0.1:7890'), ('PULSE_SERVER', 'unix:/mnt/wslg/PulseServer'), ('_', '/usr/bin/colcon'), ('ROS_VERSION', '2'), ('TERM', 'xterm-256color'), ('_CE_CONDA', ''), ('ROS_LOCALHOST_ONLY', '0'), ('PATH', '/home/kim/anaconda3/condabin:/opt/ros/humble/bin:/usr/local/sbin:/usr/local/bin:/usr/sbin:/usr/bin:/sbin:/bin:/usr/games:/usr/local/games:/usr/lib/wsl/lib:/mnt/c/Windows/system32:/mnt/c/Windows:/mnt/c/Windows/System32/Wbem:/mnt/c/Windows/System32/WindowsPowerShell/v1.0:/mnt/c/Windows/System32/OpenSSH:/mnt/c/Users/Junkai Huang/.local/bin:/mnt/c/Users/Junkai Huang/AppData/Local/Microsoft/WindowsApps:/mnt/c/vscode/Microsoft VS Code/bin:/snap/bin'), ('WT_SESSION', '903b231b-6717-444e-8b78-a8ba407431e1'), ('XDG_RUNTIME_DIR', '/run/user/1000/'), ('DISPLAY', ':0'), ('LANG', 'en_US.UTF-8'), ('LS_COLORS', 'rs=0:di=01;34:ln=01;36:mh=00:pi=40;33:so=01;35:do=01;35:bd=40;33;01:cd=40;33;01:or=40;31;01:mi=00:su=37;41:sg=30;43:ca=30;41:tw=30;42:ow=34;42:st=37;44:ex=01;32:*.tar=01;31:*.tgz=01;31:*.arc=01;31:*.arj=01;31:*.taz=01;31:*.lha=01;31:*.lz4=01;31:*.lzh=01;31:*.lzma=01;31:*.tlz=01;31:*.txz=01;31:*.tzo=01;31:*.t7z=01;31:*.zip=01;31:*.z=01;31:*.dz=01;31:*.gz=01;31:*.lrz=01;31:*.lz=01;31:*.lzo=01;31:*.xz=01;31:*.zst=01;31:*.tzst=01;31:*.bz2=01;31:*.bz=01;31:*.tbz=01;31:*.tbz2=01;31:*.tz=01;31:*.deb=01;31:*.rpm=01;31:*.jar=01;31:*.war=01;31:*.ear=01;31:*.sar=01;31:*.rar=01;31:*.alz=01;31:*.ace=01;31:*.zoo=01;31:*.cpio=01;31:*.7z=01;31:*.rz=01;31:*.cab=01;31:*.wim=01;31:*.swm=01;31:*.dwm=01;31:*.esd=01;31:*.jpg=01;35:*.jpeg=01;35:*.mjpg=01;35:*.mjpeg=01;35:*.gif=01;35:*.bmp=01;35:*.pbm=01;35:*.pgm=01;35:*.ppm=01;35:*.tga=01;35:*.xbm=01;35:*.xpm=01;35:*.tif=01;35:*.tiff=01;35:*.png=01;35:*.svg=01;35:*.svgz=01;35:*.mng=01;35:*.pcx=01;35:*.mov=01;35:*.mpg=01;35:*.mpeg=01;35:*.m2v=01;35:*.mkv=01;35:*.webm=01;35:*.webp=01;35:*.ogm=01;35:*.mp4=01;35:*.m4v=01;35:*.mp4v=01;35:*.vob=01;35:*.qt=01;35:*.nuv=01;35:*.wmv=01;35:*.asf=01;35:*.rm=01;35:*.rmvb=01;35:*.flc=01;35:*.avi=01;35:*.fli=01;35:*.flv=01;35:*.gl=01;35:*.dl=01;35:*.xcf=01;35:*.xwd=01;35:*.yuv=01;35:*.cgm=01;35:*.emf=01;35:*.ogv=01;35:*.ogx=01;35:*.aac=00;36:*.au=00;36:*.flac=00;36:*.m4a=00;36:*.mid=00;36:*.midi=00;36:*.mka=00;36:*.mp3=00;36:*.mpc=00;36:*.ogg=00;36:*.ra=00;36:*.wav=00;36:*.oga=00;36:*.opus=00;36:*.spx=00;36:*.xspf=00;36:'), ('AMENT_PREFIX_PATH', '/home/kim/projects/dexchef_ws/install/grasp_kitchen_interfaces:/opt/ros/humble'), ('CONDA_PYTHON_EXE', '/home/kim/anaconda3/bin/python'), ('SHELL', '/bin/bash'), ('LESSCLOSE', '/usr/bin/lesspipe %s %s'), ('CONDA_DEFAULT_ENV', ''), ('_CONDA_EXE', '/home/kim/anaconda3/bin/conda'), ('BASH_ENV', '/etc/bash.bashrc'), ('PWD', '/home/kim/projects/dexchef_ws/build/grasp_kitchen_ros2'), ('CONDA_EXE', '/home/kim/anaconda3/bin/conda'), ('XDG_DATA_DIRS', '/usr/local/share:/usr/share:/var/lib/snapd/desktop'), ('PYTHONPATH', '/home/kim/projects/dexchef_ws/install/grasp_kitchen_interfaces/local/lib/python3.10/dist-packages:/opt/ros/humble/lib/python3.10/site-packages:/opt/ros/humble/local/lib/python3.10/dist-packages'), ('HTTP_PROXY', 'http://127.0.0.1:7890'), ('CONDA_PREFIX', ''), ('COLCON', '1'), ('WSL2_GUI_APPS_ENABLED', '1'), ('HOSTTYPE', 'x86_64'), ('WSLENV', 'WT_SESSION:WT_PROFILE_ID:BASH_ENV/u'), ('CMAKE_PREFIX_PATH', '/home/kim/projects/dexchef_ws/install/grasp_kitchen_interfaces:/opt/ros/humble')]), 'shell': False}
[8.803739] (grasp_kitchen_ros2) StdoutLine: {'line': b'-- Install configuration: ""\n'}
[8.804058] (grasp_kitchen_ros2) StdoutLine: {'line': b'-- Execute custom install script\n'}
[8.804625] (grasp_kitchen_ros2) StdoutLine: {'line': b'-- Symlinking: /home/kim/projects/dexchef_ws/install/grasp_kitchen_ros2/share/grasp_kitchen_ros2/environment/pythonpath.sh\n'}
[8.809749] (grasp_kitchen_ros2) StdoutLine: {'line': b'-- Symlinking: /home/kim/projects/dexchef_ws/install/grasp_kitchen_ros2/share/grasp_kitchen_ros2/environment/pythonpath.dsv\n'}
[8.815715] (grasp_kitchen_ros2) StdoutLine: {'line': b'-- Symlinking: /home/kim/projects/dexchef_ws/install/grasp_kitchen_ros2/local/lib/python3.10/dist-packages/grasp_kitchen_ros2-1.0.0-py3.10.egg-info/PKG-INFO\n'}
[8.821043] (grasp_kitchen_ros2) StdoutLine: {'line': b'-- Symlinking: /home/kim/projects/dexchef_ws/install/grasp_kitchen_ros2/local/lib/python3.10/dist-packages/grasp_kitchen_ros2-1.0.0-py3.10.egg-info/SOURCES.txt\n'}
[8.826535] (grasp_kitchen_ros2) StdoutLine: {'line': b'-- Symlinking: /home/kim/projects/dexchef_ws/install/grasp_kitchen_ros2/local/lib/python3.10/dist-packages/grasp_kitchen_ros2-1.0.0-py3.10.egg-info/dependency_links.txt\n'}
[8.831764] (grasp_kitchen_ros2) StdoutLine: {'line': b'-- Symlinking: /home/kim/projects/dexchef_ws/install/grasp_kitchen_ros2/local/lib/python3.10/dist-packages/grasp_kitchen_ros2-1.0.0-py3.10.egg-info/top_level.txt\n'}
[8.843344] (grasp_kitchen_ros2) StdoutLine: {'line': b'-- Symlinking: /home/kim/projects/dexchef_ws/install/grasp_kitchen_ros2/local/lib/python3.10/dist-packages/grasp_kitchen_ros2/__init__.py\n'}
[8.848799] (grasp_kitchen_ros2) StdoutLine: {'line': b'-- Symlinking: /home/kim/projects/dexchef_ws/install/grasp_kitchen_ros2/local/lib/python3.10/dist-packages/grasp_kitchen_ros2/camera_driver_node.py\n'}
[8.853959] (grasp_kitchen_ros2) StdoutLine: {'line': b'-- Symlinking: /home/kim/projects/dexchef_ws/install/grasp_kitchen_ros2/local/lib/python3.10/dist-packages/grasp_kitchen_ros2/lbot_catch/HOW_TO_ACHIEVE_10MM_PRECISION.md\n'}
[8.858912] (grasp_kitchen_ros2) StdoutLine: {'line': b'-- Symlinking: /home/kim/projects/dexchef_ws/install/grasp_kitchen_ros2/local/lib/python3.10/dist-packages/grasp_kitchen_ros2/lbot_catch/README.md\n'}
[8.864192] (grasp_kitchen_ros2) StdoutLine: {'line': b'-- Symlinking: /home/kim/projects/dexchef_ws/install/grasp_kitchen_ros2/local/lib/python3.10/dist-packages/grasp_kitchen_ros2/lbot_catch/arm_api/C++/include/lbot_api.h\n'}
[8.869971] (grasp_kitchen_ros2) StdoutLine: {'line': b'-- Symlinking: /home/kim/projects/dexchef_ws/install/grasp_kitchen_ros2/local/lib/python3.10/dist-packages/grasp_kitchen_ros2/lbot_catch/arm_api/C++/include/lbot_api_cpp.h\n'}
[8.874953] (grasp_kitchen_ros2) StdoutLine: {'line': b'-- Symlinking: /home/kim/projects/dexchef_ws/install/grasp_kitchen_ros2/local/lib/python3.10/dist-packages/grasp_kitchen_ros2/lbot_catch/arm_api/C++/include/lbot_types.h\n'}
[8.876430] (-) TimerEvent: {}
[8.880040] (grasp_kitchen_ros2) StdoutLine: {'line': b'-- Symlinking: /home/kim/projects/dexchef_ws/install/grasp_kitchen_ros2/local/lib/python3.10/dist-packages/grasp_kitchen_ros2/lbot_catch/arm_api/C++/include/lbot_version.h\n'}
[8.885788] (grasp_kitchen_ros2) StdoutLine: {'line': b'-- Symlinking: /home/kim/projects/dexchef_ws/install/grasp_kitchen_ros2/local/lib/python3.10/dist-packages/grasp_kitchen_ros2/lbot_catch/arm_api/C++/libs/linux/linux_arm64/liblbot_api_cpp.so\n'}
[8.891296] (grasp_kitchen_ros2) StdoutLine: {'line': b'-- Symlinking: /home/kim/projects/dexchef_ws/install/grasp_kitchen_ros2/local/lib/python3.10/dist-packages/grasp_kitchen_ros2/lbot_catch/arm_api/C++/libs/linux/linux_arm64/liblbot_api_cpp.so.1\n'}
[8.896366] (grasp_kitchen_ros2) StdoutLine: {'line': b'-- Symlinking: /home/kim/projects/dexchef_ws/install/grasp_kitchen_ros2/local/lib/python3.10/dist-packages/grasp_kitchen_ros2/lbot_catch/arm_api/C++/libs/linux/linux_arm64/liblbot_api_cpp.so.1.0.1\n'}
[8.901729] (grasp_kitchen_ros2) StdoutLine: {'line': b'-- Symlinking: /home/kim/projects/dexchef_ws/install/grasp_kitchen_ros2/local/lib/python3.10/dist-packages/grasp_kitchen_ros2/lbot_catch/arm_api/C++/libs/linux/linux_x64/liblbot_api_cpp.so\n'}
[8.906805] (grasp_kitchen_ros2) StdoutLine: {'line': b'-- Symlinking: /home/kim/projects/dexchef_ws/install/grasp_kitchen_ros2/local/lib/python3.10/dist-packages/grasp_kitchen_ros2/lbot_catch/arm_api/C++/libs/linux/linux_x64/liblbot_api_cpp.so.1\n'}
[8.911681] (grasp_kitchen_ros2) StdoutLine: {'line': b'-- Symlinking: /home/kim/projects/dexchef_ws/install/grasp_kitchen_ros2/local/lib/python3.10/dist-packages/grasp_kitchen_ros2/lbot_catch/arm_api/C++/libs/linux/linux_x64/liblbot_api_cpp.so.1.0.1\n'}
[8.916629] (grasp_kitchen_ros2) StdoutLine: {'line': b'-- Symlinking: /home/kim/projects/dexchef_ws/install/grasp_kitchen_ros2/local/lib/python3.10/dist-packages/grasp_kitchen_ros2/lbot_catch/arm_api/C++/readme.md\n'}
[8.922733] (grasp_kitchen_ros2) StdoutLine: {'line': b'-- Symlinking: /home/kim/projects/dexchef_ws/install/grasp_kitchen_ros2/local/lib/python3.10/dist-packages/grasp_kitchen_ros2/lbot_catch/arm_api/C/include/lbot_api.h\n'}
[8.927750] (grasp_kitchen_ros2) StdoutLine: {'line': b'-- Symlinking: /home/kim/projects/dexchef_ws/install/grasp_kitchen_ros2/local/lib/python3.10/dist-packages/grasp_kitchen_ros2/lbot_catch/arm_api/C/include/lbot_types.h\n'}
[8.932531] (grasp_kitchen_ros2) StdoutLine: {'line': b'-- Symlinking: /home/kim/projects/dexchef_ws/install/grasp_kitchen_ros2/local/lib/python3.10/dist-packages/grasp_kitchen_ros2/lbot_catch/arm_api/C/include/lbot_version.h\n'}
[8.938351] (grasp_kitchen_ros2) StdoutLine: {'line': b'-- Symlinking: /home/kim/projects/dexchef_ws/install/grasp_kitchen_ros2/local/lib/python3.10/dist-packages/grasp_kitchen_ros2/lbot_catch/arm_api/C/libs/linux/linux_arm64/liblbot_api.so\n'}
[8.943425] (grasp_kitchen_ros2) StdoutLine: {'line': b'-- Symlinking: /home/kim/projects/dexchef_ws/install/grasp_kitchen_ros2/local/lib/python3.10/dist-packages/grasp_kitchen_ros2/lbot_catch/arm_api/C/libs/linux/linux_arm64/liblbot_api.so.1\n'}
[8.948324] (grasp_kitchen_ros2) StdoutLine: {'line': b'-- Symlinking: /home/kim/projects/dexchef_ws/install/grasp_kitchen_ros2/local/lib/python3.10/dist-packages/grasp_kitchen_ros2/lbot_catch/arm_api/C/libs/linux/linux_arm64/liblbot_api.so.1.0.1\n'}
[8.953199] (grasp_kitchen_ros2) StdoutLine: {'line': b'-- Symlinking: /home/kim/projects/dexchef_ws/install/grasp_kitchen_ros2/local/lib/python3.10/dist-packages/grasp_kitchen_ros2/lbot_catch/arm_api/C/libs/linux/linux_x64/liblbot_api.so\n'}
[8.958869] (grasp_kitchen_ros2) StdoutLine: {'line': b'-- Symlinking: /home/kim/projects/dexchef_ws/install/grasp_kitchen_ros2/local/lib/python3.10/dist-packages/grasp_kitchen_ros2/lbot_catch/arm_api/C/libs/linux/linux_x64/liblbot_api.so.1\n'}
[8.963823] (grasp_kitchen_ros2) StdoutLine: {'line': b'-- Symlinking: /home/kim/projects/dexchef_ws/install/grasp_kitchen_ros2/local/lib/python3.10/dist-packages/grasp_kitchen_ros2/lbot_catch/arm_api/C/libs/linux/linux_x64/liblbot_api.so.1.0.1\n'}
[8.968652] (grasp_kitchen_ros2) StdoutLine: {'line': b'-- Symlinking: /home/kim/projects/dexchef_ws/install/grasp_kitchen_ros2/local/lib/python3.10/dist-packages/grasp_kitchen_ros2/lbot_catch/arm_api/C/readme.md\n'}
[8.973917] (grasp_kitchen_ros2) StdoutLine: {'line': b'-- Symlinking: /home/kim/projects/dexchef_ws/install/grasp_kitchen_ros2/local/lib/python3.10/dist-packages/grasp_kitchen_ros2/lbot_catch/arm_api/Demo/demo_c++/lbot_fk_ik/CMakeLists.txt\n'}
[8.976724] (-) TimerEvent: {}
[8.979583] (grasp_kitchen_ros2) StdoutLine: {'line': b'-- Symlinking: /home/kim/projects/dexchef_ws/install/grasp_kitchen_ros2/local/lib/python3.10/dist-packages/grasp_kitchen_ros2/lbot_catch/arm_api/Demo/demo_c++/lbot_fk_ik/build/CMakeCache.txt\n'}
[8.984794] (grasp_kitchen_ros2) StdoutLine: {'line': b'-- Symlinking: /home/kim/projects/dexchef_ws/install/grasp_kitchen_ros2/local/lib/python3.10/dist-packages/grasp_kitchen_ros2/lbot_catch/arm_api/Demo/demo_c++/lbot_fk_ik/build/CMakeFiles/3.28.3/CMakeCXXCompiler.cmake\n'}
[8.990687] (grasp_kitchen_ros2) StdoutLine: {'line': b'-- Symlinking: /home/kim/projects/dexchef_ws/install/grasp_kitchen_ros2/local/lib/python3.10/dist-packages/grasp_kitchen_ros2/lbot_catch/arm_api/Demo/demo_c++/lbot_fk_ik/build/CMakeFiles/3.28.3/CMakeDetermineCompilerABI_CXX.bin\n'}
[8.996379] (grasp_kitchen_ros2) StdoutLine: {'line': b'-- Symlinking: /home/kim/projects/dexchef_ws/install/grasp_kitchen_ros2/local/lib/python3.10/dist-packages/grasp_kitchen_ros2/lbot_catch/arm_api/Demo/demo_c++/lbot_fk_ik/build/CMakeFiles/3.28.3/CMakeSystem.cmake\n'}
[9.001740] (grasp_kitchen_ros2) StdoutLine: {'line': b'-- Symlinking: /home/kim/projects/dexchef_ws/install/grasp_kitchen_ros2/local/lib/python3.10/dist-packages/grasp_kitchen_ros2/lbot_catch/arm_api/Demo/demo_c++/lbot_fk_ik/build/CMakeFiles/3.28.3/CompilerIdCXX/CMakeCXXCompilerId.cpp\n'}
[9.007455] (grasp_kitchen_ros2) StdoutLine: {'line': b'-- Symlinking: /home/kim/projects/dexchef_ws/install/grasp_kitchen_ros2/local/lib/python3.10/dist-packages/grasp_kitchen_ros2/lbot_catch/arm_api/Demo/demo_c++/lbot_fk_ik/build/CMakeFiles/3.28.3/CompilerIdCXX/a.out\n'}
[9.012063] (grasp_kitchen_ros2) StdoutLine: {'line': b'-- Symlinking: /home/kim/projects/dexchef_ws/install/grasp_kitchen_ros2/local/lib/python3.10/dist-packages/grasp_kitchen_ros2/lbot_catch/arm_api/Demo/demo_c++/lbot_fk_ik/build/CMakeFiles/CMakeConfigureLog.yaml\n'}
[9.017242] (grasp_kitchen_ros2) StdoutLine: {'line': b'-- Symlinking: /home/kim/projects/dexchef_ws/install/grasp_kitchen_ros2/local/lib/python3.10/dist-packages/grasp_kitchen_ros2/lbot_catch/arm_api/Demo/demo_c++/lbot_fk_ik/build/CMakeFiles/CMakeDirectoryInformation.cmake\n'}
[9.022555] (grasp_kitchen_ros2) StdoutLine: {'line': b'-- Symlinking: /home/kim/projects/dexchef_ws/install/grasp_kitchen_ros2/local/lib/python3.10/dist-packages/grasp_kitchen_ros2/lbot_catch/arm_api/Demo/demo_c++/lbot_fk_ik/build/CMakeFiles/Makefile.cmake\n'}
[9.027791] (grasp_kitchen_ros2) StdoutLine: {'line': b'-- Symlinking: /home/kim/projects/dexchef_ws/install/grasp_kitchen_ros2/local/lib/python3.10/dist-packages/grasp_kitchen_ros2/lbot_catch/arm_api/Demo/demo_c++/lbot_fk_ik/build/CMakeFiles/Makefile2\n'}
[9.033008] (grasp_kitchen_ros2) StdoutLine: {'line': b'-- Symlinking: /home/kim/projects/dexchef_ws/install/grasp_kitchen_ros2/local/lib/python3.10/dist-packages/grasp_kitchen_ros2/lbot_catch/arm_api/Demo/demo_c++/lbot_fk_ik/build/CMakeFiles/TargetDirectories.txt\n'}
[9.038201] (grasp_kitchen_ros2) StdoutLine: {'line': b'-- Symlinking: /home/kim/projects/dexchef_ws/install/grasp_kitchen_ros2/local/lib/python3.10/dist-packages/grasp_kitchen_ros2/lbot_catch/arm_api/Demo/demo_c++/lbot_fk_ik/build/CMakeFiles/cmake.check_cache\n'}
[9.044164] (grasp_kitchen_ros2) StdoutLine: {'line': b'-- Symlinking: /home/kim/projects/dexchef_ws/install/grasp_kitchen_ros2/local/lib/python3.10/dist-packages/grasp_kitchen_ros2/lbot_catch/arm_api/Demo/demo_c++/lbot_fk_ik/build/CMakeFiles/lbot_fk_ik.dir/DependInfo.cmake\n'}
[9.049579] (grasp_kitchen_ros2) StdoutLine: {'line': b'-- Symlinking: /home/kim/projects/dexchef_ws/install/grasp_kitchen_ros2/local/lib/python3.10/dist-packages/grasp_kitchen_ros2/lbot_catch/arm_api/Demo/demo_c++/lbot_fk_ik/build/CMakeFiles/lbot_fk_ik.dir/build.make\n'}
[9.054938] (grasp_kitchen_ros2) StdoutLine: {'line': b'-- Symlinking: /home/kim/projects/dexchef_ws/install/grasp_kitchen_ros2/local/lib/python3.10/dist-packages/grasp_kitchen_ros2/lbot_catch/arm_api/Demo/demo_c++/lbot_fk_ik/build/CMakeFiles/lbot_fk_ik.dir/cmake_clean.cmake\n'}
[9.060072] (grasp_kitchen_ros2) StdoutLine: {'line': b'-- Symlinking: /home/kim/projects/dexchef_ws/install/grasp_kitchen_ros2/local/lib/python3.10/dist-packages/grasp_kitchen_ros2/lbot_catch/arm_api/Demo/demo_c++/lbot_fk_ik/build/CMakeFiles/lbot_fk_ik.dir/compiler_depend.make\n'}
[9.065230] (grasp_kitchen_ros2) StdoutLine: {'line': b'-- Symlinking: /home/kim/projects/dexchef_ws/install/grasp_kitchen_ros2/local/lib/python3.10/dist-packages/grasp_kitchen_ros2/lbot_catch/arm_api/Demo/demo_c++/lbot_fk_ik/build/CMakeFiles/lbot_fk_ik.dir/compiler_depend.ts\n'}
[9.070459] (grasp_kitchen_ros2) StdoutLine: {'line': b'-- Symlinking: /home/kim/projects/dexchef_ws/install/grasp_kitchen_ros2/local/lib/python3.10/dist-packages/grasp_kitchen_ros2/lbot_catch/arm_api/Demo/demo_c++/lbot_fk_ik/build/CMakeFiles/lbot_fk_ik.dir/depend.make\n'}
[9.075713] (grasp_kitchen_ros2) StdoutLine: {'line': b'-- Symlinking: /home/kim/projects/dexchef_ws/install/grasp_kitchen_ros2/local/lib/python3.10/dist-packages/grasp_kitchen_ros2/lbot_catch/arm_api/Demo/demo_c++/lbot_fk_ik/build/CMakeFiles/lbot_fk_ik.dir/flags.make\n'}
[9.076863] (-) TimerEvent: {}
[9.081276] (grasp_kitchen_ros2) StdoutLine: {'line': b'-- Symlinking: /home/kim/projects/dexchef_ws/install/grasp_kitchen_ros2/local/lib/python3.10/dist-packages/grasp_kitchen_ros2/lbot_catch/arm_api/Demo/demo_c++/lbot_fk_ik/build/CMakeFiles/lbot_fk_ik.dir/link.txt\n'}
[9.086602] (grasp_kitchen_ros2) StdoutLine: {'line': b'-- Symlinking: /home/kim/projects/dexchef_ws/install/grasp_kitchen_ros2/local/lib/python3.10/dist-packages/grasp_kitchen_ros2/lbot_catch/arm_api/Demo/demo_c++/lbot_fk_ik/build/CMakeFiles/lbot_fk_ik.dir/progress.make\n'}
[9.091854] (grasp_kitchen_ros2) StdoutLine: {'line': b'-- Symlinking: /home/kim/projects/dexchef_ws/install/grasp_kitchen_ros2/local/lib/python3.10/dist-packages/grasp_kitchen_ros2/lbot_catch/arm_api/Demo/demo_c++/lbot_fk_ik/build/CMakeFiles/lbot_fk_ik.dir/src/main.cpp.o\n'}
[9.096977] (grasp_kitchen_ros2) StdoutLine: {'line': b'-- Symlinking: /home/kim/projects/dexchef_ws/install/grasp_kitchen_ros2/local/lib/python3.10/dist-packages/grasp_kitchen_ros2/lbot_catch/arm_api/Demo/demo_c++/lbot_fk_ik/build/CMakeFiles/lbot_fk_ik.dir/src/main.cpp.o.d\n'}
[9.102406] (grasp_kitchen_ros2) StdoutLine: {'line': b'-- Symlinking: /home/kim/projects/dexchef_ws/install/grasp_kitchen_ros2/local/lib/python3.10/dist-packages/grasp_kitchen_ros2/lbot_catch/arm_api/Demo/demo_c++/lbot_fk_ik/build/CMakeFiles/progress.marks\n'}
[9.107464] (grasp_kitchen_ros2) StdoutLine: {'line': b'-- Symlinking: /home/kim/projects/dexchef_ws/install/grasp_kitchen_ros2/local/lib/python3.10/dist-packages/grasp_kitchen_ros2/lbot_catch/arm_api/Demo/demo_c++/lbot_fk_ik/build/Makefile\n'}
[9.112816] (grasp_kitchen_ros2) StdoutLine: {'line': b'-- Symlinking: /home/kim/projects/dexchef_ws/install/grasp_kitchen_ros2/local/lib/python3.10/dist-packages/grasp_kitchen_ros2/lbot_catch/arm_api/Demo/demo_c++/lbot_fk_ik/build/cmake_install.cmake\n'}
[9.118274] (grasp_kitchen_ros2) StdoutLine: {'line': b'-- Symlinking: /home/kim/projects/dexchef_ws/install/grasp_kitchen_ros2/local/lib/python3.10/dist-packages/grasp_kitchen_ros2/lbot_catch/arm_api/Demo/demo_c++/lbot_fk_ik/build/lbot_fk_ik\n'}
[9.123404] (grasp_kitchen_ros2) StdoutLine: {'line': b'-- Symlinking: /home/kim/projects/dexchef_ws/install/grasp_kitchen_ros2/local/lib/python3.10/dist-packages/grasp_kitchen_ros2/lbot_catch/arm_api/Demo/demo_c++/lbot_fk_ik/build/liblbot_api_cpp.so\n'}
[9.128563] (grasp_kitchen_ros2) StdoutLine: {'line': b'-- Symlinking: /home/kim/projects/dexchef_ws/install/grasp_kitchen_ros2/local/lib/python3.10/dist-packages/grasp_kitchen_ros2/lbot_catch/arm_api/Demo/demo_c++/lbot_fk_ik/run.sh\n'}
[9.134063] (grasp_kitchen_ros2) StdoutLine: {'line': b'-- Symlinking: /home/kim/projects/dexchef_ws/install/grasp_kitchen_ros2/local/lib/python3.10/dist-packages/grasp_kitchen_ros2/lbot_catch/arm_api/Demo/demo_c++/lbot_fk_ik/src/main.cpp\n'}
[9.139560] (grasp_kitchen_ros2) StdoutLine: {'line': b'-- Symlinking: /home/kim/projects/dexchef_ws/install/grasp_kitchen_ros2/local/lib/python3.10/dist-packages/grasp_kitchen_ros2/lbot_catch/arm_api/Demo/demo_c++/lbot_frame/CMakeLists.txt\n'}
[9.144811] (grasp_kitchen_ros2) StdoutLine: {'line': b'-- Symlinking: /home/kim/projects/dexchef_ws/install/grasp_kitchen_ros2/local/lib/python3.10/dist-packages/grasp_kitchen_ros2/lbot_catch/arm_api/Demo/demo_c++/lbot_frame/build/CMakeCache.txt\n'}
[9.168255] (grasp_kitchen_ros2) StdoutLine: {'line': b'-- Symlinking: /home/kim/projects/dexchef_ws/install/grasp_kitchen_ros2/local/lib/python3.10/dist-packages/grasp_kitchen_ros2/lbot_catch/arm_api/Demo/demo_c++/lbot_frame/build/CMakeFiles/3.28.3/CMakeCXXCompiler.cmake\n'}
[9.175789] (grasp_kitchen_ros2) StdoutLine: {'line': b'-- Symlinking: /home/kim/projects/dexchef_ws/install/grasp_kitchen_ros2/local/lib/python3.10/dist-packages/grasp_kitchen_ros2/lbot_catch/arm_api/Demo/demo_c++/lbot_frame/build/CMakeFiles/3.28.3/CMakeDetermineCompilerABI_CXX.bin\n'}
[9.177067] (-) TimerEvent: {}
[9.181092] (grasp_kitchen_ros2) StdoutLine: {'line': b'-- Symlinking: /home/kim/projects/dexchef_ws/install/grasp_kitchen_ros2/local/lib/python3.10/dist-packages/grasp_kitchen_ros2/lbot_catch/arm_api/Demo/demo_c++/lbot_frame/build/CMakeFiles/3.28.3/CMakeSystem.cmake\n'}
[9.186944] (grasp_kitchen_ros2) StdoutLine: {'line': b'-- Symlinking: /home/kim/projects/dexchef_ws/install/grasp_kitchen_ros2/local/lib/python3.10/dist-packages/grasp_kitchen_ros2/lbot_catch/arm_api/Demo/demo_c++/lbot_frame/build/CMakeFiles/3.28.3/CompilerIdCXX/CMakeCXXCompilerId.cpp\n'}
[9.192081] (grasp_kitchen_ros2) StdoutLine: {'line': b'-- Symlinking: /home/kim/projects/dexchef_ws/install/grasp_kitchen_ros2/local/lib/python3.10/dist-packages/grasp_kitchen_ros2/lbot_catch/arm_api/Demo/demo_c++/lbot_frame/build/CMakeFiles/3.28.3/CompilerIdCXX/a.out\n'}
[9.197785] (grasp_kitchen_ros2) StdoutLine: {'line': b'-- Symlinking: /home/kim/projects/dexchef_ws/install/grasp_kitchen_ros2/local/lib/python3.10/dist-packages/grasp_kitchen_ros2/lbot_catch/arm_api/Demo/demo_c++/lbot_frame/build/CMakeFiles/CMakeConfigureLog.yaml\n'}
[9.204148] (grasp_kitchen_ros2) StdoutLine: {'line': b'-- Symlinking: /home/kim/projects/dexchef_ws/install/grasp_kitchen_ros2/local/lib/python3.10/dist-packages/grasp_kitchen_ros2/lbot_catch/arm_api/Demo/demo_c++/lbot_frame/build/CMakeFiles/CMakeDirectoryInformation.cmake\n'}
[9.209075] (grasp_kitchen_ros2) StdoutLine: {'line': b'-- Symlinking: /home/kim/projects/dexchef_ws/install/grasp_kitchen_ros2/local/lib/python3.10/dist-packages/grasp_kitchen_ros2/lbot_catch/arm_api/Demo/demo_c++/lbot_frame/build/CMakeFiles/Makefile.cmake\n'}
[9.214348] (grasp_kitchen_ros2) StdoutLine: {'line': b'-- Symlinking: /home/kim/projects/dexchef_ws/install/grasp_kitchen_ros2/local/lib/python3.10/dist-packages/grasp_kitchen_ros2/lbot_catch/arm_api/Demo/demo_c++/lbot_frame/build/CMakeFiles/Makefile2\n'}
[9.219913] (grasp_kitchen_ros2) StdoutLine: {'line': b'-- Symlinking: /home/kim/projects/dexchef_ws/install/grasp_kitchen_ros2/local/lib/python3.10/dist-packages/grasp_kitchen_ros2/lbot_catch/arm_api/Demo/demo_c++/lbot_frame/build/CMakeFiles/TargetDirectories.txt\n'}
[9.225786] (grasp_kitchen_ros2) StdoutLine: {'line': b'-- Symlinking: /home/kim/projects/dexchef_ws/install/grasp_kitchen_ros2/local/lib/python3.10/dist-packages/grasp_kitchen_ros2/lbot_catch/arm_api/Demo/demo_c++/lbot_frame/build/CMakeFiles/cmake.check_cache\n'}
[9.231282] (grasp_kitchen_ros2) StdoutLine: {'line': b'-- Symlinking: /home/kim/projects/dexchef_ws/install/grasp_kitchen_ros2/local/lib/python3.10/dist-packages/grasp_kitchen_ros2/lbot_catch/arm_api/Demo/demo_c++/lbot_frame/build/CMakeFiles/lbot_frame.dir/DependInfo.cmake\n'}
[9.236966] (grasp_kitchen_ros2) StdoutLine: {'line': b'-- Symlinking: /home/kim/projects/dexchef_ws/install/grasp_kitchen_ros2/local/lib/python3.10/dist-packages/grasp_kitchen_ros2/lbot_catch/arm_api/Demo/demo_c++/lbot_frame/build/CMakeFiles/lbot_frame.dir/build.make\n'}
[9.242408] (grasp_kitchen_ros2) StdoutLine: {'line': b'-- Symlinking: /home/kim/projects/dexchef_ws/install/grasp_kitchen_ros2/local/lib/python3.10/dist-packages/grasp_kitchen_ros2/lbot_catch/arm_api/Demo/demo_c++/lbot_frame/build/CMakeFiles/lbot_frame.dir/cmake_clean.cmake\n'}
[9.247758] (grasp_kitchen_ros2) StdoutLine: {'line': b'-- Symlinking: /home/kim/projects/dexchef_ws/install/grasp_kitchen_ros2/local/lib/python3.10/dist-packages/grasp_kitchen_ros2/lbot_catch/arm_api/Demo/demo_c++/lbot_frame/build/CMakeFiles/lbot_frame.dir/compiler_depend.make\n'}
[9.252627] (grasp_kitchen_ros2) StdoutLine: {'line': b'-- Symlinking: /home/kim/projects/dexchef_ws/install/grasp_kitchen_ros2/local/lib/python3.10/dist-packages/grasp_kitchen_ros2/lbot_catch/arm_api/Demo/demo_c++/lbot_frame/build/CMakeFiles/lbot_frame.dir/compiler_depend.ts\n'}
[9.257884] (grasp_kitchen_ros2) StdoutLine: {'line': b'-- Symlinking: /home/kim/projects/dexchef_ws/install/grasp_kitchen_ros2/local/lib/python3.10/dist-packages/grasp_kitchen_ros2/lbot_catch/arm_api/Demo/demo_c++/lbot_frame/build/CMakeFiles/lbot_frame.dir/depend.make\n'}
[9.263036] (grasp_kitchen_ros2) StdoutLine: {'line': b'-- Symlinking: /home/kim/projects/dexchef_ws/install/grasp_kitchen_ros2/local/lib/python3.10/dist-packages/grasp_kitchen_ros2/lbot_catch/arm_api/Demo/demo_c++/lbot_frame/build/CMakeFiles/lbot_frame.dir/flags.make\n'}
[9.268647] (grasp_kitchen_ros2) StdoutLine: {'line': b'-- Symlinking: /home/kim/projects/dexchef_ws/install/grasp_kitchen_ros2/local/lib/python3.10/dist-packages/grasp_kitchen_ros2/lbot_catch/arm_api/Demo/demo_c++/lbot_frame/build/CMakeFiles/lbot_frame.dir/link.txt\n'}
[9.274055] (grasp_kitchen_ros2) StdoutLine: {'line': b'-- Symlinking: /home/kim/projects/dexchef_ws/install/grasp_kitchen_ros2/local/lib/python3.10/dist-packages/grasp_kitchen_ros2/lbot_catch/arm_api/Demo/demo_c++/lbot_frame/build/CMakeFiles/lbot_frame.dir/progress.make\n'}
[9.277416] (-) TimerEvent: {}
[9.280247] (grasp_kitchen_ros2) StdoutLine: {'line': b'-- Symlinking: /home/kim/projects/dexchef_ws/install/grasp_kitchen_ros2/local/lib/python3.10/dist-packages/grasp_kitchen_ros2/lbot_catch/arm_api/Demo/demo_c++/lbot_frame/build/CMakeFiles/lbot_frame.dir/src/main.cpp.o\n'}
[9.285634] (grasp_kitchen_ros2) StdoutLine: {'line': b'-- Symlinking: /home/kim/projects/dexchef_ws/install/grasp_kitchen_ros2/local/lib/python3.10/dist-packages/grasp_kitchen_ros2/lbot_catch/arm_api/Demo/demo_c++/lbot_frame/build/CMakeFiles/lbot_frame.dir/src/main.cpp.o.d\n'}
[9.291154] (grasp_kitchen_ros2) StdoutLine: {'line': b'-- Symlinking: /home/kim/projects/dexchef_ws/install/grasp_kitchen_ros2/local/lib/python3.10/dist-packages/grasp_kitchen_ros2/lbot_catch/arm_api/Demo/demo_c++/lbot_frame/build/CMakeFiles/progress.marks\n'}
[9.296734] (grasp_kitchen_ros2) StdoutLine: {'line': b'-- Symlinking: /home/kim/projects/dexchef_ws/install/grasp_kitchen_ros2/local/lib/python3.10/dist-packages/grasp_kitchen_ros2/lbot_catch/arm_api/Demo/demo_c++/lbot_frame/build/Makefile\n'}
[9.301679] (grasp_kitchen_ros2) StdoutLine: {'line': b'-- Symlinking: /home/kim/projects/dexchef_ws/install/grasp_kitchen_ros2/local/lib/python3.10/dist-packages/grasp_kitchen_ros2/lbot_catch/arm_api/Demo/demo_c++/lbot_frame/build/cmake_install.cmake\n'}
[9.306961] (grasp_kitchen_ros2) StdoutLine: {'line': b'-- Symlinking: /home/kim/projects/dexchef_ws/install/grasp_kitchen_ros2/local/lib/python3.10/dist-packages/grasp_kitchen_ros2/lbot_catch/arm_api/Demo/demo_c++/lbot_frame/build/lbot_frame\n'}
[9.312894] (grasp_kitchen_ros2) StdoutLine: {'line': b'-- Symlinking: /home/kim/projects/dexchef_ws/install/grasp_kitchen_ros2/local/lib/python3.10/dist-packages/grasp_kitchen_ros2/lbot_catch/arm_api/Demo/demo_c++/lbot_frame/build/liblbot_api_cpp.so\n'}
[9.319222] (grasp_kitchen_ros2) StdoutLine: {'line': b'-- Symlinking: /home/kim/projects/dexchef_ws/install/grasp_kitchen_ros2/local/lib/python3.10/dist-packages/grasp_kitchen_ros2/lbot_catch/arm_api/Demo/demo_c++/lbot_frame/run.sh\n'}
[9.324652] (grasp_kitchen_ros2) StdoutLine: {'line': b'-- Symlinking: /home/kim/projects/dexchef_ws/install/grasp_kitchen_ros2/local/lib/python3.10/dist-packages/grasp_kitchen_ros2/lbot_catch/arm_api/Demo/demo_c++/lbot_frame/src/main.cpp\n'}
[9.330692] (grasp_kitchen_ros2) StdoutLine: {'line': b'-- Symlinking: /home/kim/projects/dexchef_ws/install/grasp_kitchen_ros2/local/lib/python3.10/dist-packages/grasp_kitchen_ros2/lbot_catch/arm_api/Demo/demo_c++/lbot_hand/CMakeLists.txt\n'}
[9.335986] (grasp_kitchen_ros2) StdoutLine: {'line': b'-- Symlinking: /home/kim/projects/dexchef_ws/install/grasp_kitchen_ros2/local/lib/python3.10/dist-packages/grasp_kitchen_ros2/lbot_catch/arm_api/Demo/demo_c++/lbot_hand/build/CMakeCache.txt\n'}
[9.341479] (grasp_kitchen_ros2) StdoutLine: {'line': b'-- Symlinking: /home/kim/projects/dexchef_ws/install/grasp_kitchen_ros2/local/lib/python3.10/dist-packages/grasp_kitchen_ros2/lbot_catch/arm_api/Demo/demo_c++/lbot_hand/build/CMakeFiles/3.28.3/CMakeCXXCompiler.cmake\n'}
[9.346476] (grasp_kitchen_ros2) StdoutLine: {'line': b'-- Symlinking: /home/kim/projects/dexchef_ws/install/grasp_kitchen_ros2/local/lib/python3.10/dist-packages/grasp_kitchen_ros2/lbot_catch/arm_api/Demo/demo_c++/lbot_hand/build/CMakeFiles/3.28.3/CMakeDetermineCompilerABI_CXX.bin\n'}
[9.351827] (grasp_kitchen_ros2) StdoutLine: {'line': b'-- Symlinking: /home/kim/projects/dexchef_ws/install/grasp_kitchen_ros2/local/lib/python3.10/dist-packages/grasp_kitchen_ros2/lbot_catch/arm_api/Demo/demo_c++/lbot_hand/build/CMakeFiles/3.28.3/CMakeSystem.cmake\n'}
[9.357017] (grasp_kitchen_ros2) StdoutLine: {'line': b'-- Symlinking: /home/kim/projects/dexchef_ws/install/grasp_kitchen_ros2/local/lib/python3.10/dist-packages/grasp_kitchen_ros2/lbot_catch/arm_api/Demo/demo_c++/lbot_hand/build/CMakeFiles/3.28.3/CompilerIdCXX/CMakeCXXCompilerId.cpp\n'}
[9.362493] (grasp_kitchen_ros2) StdoutLine: {'line': b'-- Symlinking: /home/kim/projects/dexchef_ws/install/grasp_kitchen_ros2/local/lib/python3.10/dist-packages/grasp_kitchen_ros2/lbot_catch/arm_api/Demo/demo_c++/lbot_hand/build/CMakeFiles/3.28.3/CompilerIdCXX/a.out\n'}
[9.367725] (grasp_kitchen_ros2) StdoutLine: {'line': b'-- Symlinking: /home/kim/projects/dexchef_ws/install/grasp_kitchen_ros2/local/lib/python3.10/dist-packages/grasp_kitchen_ros2/lbot_catch/arm_api/Demo/demo_c++/lbot_hand/build/CMakeFiles/CMakeConfigureLog.yaml\n'}
[9.372742] (grasp_kitchen_ros2) StdoutLine: {'line': b'-- Symlinking: /home/kim/projects/dexchef_ws/install/grasp_kitchen_ros2/local/lib/python3.10/dist-packages/grasp_kitchen_ros2/lbot_catch/arm_api/Demo/demo_c++/lbot_hand/build/CMakeFiles/CMakeDirectoryInformation.cmake\n'}
[9.377788] (-) TimerEvent: {}
[9.377986] (grasp_kitchen_ros2) StdoutLine: {'line': b'-- Symlinking: /home/kim/projects/dexchef_ws/install/grasp_kitchen_ros2/local/lib/python3.10/dist-packages/grasp_kitchen_ros2/lbot_catch/arm_api/Demo/demo_c++/lbot_hand/build/CMakeFiles/Makefile.cmake\n'}
[9.383707] (grasp_kitchen_ros2) StdoutLine: {'line': b'-- Symlinking: /home/kim/projects/dexchef_ws/install/grasp_kitchen_ros2/local/lib/python3.10/dist-packages/grasp_kitchen_ros2/lbot_catch/arm_api/Demo/demo_c++/lbot_hand/build/CMakeFiles/Makefile2\n'}
[9.389143] (grasp_kitchen_ros2) StdoutLine: {'line': b'-- Symlinking: /home/kim/projects/dexchef_ws/install/grasp_kitchen_ros2/local/lib/python3.10/dist-packages/grasp_kitchen_ros2/lbot_catch/arm_api/Demo/demo_c++/lbot_hand/build/CMakeFiles/TargetDirectories.txt\n'}
[9.394394] (grasp_kitchen_ros2) StdoutLine: {'line': b'-- Symlinking: /home/kim/projects/dexchef_ws/install/grasp_kitchen_ros2/local/lib/python3.10/dist-packages/grasp_kitchen_ros2/lbot_catch/arm_api/Demo/demo_c++/lbot_hand/build/CMakeFiles/cmake.check_cache\n'}
[9.400323] (grasp_kitchen_ros2) StdoutLine: {'line': b'-- Symlinking: /home/kim/projects/dexchef_ws/install/grasp_kitchen_ros2/local/lib/python3.10/dist-packages/grasp_kitchen_ros2/lbot_catch/arm_api/Demo/demo_c++/lbot_hand/build/CMakeFiles/lbot_hand.dir/DependInfo.cmake\n'}
[9.406089] (grasp_kitchen_ros2) StdoutLine: {'line': b'-- Symlinking: /home/kim/projects/dexchef_ws/install/grasp_kitchen_ros2/local/lib/python3.10/dist-packages/grasp_kitchen_ros2/lbot_catch/arm_api/Demo/demo_c++/lbot_hand/build/CMakeFiles/lbot_hand.dir/build.make\n'}
[9.411308] (grasp_kitchen_ros2) StdoutLine: {'line': b'-- Symlinking: /home/kim/projects/dexchef_ws/install/grasp_kitchen_ros2/local/lib/python3.10/dist-packages/grasp_kitchen_ros2/lbot_catch/arm_api/Demo/demo_c++/lbot_hand/build/CMakeFiles/lbot_hand.dir/cmake_clean.cmake\n'}
[9.416385] (grasp_kitchen_ros2) StdoutLine: {'line': b'-- Symlinking: /home/kim/projects/dexchef_ws/install/grasp_kitchen_ros2/local/lib/python3.10/dist-packages/grasp_kitchen_ros2/lbot_catch/arm_api/Demo/demo_c++/lbot_hand/build/CMakeFiles/lbot_hand.dir/compiler_depend.make\n'}
[9.421686] (grasp_kitchen_ros2) StdoutLine: {'line': b'-- Symlinking: /home/kim/projects/dexchef_ws/install/grasp_kitchen_ros2/local/lib/python3.10/dist-packages/grasp_kitchen_ros2/lbot_catch/arm_api/Demo/demo_c++/lbot_hand/build/CMakeFiles/lbot_hand.dir/compiler_depend.ts\n'}
[9.427223] (grasp_kitchen_ros2) StdoutLine: {'line': b'-- Symlinking: /home/kim/projects/dexchef_ws/install/grasp_kitchen_ros2/local/lib/python3.10/dist-packages/grasp_kitchen_ros2/lbot_catch/arm_api/Demo/demo_c++/lbot_hand/build/CMakeFiles/lbot_hand.dir/depend.make\n'}
[9.432374] (grasp_kitchen_ros2) StdoutLine: {'line': b'-- Symlinking: /home/kim/projects/dexchef_ws/install/grasp_kitchen_ros2/local/lib/python3.10/dist-packages/grasp_kitchen_ros2/lbot_catch/arm_api/Demo/demo_c++/lbot_hand/build/CMakeFiles/lbot_hand.dir/flags.make\n'}
[9.437724] (grasp_kitchen_ros2) StdoutLine: {'line': b'-- Symlinking: /home/kim/projects/dexchef_ws/install/grasp_kitchen_ros2/local/lib/python3.10/dist-packages/grasp_kitchen_ros2/lbot_catch/arm_api/Demo/demo_c++/lbot_hand/build/CMakeFiles/lbot_hand.dir/link.txt\n'}
[9.442997] (grasp_kitchen_ros2) StdoutLine: {'line': b'-- Symlinking: /home/kim/projects/dexchef_ws/install/grasp_kitchen_ros2/local/lib/python3.10/dist-packages/grasp_kitchen_ros2/lbot_catch/arm_api/Demo/demo_c++/lbot_hand/build/CMakeFiles/lbot_hand.dir/progress.make\n'}
[9.448390] (grasp_kitchen_ros2) StdoutLine: {'line': b'-- Symlinking: /home/kim/projects/dexchef_ws/install/grasp_kitchen_ros2/local/lib/python3.10/dist-packages/grasp_kitchen_ros2/lbot_catch/arm_api/Demo/demo_c++/lbot_hand/build/CMakeFiles/lbot_hand.dir/src/main.cpp.o\n'}
[9.454622] (grasp_kitchen_ros2) StdoutLine: {'line': b'-- Symlinking: /home/kim/projects/dexchef_ws/install/grasp_kitchen_ros2/local/lib/python3.10/dist-packages/grasp_kitchen_ros2/lbot_catch/arm_api/Demo/demo_c++/lbot_hand/build/CMakeFiles/lbot_hand.dir/src/main.cpp.o.d\n'}
[9.460149] (grasp_kitchen_ros2) StdoutLine: {'line': b'-- Symlinking: /home/kim/projects/dexchef_ws/install/grasp_kitchen_ros2/local/lib/python3.10/dist-packages/grasp_kitchen_ros2/lbot_catch/arm_api/Demo/demo_c++/lbot_hand/build/CMakeFiles/progress.marks\n'}
[9.465438] (grasp_kitchen_ros2) StdoutLine: {'line': b'-- Symlinking: /home/kim/projects/dexchef_ws/install/grasp_kitchen_ros2/local/lib/python3.10/dist-packages/grasp_kitchen_ros2/lbot_catch/arm_api/Demo/demo_c++/lbot_hand/build/Makefile\n'}
[9.470873] (grasp_kitchen_ros2) StdoutLine: {'line': b'-- Symlinking: /home/kim/projects/dexchef_ws/install/grasp_kitchen_ros2/local/lib/python3.10/dist-packages/grasp_kitchen_ros2/lbot_catch/arm_api/Demo/demo_c++/lbot_hand/build/cmake_install.cmake\n'}
[9.476507] (grasp_kitchen_ros2) StdoutLine: {'line': b'-- Symlinking: /home/kim/projects/dexchef_ws/install/grasp_kitchen_ros2/local/lib/python3.10/dist-packages/grasp_kitchen_ros2/lbot_catch/arm_api/Demo/demo_c++/lbot_hand/build/lbot_hand\n'}
[9.477953] (-) TimerEvent: {}
[9.482468] (grasp_kitchen_ros2) StdoutLine: {'line': b'-- Symlinking: /home/kim/projects/dexchef_ws/install/grasp_kitchen_ros2/local/lib/python3.10/dist-packages/grasp_kitchen_ros2/lbot_catch/arm_api/Demo/demo_c++/lbot_hand/build/liblbot_api_cpp.so\n'}
[9.487905] (grasp_kitchen_ros2) StdoutLine: {'line': b'-- Symlinking: /home/kim/projects/dexchef_ws/install/grasp_kitchen_ros2/local/lib/python3.10/dist-packages/grasp_kitchen_ros2/lbot_catch/arm_api/Demo/demo_c++/lbot_hand/run.sh\n'}
[9.493542] (grasp_kitchen_ros2) StdoutLine: {'line': b'-- Symlinking: /home/kim/projects/dexchef_ws/install/grasp_kitchen_ros2/local/lib/python3.10/dist-packages/grasp_kitchen_ros2/lbot_catch/arm_api/Demo/demo_c++/lbot_hand/src/main.cpp\n'}
[9.499344] (grasp_kitchen_ros2) StdoutLine: {'line': b'-- Symlinking: /home/kim/projects/dexchef_ws/install/grasp_kitchen_ros2/local/lib/python3.10/dist-packages/grasp_kitchen_ros2/lbot_catch/arm_api/Demo/demo_c++/lbot_move/CMakeLists.txt\n'}
[9.504836] (grasp_kitchen_ros2) StdoutLine: {'line': b'-- Symlinking: /home/kim/projects/dexchef_ws/install/grasp_kitchen_ros2/local/lib/python3.10/dist-packages/grasp_kitchen_ros2/lbot_catch/arm_api/Demo/demo_c++/lbot_move/build/CMakeCache.txt\n'}
[9.510794] (grasp_kitchen_ros2) StdoutLine: {'line': b'-- Symlinking: /home/kim/projects/dexchef_ws/install/grasp_kitchen_ros2/local/lib/python3.10/dist-packages/grasp_kitchen_ros2/lbot_catch/arm_api/Demo/demo_c++/lbot_move/build/CMakeFiles/3.28.3/CMakeCXXCompiler.cmake\n'}
[9.515959] (grasp_kitchen_ros2) StdoutLine: {'line': b'-- Symlinking: /home/kim/projects/dexchef_ws/install/grasp_kitchen_ros2/local/lib/python3.10/dist-packages/grasp_kitchen_ros2/lbot_catch/arm_api/Demo/demo_c++/lbot_move/build/CMakeFiles/3.28.3/CMakeDetermineCompilerABI_CXX.bin\n'}
[9.521336] (grasp_kitchen_ros2) StdoutLine: {'line': b'-- Symlinking: /home/kim/projects/dexchef_ws/install/grasp_kitchen_ros2/local/lib/python3.10/dist-packages/grasp_kitchen_ros2/lbot_catch/arm_api/Demo/demo_c++/lbot_move/build/CMakeFiles/3.28.3/CMakeSystem.cmake\n'}
[9.527953] (grasp_kitchen_ros2) StdoutLine: {'line': b'-- Symlinking: /home/kim/projects/dexchef_ws/install/grasp_kitchen_ros2/local/lib/python3.10/dist-packages/grasp_kitchen_ros2/lbot_catch/arm_api/Demo/demo_c++/lbot_move/build/CMakeFiles/3.28.3/CompilerIdCXX/CMakeCXXCompilerId.cpp\n'}
[9.533269] (grasp_kitchen_ros2) StdoutLine: {'line': b'-- Symlinking: /home/kim/projects/dexchef_ws/install/grasp_kitchen_ros2/local/lib/python3.10/dist-packages/grasp_kitchen_ros2/lbot_catch/arm_api/Demo/demo_c++/lbot_move/build/CMakeFiles/3.28.3/CompilerIdCXX/a.out\n'}
[9.538982] (grasp_kitchen_ros2) StdoutLine: {'line': b'-- Symlinking: /home/kim/projects/dexchef_ws/install/grasp_kitchen_ros2/local/lib/python3.10/dist-packages/grasp_kitchen_ros2/lbot_catch/arm_api/Demo/demo_c++/lbot_move/build/CMakeFiles/CMakeConfigureLog.yaml\n'}
[9.543691] (grasp_kitchen_ros2) StdoutLine: {'line': b'-- Symlinking: /home/kim/projects/dexchef_ws/install/grasp_kitchen_ros2/local/lib/python3.10/dist-packages/grasp_kitchen_ros2/lbot_catch/arm_api/Demo/demo_c++/lbot_move/build/CMakeFiles/CMakeDirectoryInformation.cmake\n'}
[9.548657] (grasp_kitchen_ros2) StdoutLine: {'line': b'-- Symlinking: /home/kim/projects/dexchef_ws/install/grasp_kitchen_ros2/local/lib/python3.10/dist-packages/grasp_kitchen_ros2/lbot_catch/arm_api/Demo/demo_c++/lbot_move/build/CMakeFiles/Makefile.cmake\n'}
[9.553798] (grasp_kitchen_ros2) StdoutLine: {'line': b'-- Symlinking: /home/kim/projects/dexchef_ws/install/grasp_kitchen_ros2/local/lib/python3.10/dist-packages/grasp_kitchen_ros2/lbot_catch/arm_api/Demo/demo_c++/lbot_move/build/CMakeFiles/Makefile2\n'}
[9.559015] (grasp_kitchen_ros2) StdoutLine: {'line': b'-- Symlinking: /home/kim/projects/dexchef_ws/install/grasp_kitchen_ros2/local/lib/python3.10/dist-packages/grasp_kitchen_ros2/lbot_catch/arm_api/Demo/demo_c++/lbot_move/build/CMakeFiles/TargetDirectories.txt\n'}
[9.563931] (grasp_kitchen_ros2) StdoutLine: {'line': b'-- Symlinking: /home/kim/projects/dexchef_ws/install/grasp_kitchen_ros2/local/lib/python3.10/dist-packages/grasp_kitchen_ros2/lbot_catch/arm_api/Demo/demo_c++/lbot_move/build/CMakeFiles/cmake.check_cache\n'}
[9.569144] (grasp_kitchen_ros2) StdoutLine: {'line': b'-- Symlinking: /home/kim/projects/dexchef_ws/install/grasp_kitchen_ros2/local/lib/python3.10/dist-packages/grasp_kitchen_ros2/lbot_catch/arm_api/Demo/demo_c++/lbot_move/build/CMakeFiles/lbot_move.dir/DependInfo.cmake\n'}
[9.574663] (grasp_kitchen_ros2) StdoutLine: {'line': b'-- Symlinking: /home/kim/projects/dexchef_ws/install/grasp_kitchen_ros2/local/lib/python3.10/dist-packages/grasp_kitchen_ros2/lbot_catch/arm_api/Demo/demo_c++/lbot_move/build/CMakeFiles/lbot_move.dir/build.make\n'}
[9.578254] (-) TimerEvent: {}
[9.579951] (grasp_kitchen_ros2) StdoutLine: {'line': b'-- Symlinking: /home/kim/projects/dexchef_ws/install/grasp_kitchen_ros2/local/lib/python3.10/dist-packages/grasp_kitchen_ros2/lbot_catch/arm_api/Demo/demo_c++/lbot_move/build/CMakeFiles/lbot_move.dir/cmake_clean.cmake\n'}
[9.585767] (grasp_kitchen_ros2) StdoutLine: {'line': b'-- Symlinking: /home/kim/projects/dexchef_ws/install/grasp_kitchen_ros2/local/lib/python3.10/dist-packages/grasp_kitchen_ros2/lbot_catch/arm_api/Demo/demo_c++/lbot_move/build/CMakeFiles/lbot_move.dir/compiler_depend.make\n'}
[9.591218] (grasp_kitchen_ros2) StdoutLine: {'line': b'-- Symlinking: /home/kim/projects/dexchef_ws/install/grasp_kitchen_ros2/local/lib/python3.10/dist-packages/grasp_kitchen_ros2/lbot_catch/arm_api/Demo/demo_c++/lbot_move/build/CMakeFiles/lbot_move.dir/compiler_depend.ts\n'}
[9.596910] (grasp_kitchen_ros2) StdoutLine: {'line': b'-- Symlinking: /home/kim/projects/dexchef_ws/install/grasp_kitchen_ros2/local/lib/python3.10/dist-packages/grasp_kitchen_ros2/lbot_catch/arm_api/Demo/demo_c++/lbot_move/build/CMakeFiles/lbot_move.dir/depend.make\n'}
[9.602392] (grasp_kitchen_ros2) StdoutLine: {'line': b'-- Symlinking: /home/kim/projects/dexchef_ws/install/grasp_kitchen_ros2/local/lib/python3.10/dist-packages/grasp_kitchen_ros2/lbot_catch/arm_api/Demo/demo_c++/lbot_move/build/CMakeFiles/lbot_move.dir/flags.make\n'}
[9.607637] (grasp_kitchen_ros2) StdoutLine: {'line': b'-- Symlinking: /home/kim/projects/dexchef_ws/install/grasp_kitchen_ros2/local/lib/python3.10/dist-packages/grasp_kitchen_ros2/lbot_catch/arm_api/Demo/demo_c++/lbot_move/build/CMakeFiles/lbot_move.dir/link.txt\n'}
[9.612913] (grasp_kitchen_ros2) StdoutLine: {'line': b'-- Symlinking: /home/kim/projects/dexchef_ws/install/grasp_kitchen_ros2/local/lib/python3.10/dist-packages/grasp_kitchen_ros2/lbot_catch/arm_api/Demo/demo_c++/lbot_move/build/CMakeFiles/lbot_move.dir/progress.make\n'}
[9.618599] (grasp_kitchen_ros2) StdoutLine: {'line': b'-- Symlinking: /home/kim/projects/dexchef_ws/install/grasp_kitchen_ros2/local/lib/python3.10/dist-packages/grasp_kitchen_ros2/lbot_catch/arm_api/Demo/demo_c++/lbot_move/build/CMakeFiles/lbot_move.dir/src/main.cpp.o\n'}
[9.623709] (grasp_kitchen_ros2) StdoutLine: {'line': b'-- Symlinking: /home/kim/projects/dexchef_ws/install/grasp_kitchen_ros2/local/lib/python3.10/dist-packages/grasp_kitchen_ros2/lbot_catch/arm_api/Demo/demo_c++/lbot_move/build/CMakeFiles/lbot_move.dir/src/main.cpp.o.d\n'}
[9.628896] (grasp_kitchen_ros2) StdoutLine: {'line': b'-- Symlinking: /home/kim/projects/dexchef_ws/install/grasp_kitchen_ros2/local/lib/python3.10/dist-packages/grasp_kitchen_ros2/lbot_catch/arm_api/Demo/demo_c++/lbot_move/build/CMakeFiles/progress.marks\n'}
[9.634765] (grasp_kitchen_ros2) StdoutLine: {'line': b'-- Symlinking: /home/kim/projects/dexchef_ws/install/grasp_kitchen_ros2/local/lib/python3.10/dist-packages/grasp_kitchen_ros2/lbot_catch/arm_api/Demo/demo_c++/lbot_move/build/Makefile\n'}
[9.640602] (grasp_kitchen_ros2) StdoutLine: {'line': b'-- Symlinking: /home/kim/projects/dexchef_ws/install/grasp_kitchen_ros2/local/lib/python3.10/dist-packages/grasp_kitchen_ros2/lbot_catch/arm_api/Demo/demo_c++/lbot_move/build/cmake_install.cmake\n'}
[9.646712] (grasp_kitchen_ros2) StdoutLine: {'line': b'-- Symlinking: /home/kim/projects/dexchef_ws/install/grasp_kitchen_ros2/local/lib/python3.10/dist-packages/grasp_kitchen_ros2/lbot_catch/arm_api/Demo/demo_c++/lbot_move/build/lbot_move\n'}
[9.651982] (grasp_kitchen_ros2) StdoutLine: {'line': b'-- Symlinking: /home/kim/projects/dexchef_ws/install/grasp_kitchen_ros2/local/lib/python3.10/dist-packages/grasp_kitchen_ros2/lbot_catch/arm_api/Demo/demo_c++/lbot_move/build/liblbot_api_cpp.so\n'}
[9.657851] (grasp_kitchen_ros2) StdoutLine: {'line': b'-- Symlinking: /home/kim/projects/dexchef_ws/install/grasp_kitchen_ros2/local/lib/python3.10/dist-packages/grasp_kitchen_ros2/lbot_catch/arm_api/Demo/demo_c++/lbot_move/run.sh\n'}
[9.662982] (grasp_kitchen_ros2) StdoutLine: {'line': b'-- Symlinking: /home/kim/projects/dexchef_ws/install/grasp_kitchen_ros2/local/lib/python3.10/dist-packages/grasp_kitchen_ros2/lbot_catch/arm_api/Demo/demo_c++/lbot_move/src/main.cpp\n'}
[9.668471] (grasp_kitchen_ros2) StdoutLine: {'line': b'-- Symlinking: /home/kim/projects/dexchef_ws/install/grasp_kitchen_ros2/local/lib/python3.10/dist-packages/grasp_kitchen_ros2/lbot_catch/arm_api/Demo/demo_c++/lbot_setting/CMakeLists.txt\n'}
[9.673517] (grasp_kitchen_ros2) StdoutLine: {'line': b'-- Symlinking: /home/kim/projects/dexchef_ws/install/grasp_kitchen_ros2/local/lib/python3.10/dist-packages/grasp_kitchen_ros2/lbot_catch/arm_api/Demo/demo_c++/lbot_setting/build/CMakeCache.txt\n'}
[9.678801] (grasp_kitchen_ros2) StdoutLine: {'line': b'-- Symlinking: /home/kim/projects/dexchef_ws/install/grasp_kitchen_ros2/local/lib/python3.10/dist-packages/grasp_kitchen_ros2/lbot_catch/arm_api/Demo/demo_c++/lbot_setting/build/CMakeFiles/3.28.3/CMakeCXXCompiler.cmake\n'}
[9.678883] (-) TimerEvent: {}
[9.684324] (grasp_kitchen_ros2) StdoutLine: {'line': b'-- Symlinking: /home/kim/projects/dexchef_ws/install/grasp_kitchen_ros2/local/lib/python3.10/dist-packages/grasp_kitchen_ros2/lbot_catch/arm_api/Demo/demo_c++/lbot_setting/build/CMakeFiles/3.28.3/CMakeDetermineCompilerABI_CXX.bin\n'}
[9.689618] (grasp_kitchen_ros2) StdoutLine: {'line': b'-- Symlinking: /home/kim/projects/dexchef_ws/install/grasp_kitchen_ros2/local/lib/python3.10/dist-packages/grasp_kitchen_ros2/lbot_catch/arm_api/Demo/demo_c++/lbot_setting/build/CMakeFiles/3.28.3/CMakeSystem.cmake\n'}
[9.695295] (grasp_kitchen_ros2) StdoutLine: {'line': b'-- Symlinking: /home/kim/projects/dexchef_ws/install/grasp_kitchen_ros2/local/lib/python3.10/dist-packages/grasp_kitchen_ros2/lbot_catch/arm_api/Demo/demo_c++/lbot_setting/build/CMakeFiles/3.28.3/CompilerIdCXX/CMakeCXXCompilerId.cpp\n'}
[9.701367] (grasp_kitchen_ros2) StdoutLine: {'line': b'-- Symlinking: /home/kim/projects/dexchef_ws/install/grasp_kitchen_ros2/local/lib/python3.10/dist-packages/grasp_kitchen_ros2/lbot_catch/arm_api/Demo/demo_c++/lbot_setting/build/CMakeFiles/3.28.3/CompilerIdCXX/a.out\n'}
[9.706788] (grasp_kitchen_ros2) StdoutLine: {'line': b'-- Symlinking: /home/kim/projects/dexchef_ws/install/grasp_kitchen_ros2/local/lib/python3.10/dist-packages/grasp_kitchen_ros2/lbot_catch/arm_api/Demo/demo_c++/lbot_setting/build/CMakeFiles/CMakeConfigureLog.yaml\n'}
[9.712052] (grasp_kitchen_ros2) StdoutLine: {'line': b'-- Symlinking: /home/kim/projects/dexchef_ws/install/grasp_kitchen_ros2/local/lib/python3.10/dist-packages/grasp_kitchen_ros2/lbot_catch/arm_api/Demo/demo_c++/lbot_setting/build/CMakeFiles/CMakeDirectoryInformation.cmake\n'}
[9.717309] (grasp_kitchen_ros2) StdoutLine: {'line': b'-- Symlinking: /home/kim/projects/dexchef_ws/install/grasp_kitchen_ros2/local/lib/python3.10/dist-packages/grasp_kitchen_ros2/lbot_catch/arm_api/Demo/demo_c++/lbot_setting/build/CMakeFiles/Makefile.cmake\n'}
[9.722717] (grasp_kitchen_ros2) StdoutLine: {'line': b'-- Symlinking: /home/kim/projects/dexchef_ws/install/grasp_kitchen_ros2/local/lib/python3.10/dist-packages/grasp_kitchen_ros2/lbot_catch/arm_api/Demo/demo_c++/lbot_setting/build/CMakeFiles/Makefile2\n'}
[9.727971] (grasp_kitchen_ros2) StdoutLine: {'line': b'-- Symlinking: /home/kim/projects/dexchef_ws/install/grasp_kitchen_ros2/local/lib/python3.10/dist-packages/grasp_kitchen_ros2/lbot_catch/arm_api/Demo/demo_c++/lbot_setting/build/CMakeFiles/TargetDirectories.txt\n'}
[9.733059] (grasp_kitchen_ros2) StdoutLine: {'line': b'-- Symlinking: /home/kim/projects/dexchef_ws/install/grasp_kitchen_ros2/local/lib/python3.10/dist-packages/grasp_kitchen_ros2/lbot_catch/arm_api/Demo/demo_c++/lbot_setting/build/CMakeFiles/cmake.check_cache\n'}
[9.738393] (grasp_kitchen_ros2) StdoutLine: {'line': b'-- Symlinking: /home/kim/projects/dexchef_ws/install/grasp_kitchen_ros2/local/lib/python3.10/dist-packages/grasp_kitchen_ros2/lbot_catch/arm_api/Demo/demo_c++/lbot_setting/build/CMakeFiles/lbot_setting.dir/DependInfo.cmake\n'}
[9.743483] (grasp_kitchen_ros2) StdoutLine: {'line': b'-- Symlinking: /home/kim/projects/dexchef_ws/install/grasp_kitchen_ros2/local/lib/python3.10/dist-packages/grasp_kitchen_ros2/lbot_catch/arm_api/Demo/demo_c++/lbot_setting/build/CMakeFiles/lbot_setting.dir/build.make\n'}
[9.748546] (grasp_kitchen_ros2) StdoutLine: {'line': b'-- Symlinking: /home/kim/projects/dexchef_ws/install/grasp_kitchen_ros2/local/lib/python3.10/dist-packages/grasp_kitchen_ros2/lbot_catch/arm_api/Demo/demo_c++/lbot_setting/build/CMakeFiles/lbot_setting.dir/cmake_clean.cmake\n'}
[9.753940] (grasp_kitchen_ros2) StdoutLine: {'line': b'-- Symlinking: /home/kim/projects/dexchef_ws/install/grasp_kitchen_ros2/local/lib/python3.10/dist-packages/grasp_kitchen_ros2/lbot_catch/arm_api/Demo/demo_c++/lbot_setting/build/CMakeFiles/lbot_setting.dir/compiler_depend.make\n'}
[9.759164] (grasp_kitchen_ros2) StdoutLine: {'line': b'-- Symlinking: /home/kim/projects/dexchef_ws/install/grasp_kitchen_ros2/local/lib/python3.10/dist-packages/grasp_kitchen_ros2/lbot_catch/arm_api/Demo/demo_c++/lbot_setting/build/CMakeFiles/lbot_setting.dir/compiler_depend.ts\n'}
[9.764261] (grasp_kitchen_ros2) StdoutLine: {'line': b'-- Symlinking: /home/kim/projects/dexchef_ws/install/grasp_kitchen_ros2/local/lib/python3.10/dist-packages/grasp_kitchen_ros2/lbot_catch/arm_api/Demo/demo_c++/lbot_setting/build/CMakeFiles/lbot_setting.dir/depend.make\n'}
[9.769334] (grasp_kitchen_ros2) StdoutLine: {'line': b'-- Symlinking: /home/kim/projects/dexchef_ws/install/grasp_kitchen_ros2/local/lib/python3.10/dist-packages/grasp_kitchen_ros2/lbot_catch/arm_api/Demo/demo_c++/lbot_setting/build/CMakeFiles/lbot_setting.dir/flags.make\n'}
[9.775046] (grasp_kitchen_ros2) StdoutLine: {'line': b'-- Symlinking: /home/kim/projects/dexchef_ws/install/grasp_kitchen_ros2/local/lib/python3.10/dist-packages/grasp_kitchen_ros2/lbot_catch/arm_api/Demo/demo_c++/lbot_setting/build/CMakeFiles/lbot_setting.dir/link.txt\n'}
[9.779263] (-) TimerEvent: {}
[9.780263] (grasp_kitchen_ros2) StdoutLine: {'line': b'-- Symlinking: /home/kim/projects/dexchef_ws/install/grasp_kitchen_ros2/local/lib/python3.10/dist-packages/grasp_kitchen_ros2/lbot_catch/arm_api/Demo/demo_c++/lbot_setting/build/CMakeFiles/lbot_setting.dir/progress.make\n'}
[9.785633] (grasp_kitchen_ros2) StdoutLine: {'line': b'-- Symlinking: /home/kim/projects/dexchef_ws/install/grasp_kitchen_ros2/local/lib/python3.10/dist-packages/grasp_kitchen_ros2/lbot_catch/arm_api/Demo/demo_c++/lbot_setting/build/CMakeFiles/lbot_setting.dir/src/main.cpp.o\n'}
[9.791452] (grasp_kitchen_ros2) StdoutLine: {'line': b'-- Symlinking: /home/kim/projects/dexchef_ws/install/grasp_kitchen_ros2/local/lib/python3.10/dist-packages/grasp_kitchen_ros2/lbot_catch/arm_api/Demo/demo_c++/lbot_setting/build/CMakeFiles/lbot_setting.dir/src/main.cpp.o.d\n'}
[9.796656] (grasp_kitchen_ros2) StdoutLine: {'line': b'-- Symlinking: /home/kim/projects/dexchef_ws/install/grasp_kitchen_ros2/local/lib/python3.10/dist-packages/grasp_kitchen_ros2/lbot_catch/arm_api/Demo/demo_c++/lbot_setting/build/CMakeFiles/progress.marks\n'}
[9.801658] (grasp_kitchen_ros2) StdoutLine: {'line': b'-- Symlinking: /home/kim/projects/dexchef_ws/install/grasp_kitchen_ros2/local/lib/python3.10/dist-packages/grasp_kitchen_ros2/lbot_catch/arm_api/Demo/demo_c++/lbot_setting/build/Makefile\n'}
[9.806816] (grasp_kitchen_ros2) StdoutLine: {'line': b'-- Symlinking: /home/kim/projects/dexchef_ws/install/grasp_kitchen_ros2/local/lib/python3.10/dist-packages/grasp_kitchen_ros2/lbot_catch/arm_api/Demo/demo_c++/lbot_setting/build/cmake_install.cmake\n'}
[9.812469] (grasp_kitchen_ros2) StdoutLine: {'line': b'-- Symlinking: /home/kim/projects/dexchef_ws/install/grasp_kitchen_ros2/local/lib/python3.10/dist-packages/grasp_kitchen_ros2/lbot_catch/arm_api/Demo/demo_c++/lbot_setting/build/lbot_setting\n'}
[9.817538] (grasp_kitchen_ros2) StdoutLine: {'line': b'-- Symlinking: /home/kim/projects/dexchef_ws/install/grasp_kitchen_ros2/local/lib/python3.10/dist-packages/grasp_kitchen_ros2/lbot_catch/arm_api/Demo/demo_c++/lbot_setting/build/liblbot_api_cpp.so\n'}
[9.822694] (grasp_kitchen_ros2) StdoutLine: {'line': b'-- Symlinking: /home/kim/projects/dexchef_ws/install/grasp_kitchen_ros2/local/lib/python3.10/dist-packages/grasp_kitchen_ros2/lbot_catch/arm_api/Demo/demo_c++/lbot_setting/run.sh\n'}
[9.828808] (grasp_kitchen_ros2) StdoutLine: {'line': b'-- Symlinking: /home/kim/projects/dexchef_ws/install/grasp_kitchen_ros2/local/lib/python3.10/dist-packages/grasp_kitchen_ros2/lbot_catch/arm_api/Demo/demo_c++/lbot_setting/src/main.cpp\n'}
[9.834352] (grasp_kitchen_ros2) StdoutLine: {'line': b'-- Symlinking: /home/kim/projects/dexchef_ws/install/grasp_kitchen_ros2/local/lib/python3.10/dist-packages/grasp_kitchen_ros2/lbot_catch/arm_api/Demo/demo_c/lbot_fk_ik/CMakeLists.txt\n'}
[9.840276] (grasp_kitchen_ros2) StdoutLine: {'line': b'-- Symlinking: /home/kim/projects/dexchef_ws/install/grasp_kitchen_ros2/local/lib/python3.10/dist-packages/grasp_kitchen_ros2/lbot_catch/arm_api/Demo/demo_c/lbot_fk_ik/build/CMakeCache.txt\n'}
[9.845891] (grasp_kitchen_ros2) StdoutLine: {'line': b'-- Symlinking: /home/kim/projects/dexchef_ws/install/grasp_kitchen_ros2/local/lib/python3.10/dist-packages/grasp_kitchen_ros2/lbot_catch/arm_api/Demo/demo_c/lbot_fk_ik/build/CMakeFiles/3.28.3/CMakeCCompiler.cmake\n'}
[9.851334] (grasp_kitchen_ros2) StdoutLine: {'line': b'-- Symlinking: /home/kim/projects/dexchef_ws/install/grasp_kitchen_ros2/local/lib/python3.10/dist-packages/grasp_kitchen_ros2/lbot_catch/arm_api/Demo/demo_c/lbot_fk_ik/build/CMakeFiles/3.28.3/CMakeCXXCompiler.cmake\n'}
[9.856754] (grasp_kitchen_ros2) StdoutLine: {'line': b'-- Symlinking: /home/kim/projects/dexchef_ws/install/grasp_kitchen_ros2/local/lib/python3.10/dist-packages/grasp_kitchen_ros2/lbot_catch/arm_api/Demo/demo_c/lbot_fk_ik/build/CMakeFiles/3.28.3/CMakeDetermineCompilerABI_C.bin\n'}
[9.862463] (grasp_kitchen_ros2) StdoutLine: {'line': b'-- Symlinking: /home/kim/projects/dexchef_ws/install/grasp_kitchen_ros2/local/lib/python3.10/dist-packages/grasp_kitchen_ros2/lbot_catch/arm_api/Demo/demo_c/lbot_fk_ik/build/CMakeFiles/3.28.3/CMakeDetermineCompilerABI_CXX.bin\n'}
[9.867879] (grasp_kitchen_ros2) StdoutLine: {'line': b'-- Symlinking: /home/kim/projects/dexchef_ws/install/grasp_kitchen_ros2/local/lib/python3.10/dist-packages/grasp_kitchen_ros2/lbot_catch/arm_api/Demo/demo_c/lbot_fk_ik/build/CMakeFiles/3.28.3/CMakeSystem.cmake\n'}
[9.873310] (grasp_kitchen_ros2) StdoutLine: {'line': b'-- Symlinking: /home/kim/projects/dexchef_ws/install/grasp_kitchen_ros2/local/lib/python3.10/dist-packages/grasp_kitchen_ros2/lbot_catch/arm_api/Demo/demo_c/lbot_fk_ik/build/CMakeFiles/3.28.3/CompilerIdC/CMakeCCompilerId.c\n'}
[9.878597] (grasp_kitchen_ros2) StdoutLine: {'line': b'-- Symlinking: /home/kim/projects/dexchef_ws/install/grasp_kitchen_ros2/local/lib/python3.10/dist-packages/grasp_kitchen_ros2/lbot_catch/arm_api/Demo/demo_c/lbot_fk_ik/build/CMakeFiles/3.28.3/CompilerIdC/a.out\n'}
[9.879443] (-) TimerEvent: {}
[9.884012] (grasp_kitchen_ros2) StdoutLine: {'line': b'-- Symlinking: /home/kim/projects/dexchef_ws/install/grasp_kitchen_ros2/local/lib/python3.10/dist-packages/grasp_kitchen_ros2/lbot_catch/arm_api/Demo/demo_c/lbot_fk_ik/build/CMakeFiles/3.28.3/CompilerIdCXX/CMakeCXXCompilerId.cpp\n'}
[9.889136] (grasp_kitchen_ros2) StdoutLine: {'line': b'-- Symlinking: /home/kim/projects/dexchef_ws/install/grasp_kitchen_ros2/local/lib/python3.10/dist-packages/grasp_kitchen_ros2/lbot_catch/arm_api/Demo/demo_c/lbot_fk_ik/build/CMakeFiles/3.28.3/CompilerIdCXX/a.out\n'}
[9.894528] (grasp_kitchen_ros2) StdoutLine: {'line': b'-- Symlinking: /home/kim/projects/dexchef_ws/install/grasp_kitchen_ros2/local/lib/python3.10/dist-packages/grasp_kitchen_ros2/lbot_catch/arm_api/Demo/demo_c/lbot_fk_ik/build/CMakeFiles/CMakeConfigureLog.yaml\n'}
[9.900712] (grasp_kitchen_ros2) StdoutLine: {'line': b'-- Symlinking: /home/kim/projects/dexchef_ws/install/grasp_kitchen_ros2/local/lib/python3.10/dist-packages/grasp_kitchen_ros2/lbot_catch/arm_api/Demo/demo_c/lbot_fk_ik/build/CMakeFiles/CMakeDirectoryInformation.cmake\n'}
[9.906357] (grasp_kitchen_ros2) StdoutLine: {'line': b'-- Symlinking: /home/kim/projects/dexchef_ws/install/grasp_kitchen_ros2/local/lib/python3.10/dist-packages/grasp_kitchen_ros2/lbot_catch/arm_api/Demo/demo_c/lbot_fk_ik/build/CMakeFiles/Makefile.cmake\n'}
[9.911669] (grasp_kitchen_ros2) StdoutLine: {'line': b'-- Symlinking: /home/kim/projects/dexchef_ws/install/grasp_kitchen_ros2/local/lib/python3.10/dist-packages/grasp_kitchen_ros2/lbot_catch/arm_api/Demo/demo_c/lbot_fk_ik/build/CMakeFiles/Makefile2\n'}
[9.916667] (grasp_kitchen_ros2) StdoutLine: {'line': b'-- Symlinking: /home/kim/projects/dexchef_ws/install/grasp_kitchen_ros2/local/lib/python3.10/dist-packages/grasp_kitchen_ros2/lbot_catch/arm_api/Demo/demo_c/lbot_fk_ik/build/CMakeFiles/TargetDirectories.txt\n'}
[9.921960] (grasp_kitchen_ros2) StdoutLine: {'line': b'-- Symlinking: /home/kim/projects/dexchef_ws/install/grasp_kitchen_ros2/local/lib/python3.10/dist-packages/grasp_kitchen_ros2/lbot_catch/arm_api/Demo/demo_c/lbot_fk_ik/build/CMakeFiles/cmake.check_cache\n'}
[9.927431] (grasp_kitchen_ros2) StdoutLine: {'line': b'-- Symlinking: /home/kim/projects/dexchef_ws/install/grasp_kitchen_ros2/local/lib/python3.10/dist-packages/grasp_kitchen_ros2/lbot_catch/arm_api/Demo/demo_c/lbot_fk_ik/build/CMakeFiles/lbot_fk_ik.dir/DependInfo.cmake\n'}
[9.932272] (grasp_kitchen_ros2) StdoutLine: {'line': b'-- Symlinking: /home/kim/projects/dexchef_ws/install/grasp_kitchen_ros2/local/lib/python3.10/dist-packages/grasp_kitchen_ros2/lbot_catch/arm_api/Demo/demo_c/lbot_fk_ik/build/CMakeFiles/lbot_fk_ik.dir/build.make\n'}
[9.937898] (grasp_kitchen_ros2) StdoutLine: {'line': b'-- Symlinking: /home/kim/projects/dexchef_ws/install/grasp_kitchen_ros2/local/lib/python3.10/dist-packages/grasp_kitchen_ros2/lbot_catch/arm_api/Demo/demo_c/lbot_fk_ik/build/CMakeFiles/lbot_fk_ik.dir/cmake_clean.cmake\n'}
[9.943050] (grasp_kitchen_ros2) StdoutLine: {'line': b'-- Symlinking: /home/kim/projects/dexchef_ws/install/grasp_kitchen_ros2/local/lib/python3.10/dist-packages/grasp_kitchen_ros2/lbot_catch/arm_api/Demo/demo_c/lbot_fk_ik/build/CMakeFiles/lbot_fk_ik.dir/compiler_depend.make\n'}
[9.948229] (grasp_kitchen_ros2) StdoutLine: {'line': b'-- Symlinking: /home/kim/projects/dexchef_ws/install/grasp_kitchen_ros2/local/lib/python3.10/dist-packages/grasp_kitchen_ros2/lbot_catch/arm_api/Demo/demo_c/lbot_fk_ik/build/CMakeFiles/lbot_fk_ik.dir/compiler_depend.ts\n'}
[9.953972] (grasp_kitchen_ros2) StdoutLine: {'line': b'-- Symlinking: /home/kim/projects/dexchef_ws/install/grasp_kitchen_ros2/local/lib/python3.10/dist-packages/grasp_kitchen_ros2/lbot_catch/arm_api/Demo/demo_c/lbot_fk_ik/build/CMakeFiles/lbot_fk_ik.dir/depend.make\n'}
[9.959001] (grasp_kitchen_ros2) StdoutLine: {'line': b'-- Symlinking: /home/kim/projects/dexchef_ws/install/grasp_kitchen_ros2/local/lib/python3.10/dist-packages/grasp_kitchen_ros2/lbot_catch/arm_api/Demo/demo_c/lbot_fk_ik/build/CMakeFiles/lbot_fk_ik.dir/flags.make\n'}
[9.964069] (grasp_kitchen_ros2) StdoutLine: {'line': b'-- Symlinking: /home/kim/projects/dexchef_ws/install/grasp_kitchen_ros2/local/lib/python3.10/dist-packages/grasp_kitchen_ros2/lbot_catch/arm_api/Demo/demo_c/lbot_fk_ik/build/CMakeFiles/lbot_fk_ik.dir/link.txt\n'}
[9.969425] (grasp_kitchen_ros2) StdoutLine: {'line': b'-- Symlinking: /home/kim/projects/dexchef_ws/install/grasp_kitchen_ros2/local/lib/python3.10/dist-packages/grasp_kitchen_ros2/lbot_catch/arm_api/Demo/demo_c/lbot_fk_ik/build/CMakeFiles/lbot_fk_ik.dir/progress.make\n'}
[9.974732] (grasp_kitchen_ros2) StdoutLine: {'line': b'-- Symlinking: /home/kim/projects/dexchef_ws/install/grasp_kitchen_ros2/local/lib/python3.10/dist-packages/grasp_kitchen_ros2/lbot_catch/arm_api/Demo/demo_c/lbot_fk_ik/build/CMakeFiles/lbot_fk_ik.dir/src/main.c.o\n'}
[9.979905] (-) TimerEvent: {}
[9.980340] (grasp_kitchen_ros2) StdoutLine: {'line': b'-- Symlinking: /home/kim/projects/dexchef_ws/install/grasp_kitchen_ros2/local/lib/python3.10/dist-packages/grasp_kitchen_ros2/lbot_catch/arm_api/Demo/demo_c/lbot_fk_ik/build/CMakeFiles/lbot_fk_ik.dir/src/main.c.o.d\n'}
[9.985843] (grasp_kitchen_ros2) StdoutLine: {'line': b'-- Symlinking: /home/kim/projects/dexchef_ws/install/grasp_kitchen_ros2/local/lib/python3.10/dist-packages/grasp_kitchen_ros2/lbot_catch/arm_api/Demo/demo_c/lbot_fk_ik/build/CMakeFiles/progress.marks\n'}
[9.991387] (grasp_kitchen_ros2) StdoutLine: {'line': b'-- Symlinking: /home/kim/projects/dexchef_ws/install/grasp_kitchen_ros2/local/lib/python3.10/dist-packages/grasp_kitchen_ros2/lbot_catch/arm_api/Demo/demo_c/lbot_fk_ik/build/Makefile\n'}
[9.996525] (grasp_kitchen_ros2) StdoutLine: {'line': b'-- Symlinking: /home/kim/projects/dexchef_ws/install/grasp_kitchen_ros2/local/lib/python3.10/dist-packages/grasp_kitchen_ros2/lbot_catch/arm_api/Demo/demo_c/lbot_fk_ik/build/cmake_install.cmake\n'}
[10.002012] (grasp_kitchen_ros2) StdoutLine: {'line': b'-- Symlinking: /home/kim/projects/dexchef_ws/install/grasp_kitchen_ros2/local/lib/python3.10/dist-packages/grasp_kitchen_ros2/lbot_catch/arm_api/Demo/demo_c/lbot_fk_ik/build/lbot_fk_ik\n'}
[10.007617] (grasp_kitchen_ros2) StdoutLine: {'line': b'-- Symlinking: /home/kim/projects/dexchef_ws/install/grasp_kitchen_ros2/local/lib/python3.10/dist-packages/grasp_kitchen_ros2/lbot_catch/arm_api/Demo/demo_c/lbot_fk_ik/build/liblbot_api.so\n'}
[10.013112] (grasp_kitchen_ros2) StdoutLine: {'line': b'-- Symlinking: /home/kim/projects/dexchef_ws/install/grasp_kitchen_ros2/local/lib/python3.10/dist-packages/grasp_kitchen_ros2/lbot_catch/arm_api/Demo/demo_c/lbot_fk_ik/readme.md\n'}
[10.018749] (grasp_kitchen_ros2) StdoutLine: {'line': b'-- Symlinking: /home/kim/projects/dexchef_ws/install/grasp_kitchen_ros2/local/lib/python3.10/dist-packages/grasp_kitchen_ros2/lbot_catch/arm_api/Demo/demo_c/lbot_fk_ik/run.sh\n'}
[10.024647] (grasp_kitchen_ros2) StdoutLine: {'line': b'-- Symlinking: /home/kim/projects/dexchef_ws/install/grasp_kitchen_ros2/local/lib/python3.10/dist-packages/grasp_kitchen_ros2/lbot_catch/arm_api/Demo/demo_c/lbot_fk_ik/src/main.c\n'}
[10.029750] (grasp_kitchen_ros2) StdoutLine: {'line': b'-- Symlinking: /home/kim/projects/dexchef_ws/install/grasp_kitchen_ros2/local/lib/python3.10/dist-packages/grasp_kitchen_ros2/lbot_catch/arm_api/Demo/demo_c/lbot_frame/CMakeLists.txt\n'}
[10.035220] (grasp_kitchen_ros2) StdoutLine: {'line': b'-- Symlinking: /home/kim/projects/dexchef_ws/install/grasp_kitchen_ros2/local/lib/python3.10/dist-packages/grasp_kitchen_ros2/lbot_catch/arm_api/Demo/demo_c/lbot_frame/build/CMakeCache.txt\n'}
[10.041471] (grasp_kitchen_ros2) StdoutLine: {'line': b'-- Symlinking: /home/kim/projects/dexchef_ws/install/grasp_kitchen_ros2/local/lib/python3.10/dist-packages/grasp_kitchen_ros2/lbot_catch/arm_api/Demo/demo_c/lbot_frame/build/CMakeFiles/3.28.3/CMakeCCompiler.cmake\n'}
[10.046574] (grasp_kitchen_ros2) StdoutLine: {'line': b'-- Symlinking: /home/kim/projects/dexchef_ws/install/grasp_kitchen_ros2/local/lib/python3.10/dist-packages/grasp_kitchen_ros2/lbot_catch/arm_api/Demo/demo_c/lbot_frame/build/CMakeFiles/3.28.3/CMakeCXXCompiler.cmake\n'}
[10.051901] (grasp_kitchen_ros2) StdoutLine: {'line': b'-- Symlinking: /home/kim/projects/dexchef_ws/install/grasp_kitchen_ros2/local/lib/python3.10/dist-packages/grasp_kitchen_ros2/lbot_catch/arm_api/Demo/demo_c/lbot_frame/build/CMakeFiles/3.28.3/CMakeDetermineCompilerABI_C.bin\n'}
[10.057470] (grasp_kitchen_ros2) StdoutLine: {'line': b'-- Symlinking: /home/kim/projects/dexchef_ws/install/grasp_kitchen_ros2/local/lib/python3.10/dist-packages/grasp_kitchen_ros2/lbot_catch/arm_api/Demo/demo_c/lbot_frame/build/CMakeFiles/3.28.3/CMakeDetermineCompilerABI_CXX.bin\n'}
[10.062438] (grasp_kitchen_ros2) StdoutLine: {'line': b'-- Symlinking: /home/kim/projects/dexchef_ws/install/grasp_kitchen_ros2/local/lib/python3.10/dist-packages/grasp_kitchen_ros2/lbot_catch/arm_api/Demo/demo_c/lbot_frame/build/CMakeFiles/3.28.3/CMakeSystem.cmake\n'}
[10.068085] (grasp_kitchen_ros2) StdoutLine: {'line': b'-- Symlinking: /home/kim/projects/dexchef_ws/install/grasp_kitchen_ros2/local/lib/python3.10/dist-packages/grasp_kitchen_ros2/lbot_catch/arm_api/Demo/demo_c/lbot_frame/build/CMakeFiles/3.28.3/CompilerIdC/CMakeCCompilerId.c\n'}
[10.073438] (grasp_kitchen_ros2) StdoutLine: {'line': b'-- Symlinking: /home/kim/projects/dexchef_ws/install/grasp_kitchen_ros2/local/lib/python3.10/dist-packages/grasp_kitchen_ros2/lbot_catch/arm_api/Demo/demo_c/lbot_frame/build/CMakeFiles/3.28.3/CompilerIdC/a.out\n'}
[10.078588] (grasp_kitchen_ros2) StdoutLine: {'line': b'-- Symlinking: /home/kim/projects/dexchef_ws/install/grasp_kitchen_ros2/local/lib/python3.10/dist-packages/grasp_kitchen_ros2/lbot_catch/arm_api/Demo/demo_c/lbot_frame/build/CMakeFiles/3.28.3/CompilerIdCXX/CMakeCXXCompilerId.cpp\n'}
[10.080338] (-) TimerEvent: {}
[10.083636] (grasp_kitchen_ros2) StdoutLine: {'line': b'-- Symlinking: /home/kim/projects/dexchef_ws/install/grasp_kitchen_ros2/local/lib/python3.10/dist-packages/grasp_kitchen_ros2/lbot_catch/arm_api/Demo/demo_c/lbot_frame/build/CMakeFiles/3.28.3/CompilerIdCXX/a.out\n'}
[10.089073] (grasp_kitchen_ros2) StdoutLine: {'line': b'-- Symlinking: /home/kim/projects/dexchef_ws/install/grasp_kitchen_ros2/local/lib/python3.10/dist-packages/grasp_kitchen_ros2/lbot_catch/arm_api/Demo/demo_c/lbot_frame/build/CMakeFiles/CMakeConfigureLog.yaml\n'}
[10.094773] (grasp_kitchen_ros2) StdoutLine: {'line': b'-- Symlinking: /home/kim/projects/dexchef_ws/install/grasp_kitchen_ros2/local/lib/python3.10/dist-packages/grasp_kitchen_ros2/lbot_catch/arm_api/Demo/demo_c/lbot_frame/build/CMakeFiles/CMakeDirectoryInformation.cmake\n'}
[10.100182] (grasp_kitchen_ros2) StdoutLine: {'line': b'-- Symlinking: /home/kim/projects/dexchef_ws/install/grasp_kitchen_ros2/local/lib/python3.10/dist-packages/grasp_kitchen_ros2/lbot_catch/arm_api/Demo/demo_c/lbot_frame/build/CMakeFiles/Makefile.cmake\n'}
[10.105224] (grasp_kitchen_ros2) StdoutLine: {'line': b'-- Symlinking: /home/kim/projects/dexchef_ws/install/grasp_kitchen_ros2/local/lib/python3.10/dist-packages/grasp_kitchen_ros2/lbot_catch/arm_api/Demo/demo_c/lbot_frame/build/CMakeFiles/Makefile2\n'}
[10.110779] (grasp_kitchen_ros2) StdoutLine: {'line': b'-- Symlinking: /home/kim/projects/dexchef_ws/install/grasp_kitchen_ros2/local/lib/python3.10/dist-packages/grasp_kitchen_ros2/lbot_catch/arm_api/Demo/demo_c/lbot_frame/build/CMakeFiles/TargetDirectories.txt\n'}
[10.116080] (grasp_kitchen_ros2) StdoutLine: {'line': b'-- Symlinking: /home/kim/projects/dexchef_ws/install/grasp_kitchen_ros2/local/lib/python3.10/dist-packages/grasp_kitchen_ros2/lbot_catch/arm_api/Demo/demo_c/lbot_frame/build/CMakeFiles/cmake.check_cache\n'}
[10.121393] (grasp_kitchen_ros2) StdoutLine: {'line': b'-- Symlinking: /home/kim/projects/dexchef_ws/install/grasp_kitchen_ros2/local/lib/python3.10/dist-packages/grasp_kitchen_ros2/lbot_catch/arm_api/Demo/demo_c/lbot_frame/build/CMakeFiles/lbot_frame.dir/DependInfo.cmake\n'}
[10.126604] (grasp_kitchen_ros2) StdoutLine: {'line': b'-- Symlinking: /home/kim/projects/dexchef_ws/install/grasp_kitchen_ros2/local/lib/python3.10/dist-packages/grasp_kitchen_ros2/lbot_catch/arm_api/Demo/demo_c/lbot_frame/build/CMakeFiles/lbot_frame.dir/build.make\n'}
[10.132244] (grasp_kitchen_ros2) StdoutLine: {'line': b'-- Symlinking: /home/kim/projects/dexchef_ws/install/grasp_kitchen_ros2/local/lib/python3.10/dist-packages/grasp_kitchen_ros2/lbot_catch/arm_api/Demo/demo_c/lbot_frame/build/CMakeFiles/lbot_frame.dir/cmake_clean.cmake\n'}
[10.137659] (grasp_kitchen_ros2) StdoutLine: {'line': b'-- Symlinking: /home/kim/projects/dexchef_ws/install/grasp_kitchen_ros2/local/lib/python3.10/dist-packages/grasp_kitchen_ros2/lbot_catch/arm_api/Demo/demo_c/lbot_frame/build/CMakeFiles/lbot_frame.dir/compiler_depend.make\n'}
[10.142578] (grasp_kitchen_ros2) StdoutLine: {'line': b'-- Symlinking: /home/kim/projects/dexchef_ws/install/grasp_kitchen_ros2/local/lib/python3.10/dist-packages/grasp_kitchen_ros2/lbot_catch/arm_api/Demo/demo_c/lbot_frame/build/CMakeFiles/lbot_frame.dir/compiler_depend.ts\n'}
[10.148010] (grasp_kitchen_ros2) StdoutLine: {'line': b'-- Symlinking: /home/kim/projects/dexchef_ws/install/grasp_kitchen_ros2/local/lib/python3.10/dist-packages/grasp_kitchen_ros2/lbot_catch/arm_api/Demo/demo_c/lbot_frame/build/CMakeFiles/lbot_frame.dir/depend.make\n'}
[10.152938] (grasp_kitchen_ros2) StdoutLine: {'line': b'-- Symlinking: /home/kim/projects/dexchef_ws/install/grasp_kitchen_ros2/local/lib/python3.10/dist-packages/grasp_kitchen_ros2/lbot_catch/arm_api/Demo/demo_c/lbot_frame/build/CMakeFiles/lbot_frame.dir/flags.make\n'}
[10.158040] (grasp_kitchen_ros2) StdoutLine: {'line': b'-- Symlinking: /home/kim/projects/dexchef_ws/install/grasp_kitchen_ros2/local/lib/python3.10/dist-packages/grasp_kitchen_ros2/lbot_catch/arm_api/Demo/demo_c/lbot_frame/build/CMakeFiles/lbot_frame.dir/link.txt\n'}
[10.163632] (grasp_kitchen_ros2) StdoutLine: {'line': b'-- Symlinking: /home/kim/projects/dexchef_ws/install/grasp_kitchen_ros2/local/lib/python3.10/dist-packages/grasp_kitchen_ros2/lbot_catch/arm_api/Demo/demo_c/lbot_frame/build/CMakeFiles/lbot_frame.dir/progress.make\n'}
[10.168839] (grasp_kitchen_ros2) StdoutLine: {'line': b'-- Symlinking: /home/kim/projects/dexchef_ws/install/grasp_kitchen_ros2/local/lib/python3.10/dist-packages/grasp_kitchen_ros2/lbot_catch/arm_api/Demo/demo_c/lbot_frame/build/CMakeFiles/lbot_frame.dir/src/main.c.o\n'}
[10.173670] (grasp_kitchen_ros2) StdoutLine: {'line': b'-- Symlinking: /home/kim/projects/dexchef_ws/install/grasp_kitchen_ros2/local/lib/python3.10/dist-packages/grasp_kitchen_ros2/lbot_catch/arm_api/Demo/demo_c/lbot_frame/build/CMakeFiles/lbot_frame.dir/src/main.c.o.d\n'}
[10.179022] (grasp_kitchen_ros2) StdoutLine: {'line': b'-- Symlinking: /home/kim/projects/dexchef_ws/install/grasp_kitchen_ros2/local/lib/python3.10/dist-packages/grasp_kitchen_ros2/lbot_catch/arm_api/Demo/demo_c/lbot_frame/build/CMakeFiles/progress.marks\n'}
[10.180627] (-) TimerEvent: {}
[10.184099] (grasp_kitchen_ros2) StdoutLine: {'line': b'-- Symlinking: /home/kim/projects/dexchef_ws/install/grasp_kitchen_ros2/local/lib/python3.10/dist-packages/grasp_kitchen_ros2/lbot_catch/arm_api/Demo/demo_c/lbot_frame/build/Makefile\n'}
[10.189473] (grasp_kitchen_ros2) StdoutLine: {'line': b'-- Symlinking: /home/kim/projects/dexchef_ws/install/grasp_kitchen_ros2/local/lib/python3.10/dist-packages/grasp_kitchen_ros2/lbot_catch/arm_api/Demo/demo_c/lbot_frame/build/cmake_install.cmake\n'}
[10.194617] (grasp_kitchen_ros2) StdoutLine: {'line': b'-- Symlinking: /home/kim/projects/dexchef_ws/install/grasp_kitchen_ros2/local/lib/python3.10/dist-packages/grasp_kitchen_ros2/lbot_catch/arm_api/Demo/demo_c/lbot_frame/build/lbot_frame\n'}
[10.200430] (grasp_kitchen_ros2) StdoutLine: {'line': b'-- Symlinking: /home/kim/projects/dexchef_ws/install/grasp_kitchen_ros2/local/lib/python3.10/dist-packages/grasp_kitchen_ros2/lbot_catch/arm_api/Demo/demo_c/lbot_frame/build/liblbot_api.so\n'}
[10.205527] (grasp_kitchen_ros2) StdoutLine: {'line': b'-- Symlinking: /home/kim/projects/dexchef_ws/install/grasp_kitchen_ros2/local/lib/python3.10/dist-packages/grasp_kitchen_ros2/lbot_catch/arm_api/Demo/demo_c/lbot_frame/readme.md\n'}
[10.211289] (grasp_kitchen_ros2) StdoutLine: {'line': b'-- Symlinking: /home/kim/projects/dexchef_ws/install/grasp_kitchen_ros2/local/lib/python3.10/dist-packages/grasp_kitchen_ros2/lbot_catch/arm_api/Demo/demo_c/lbot_frame/run.sh\n'}
[10.216783] (grasp_kitchen_ros2) StdoutLine: {'line': b'-- Symlinking: /home/kim/projects/dexchef_ws/install/grasp_kitchen_ros2/local/lib/python3.10/dist-packages/grasp_kitchen_ros2/lbot_catch/arm_api/Demo/demo_c/lbot_frame/src/main.c\n'}
[10.221972] (grasp_kitchen_ros2) StdoutLine: {'line': b'-- Symlinking: /home/kim/projects/dexchef_ws/install/grasp_kitchen_ros2/local/lib/python3.10/dist-packages/grasp_kitchen_ros2/lbot_catch/arm_api/Demo/demo_c/lbot_hand/CMakeLists.txt\n'}
[10.227628] (grasp_kitchen_ros2) StdoutLine: {'line': b'-- Symlinking: /home/kim/projects/dexchef_ws/install/grasp_kitchen_ros2/local/lib/python3.10/dist-packages/grasp_kitchen_ros2/lbot_catch/arm_api/Demo/demo_c/lbot_hand/build/CMakeCache.txt\n'}
[10.233094] (grasp_kitchen_ros2) StdoutLine: {'line': b'-- Symlinking: /home/kim/projects/dexchef_ws/install/grasp_kitchen_ros2/local/lib/python3.10/dist-packages/grasp_kitchen_ros2/lbot_catch/arm_api/Demo/demo_c/lbot_hand/build/CMakeFiles/3.28.3/CMakeCCompiler.cmake\n'}
[10.238221] (grasp_kitchen_ros2) StdoutLine: {'line': b'-- Symlinking: /home/kim/projects/dexchef_ws/install/grasp_kitchen_ros2/local/lib/python3.10/dist-packages/grasp_kitchen_ros2/lbot_catch/arm_api/Demo/demo_c/lbot_hand/build/CMakeFiles/3.28.3/CMakeCXXCompiler.cmake\n'}
[10.243507] (grasp_kitchen_ros2) StdoutLine: {'line': b'-- Symlinking: /home/kim/projects/dexchef_ws/install/grasp_kitchen_ros2/local/lib/python3.10/dist-packages/grasp_kitchen_ros2/lbot_catch/arm_api/Demo/demo_c/lbot_hand/build/CMakeFiles/3.28.3/CMakeDetermineCompilerABI_C.bin\n'}
[10.248585] (grasp_kitchen_ros2) StdoutLine: {'line': b'-- Symlinking: /home/kim/projects/dexchef_ws/install/grasp_kitchen_ros2/local/lib/python3.10/dist-packages/grasp_kitchen_ros2/lbot_catch/arm_api/Demo/demo_c/lbot_hand/build/CMakeFiles/3.28.3/CMakeDetermineCompilerABI_CXX.bin\n'}
[10.254009] (grasp_kitchen_ros2) StdoutLine: {'line': b'-- Symlinking: /home/kim/projects/dexchef_ws/install/grasp_kitchen_ros2/local/lib/python3.10/dist-packages/grasp_kitchen_ros2/lbot_catch/arm_api/Demo/demo_c/lbot_hand/build/CMakeFiles/3.28.3/CMakeSystem.cmake\n'}
[10.259342] (grasp_kitchen_ros2) StdoutLine: {'line': b'-- Symlinking: /home/kim/projects/dexchef_ws/install/grasp_kitchen_ros2/local/lib/python3.10/dist-packages/grasp_kitchen_ros2/lbot_catch/arm_api/Demo/demo_c/lbot_hand/build/CMakeFiles/3.28.3/CompilerIdC/CMakeCCompilerId.c\n'}
[10.264513] (grasp_kitchen_ros2) StdoutLine: {'line': b'-- Symlinking: /home/kim/projects/dexchef_ws/install/grasp_kitchen_ros2/local/lib/python3.10/dist-packages/grasp_kitchen_ros2/lbot_catch/arm_api/Demo/demo_c/lbot_hand/build/CMakeFiles/3.28.3/CompilerIdC/a.out\n'}
[10.269791] (grasp_kitchen_ros2) StdoutLine: {'line': b'-- Symlinking: /home/kim/projects/dexchef_ws/install/grasp_kitchen_ros2/local/lib/python3.10/dist-packages/grasp_kitchen_ros2/lbot_catch/arm_api/Demo/demo_c/lbot_hand/build/CMakeFiles/3.28.3/CompilerIdCXX/CMakeCXXCompilerId.cpp\n'}
[10.274951] (grasp_kitchen_ros2) StdoutLine: {'line': b'-- Symlinking: /home/kim/projects/dexchef_ws/install/grasp_kitchen_ros2/local/lib/python3.10/dist-packages/grasp_kitchen_ros2/lbot_catch/arm_api/Demo/demo_c/lbot_hand/build/CMakeFiles/3.28.3/CompilerIdCXX/a.out\n'}
[10.280366] (grasp_kitchen_ros2) StdoutLine: {'line': b'-- Symlinking: /home/kim/projects/dexchef_ws/install/grasp_kitchen_ros2/local/lib/python3.10/dist-packages/grasp_kitchen_ros2/lbot_catch/arm_api/Demo/demo_c/lbot_hand/build/CMakeFiles/CMakeConfigureLog.yaml\n'}
[10.280794] (-) TimerEvent: {}
[10.285999] (grasp_kitchen_ros2) StdoutLine: {'line': b'-- Symlinking: /home/kim/projects/dexchef_ws/install/grasp_kitchen_ros2/local/lib/python3.10/dist-packages/grasp_kitchen_ros2/lbot_catch/arm_api/Demo/demo_c/lbot_hand/build/CMakeFiles/CMakeDirectoryInformation.cmake\n'}
[10.291763] (grasp_kitchen_ros2) StdoutLine: {'line': b'-- Symlinking: /home/kim/projects/dexchef_ws/install/grasp_kitchen_ros2/local/lib/python3.10/dist-packages/grasp_kitchen_ros2/lbot_catch/arm_api/Demo/demo_c/lbot_hand/build/CMakeFiles/Makefile.cmake\n'}
[10.297028] (grasp_kitchen_ros2) StdoutLine: {'line': b'-- Symlinking: /home/kim/projects/dexchef_ws/install/grasp_kitchen_ros2/local/lib/python3.10/dist-packages/grasp_kitchen_ros2/lbot_catch/arm_api/Demo/demo_c/lbot_hand/build/CMakeFiles/Makefile2\n'}
[10.302494] (grasp_kitchen_ros2) StdoutLine: {'line': b'-- Symlinking: /home/kim/projects/dexchef_ws/install/grasp_kitchen_ros2/local/lib/python3.10/dist-packages/grasp_kitchen_ros2/lbot_catch/arm_api/Demo/demo_c/lbot_hand/build/CMakeFiles/TargetDirectories.txt\n'}
[10.307981] (grasp_kitchen_ros2) StdoutLine: {'line': b'-- Symlinking: /home/kim/projects/dexchef_ws/install/grasp_kitchen_ros2/local/lib/python3.10/dist-packages/grasp_kitchen_ros2/lbot_catch/arm_api/Demo/demo_c/lbot_hand/build/CMakeFiles/cmake.check_cache\n'}
[10.313786] (grasp_kitchen_ros2) StdoutLine: {'line': b'-- Symlinking: /home/kim/projects/dexchef_ws/install/grasp_kitchen_ros2/local/lib/python3.10/dist-packages/grasp_kitchen_ros2/lbot_catch/arm_api/Demo/demo_c/lbot_hand/build/CMakeFiles/lbot_hand.dir/DependInfo.cmake\n'}
[10.333522] (grasp_kitchen_ros2) StdoutLine: {'line': b'-- Symlinking: /home/kim/projects/dexchef_ws/install/grasp_kitchen_ros2/local/lib/python3.10/dist-packages/grasp_kitchen_ros2/lbot_catch/arm_api/Demo/demo_c/lbot_hand/build/CMakeFiles/lbot_hand.dir/build.make\n'}
[10.339687] (grasp_kitchen_ros2) StdoutLine: {'line': b'-- Symlinking: /home/kim/projects/dexchef_ws/install/grasp_kitchen_ros2/local/lib/python3.10/dist-packages/grasp_kitchen_ros2/lbot_catch/arm_api/Demo/demo_c/lbot_hand/build/CMakeFiles/lbot_hand.dir/cmake_clean.cmake\n'}
[10.345266] (grasp_kitchen_ros2) StdoutLine: {'line': b'-- Symlinking: /home/kim/projects/dexchef_ws/install/grasp_kitchen_ros2/local/lib/python3.10/dist-packages/grasp_kitchen_ros2/lbot_catch/arm_api/Demo/demo_c/lbot_hand/build/CMakeFiles/lbot_hand.dir/compiler_depend.make\n'}
[10.350749] (grasp_kitchen_ros2) StdoutLine: {'line': b'-- Symlinking: /home/kim/projects/dexchef_ws/install/grasp_kitchen_ros2/local/lib/python3.10/dist-packages/grasp_kitchen_ros2/lbot_catch/arm_api/Demo/demo_c/lbot_hand/build/CMakeFiles/lbot_hand.dir/compiler_depend.ts\n'}
[10.355935] (grasp_kitchen_ros2) StdoutLine: {'line': b'-- Symlinking: /home/kim/projects/dexchef_ws/install/grasp_kitchen_ros2/local/lib/python3.10/dist-packages/grasp_kitchen_ros2/lbot_catch/arm_api/Demo/demo_c/lbot_hand/build/CMakeFiles/lbot_hand.dir/depend.make\n'}
[10.361201] (grasp_kitchen_ros2) StdoutLine: {'line': b'-- Symlinking: /home/kim/projects/dexchef_ws/install/grasp_kitchen_ros2/local/lib/python3.10/dist-packages/grasp_kitchen_ros2/lbot_catch/arm_api/Demo/demo_c/lbot_hand/build/CMakeFiles/lbot_hand.dir/flags.make\n'}
[10.366161] (grasp_kitchen_ros2) StdoutLine: {'line': b'-- Symlinking: /home/kim/projects/dexchef_ws/install/grasp_kitchen_ros2/local/lib/python3.10/dist-packages/grasp_kitchen_ros2/lbot_catch/arm_api/Demo/demo_c/lbot_hand/build/CMakeFiles/lbot_hand.dir/link.txt\n'}
[10.371344] (grasp_kitchen_ros2) StdoutLine: {'line': b'-- Symlinking: /home/kim/projects/dexchef_ws/install/grasp_kitchen_ros2/local/lib/python3.10/dist-packages/grasp_kitchen_ros2/lbot_catch/arm_api/Demo/demo_c/lbot_hand/build/CMakeFiles/lbot_hand.dir/progress.make\n'}
[10.376686] (grasp_kitchen_ros2) StdoutLine: {'line': b'-- Symlinking: /home/kim/projects/dexchef_ws/install/grasp_kitchen_ros2/local/lib/python3.10/dist-packages/grasp_kitchen_ros2/lbot_catch/arm_api/Demo/demo_c/lbot_hand/build/CMakeFiles/lbot_hand.dir/src/main.c.o\n'}
[10.381339] (-) TimerEvent: {}
[10.381627] (grasp_kitchen_ros2) StdoutLine: {'line': b'-- Symlinking: /home/kim/projects/dexchef_ws/install/grasp_kitchen_ros2/local/lib/python3.10/dist-packages/grasp_kitchen_ros2/lbot_catch/arm_api/Demo/demo_c/lbot_hand/build/CMakeFiles/lbot_hand.dir/src/main.c.o.d\n'}
[10.387429] (grasp_kitchen_ros2) StdoutLine: {'line': b'-- Symlinking: /home/kim/projects/dexchef_ws/install/grasp_kitchen_ros2/local/lib/python3.10/dist-packages/grasp_kitchen_ros2/lbot_catch/arm_api/Demo/demo_c/lbot_hand/build/CMakeFiles/progress.marks\n'}
[10.393238] (grasp_kitchen_ros2) StdoutLine: {'line': b'-- Symlinking: /home/kim/projects/dexchef_ws/install/grasp_kitchen_ros2/local/lib/python3.10/dist-packages/grasp_kitchen_ros2/lbot_catch/arm_api/Demo/demo_c/lbot_hand/build/Makefile\n'}
[10.399042] (grasp_kitchen_ros2) StdoutLine: {'line': b'-- Symlinking: /home/kim/projects/dexchef_ws/install/grasp_kitchen_ros2/local/lib/python3.10/dist-packages/grasp_kitchen_ros2/lbot_catch/arm_api/Demo/demo_c/lbot_hand/build/cmake_install.cmake\n'}
[10.404076] (grasp_kitchen_ros2) StdoutLine: {'line': b'-- Symlinking: /home/kim/projects/dexchef_ws/install/grasp_kitchen_ros2/local/lib/python3.10/dist-packages/grasp_kitchen_ros2/lbot_catch/arm_api/Demo/demo_c/lbot_hand/build/lbot_hand\n'}
[10.409378] (grasp_kitchen_ros2) StdoutLine: {'line': b'-- Symlinking: /home/kim/projects/dexchef_ws/install/grasp_kitchen_ros2/local/lib/python3.10/dist-packages/grasp_kitchen_ros2/lbot_catch/arm_api/Demo/demo_c/lbot_hand/build/liblbot_api.so\n'}
[10.415204] (grasp_kitchen_ros2) StdoutLine: {'line': b'-- Symlinking: /home/kim/projects/dexchef_ws/install/grasp_kitchen_ros2/local/lib/python3.10/dist-packages/grasp_kitchen_ros2/lbot_catch/arm_api/Demo/demo_c/lbot_hand/readme.md\n'}
[10.420366] (grasp_kitchen_ros2) StdoutLine: {'line': b'-- Symlinking: /home/kim/projects/dexchef_ws/install/grasp_kitchen_ros2/local/lib/python3.10/dist-packages/grasp_kitchen_ros2/lbot_catch/arm_api/Demo/demo_c/lbot_hand/run.sh\n'}
[10.425846] (grasp_kitchen_ros2) StdoutLine: {'line': b'-- Symlinking: /home/kim/projects/dexchef_ws/install/grasp_kitchen_ros2/local/lib/python3.10/dist-packages/grasp_kitchen_ros2/lbot_catch/arm_api/Demo/demo_c/lbot_hand/src/main.c\n'}
[10.431189] (grasp_kitchen_ros2) StdoutLine: {'line': b'-- Symlinking: /home/kim/projects/dexchef_ws/install/grasp_kitchen_ros2/local/lib/python3.10/dist-packages/grasp_kitchen_ros2/lbot_catch/arm_api/Demo/demo_c/lbot_move/CMakeLists.txt\n'}
[10.436523] (grasp_kitchen_ros2) StdoutLine: {'line': b'-- Symlinking: /home/kim/projects/dexchef_ws/install/grasp_kitchen_ros2/local/lib/python3.10/dist-packages/grasp_kitchen_ros2/lbot_catch/arm_api/Demo/demo_c/lbot_move/build/CMakeCache.txt\n'}
[10.441657] (grasp_kitchen_ros2) StdoutLine: {'line': b'-- Symlinking: /home/kim/projects/dexchef_ws/install/grasp_kitchen_ros2/local/lib/python3.10/dist-packages/grasp_kitchen_ros2/lbot_catch/arm_api/Demo/demo_c/lbot_move/build/CMakeFiles/3.28.3/CMakeCCompiler.cmake\n'}
[10.446916] (grasp_kitchen_ros2) StdoutLine: {'line': b'-- Symlinking: /home/kim/projects/dexchef_ws/install/grasp_kitchen_ros2/local/lib/python3.10/dist-packages/grasp_kitchen_ros2/lbot_catch/arm_api/Demo/demo_c/lbot_move/build/CMakeFiles/3.28.3/CMakeCXXCompiler.cmake\n'}
[10.451967] (grasp_kitchen_ros2) StdoutLine: {'line': b'-- Symlinking: /home/kim/projects/dexchef_ws/install/grasp_kitchen_ros2/local/lib/python3.10/dist-packages/grasp_kitchen_ros2/lbot_catch/arm_api/Demo/demo_c/lbot_move/build/CMakeFiles/3.28.3/CMakeDetermineCompilerABI_C.bin\n'}
[10.457073] (grasp_kitchen_ros2) StdoutLine: {'line': b'-- Symlinking: /home/kim/projects/dexchef_ws/install/grasp_kitchen_ros2/local/lib/python3.10/dist-packages/grasp_kitchen_ros2/lbot_catch/arm_api/Demo/demo_c/lbot_move/build/CMakeFiles/3.28.3/CMakeDetermineCompilerABI_CXX.bin\n'}
[10.462181] (grasp_kitchen_ros2) StdoutLine: {'line': b'-- Symlinking: /home/kim/projects/dexchef_ws/install/grasp_kitchen_ros2/local/lib/python3.10/dist-packages/grasp_kitchen_ros2/lbot_catch/arm_api/Demo/demo_c/lbot_move/build/CMakeFiles/3.28.3/CMakeSystem.cmake\n'}
[10.468017] (grasp_kitchen_ros2) StdoutLine: {'line': b'-- Symlinking: /home/kim/projects/dexchef_ws/install/grasp_kitchen_ros2/local/lib/python3.10/dist-packages/grasp_kitchen_ros2/lbot_catch/arm_api/Demo/demo_c/lbot_move/build/CMakeFiles/3.28.3/CompilerIdC/CMakeCCompilerId.c\n'}
[10.472971] (grasp_kitchen_ros2) StdoutLine: {'line': b'-- Symlinking: /home/kim/projects/dexchef_ws/install/grasp_kitchen_ros2/local/lib/python3.10/dist-packages/grasp_kitchen_ros2/lbot_catch/arm_api/Demo/demo_c/lbot_move/build/CMakeFiles/3.28.3/CompilerIdC/a.out\n'}
[10.479394] (grasp_kitchen_ros2) StdoutLine: {'line': b'-- Symlinking: /home/kim/projects/dexchef_ws/install/grasp_kitchen_ros2/local/lib/python3.10/dist-packages/grasp_kitchen_ros2/lbot_catch/arm_api/Demo/demo_c/lbot_move/build/CMakeFiles/3.28.3/CompilerIdCXX/CMakeCXXCompilerId.cpp\n'}
[10.481660] (-) TimerEvent: {}
[10.483960] (grasp_kitchen_ros2) StdoutLine: {'line': b'-- Symlinking: /home/kim/projects/dexchef_ws/install/grasp_kitchen_ros2/local/lib/python3.10/dist-packages/grasp_kitchen_ros2/lbot_catch/arm_api/Demo/demo_c/lbot_move/build/CMakeFiles/3.28.3/CompilerIdCXX/a.out\n'}
[10.489388] (grasp_kitchen_ros2) StdoutLine: {'line': b'-- Symlinking: /home/kim/projects/dexchef_ws/install/grasp_kitchen_ros2/local/lib/python3.10/dist-packages/grasp_kitchen_ros2/lbot_catch/arm_api/Demo/demo_c/lbot_move/build/CMakeFiles/CMakeConfigureLog.yaml\n'}
[10.494722] (grasp_kitchen_ros2) StdoutLine: {'line': b'-- Symlinking: /home/kim/projects/dexchef_ws/install/grasp_kitchen_ros2/local/lib/python3.10/dist-packages/grasp_kitchen_ros2/lbot_catch/arm_api/Demo/demo_c/lbot_move/build/CMakeFiles/CMakeDirectoryInformation.cmake\n'}
[10.500221] (grasp_kitchen_ros2) StdoutLine: {'line': b'-- Symlinking: /home/kim/projects/dexchef_ws/install/grasp_kitchen_ros2/local/lib/python3.10/dist-packages/grasp_kitchen_ros2/lbot_catch/arm_api/Demo/demo_c/lbot_move/build/CMakeFiles/Makefile.cmake\n'}
[10.505909] (grasp_kitchen_ros2) StdoutLine: {'line': b'-- Symlinking: /home/kim/projects/dexchef_ws/install/grasp_kitchen_ros2/local/lib/python3.10/dist-packages/grasp_kitchen_ros2/lbot_catch/arm_api/Demo/demo_c/lbot_move/build/CMakeFiles/Makefile2\n'}
[10.511202] (grasp_kitchen_ros2) StdoutLine: {'line': b'-- Symlinking: /home/kim/projects/dexchef_ws/install/grasp_kitchen_ros2/local/lib/python3.10/dist-packages/grasp_kitchen_ros2/lbot_catch/arm_api/Demo/demo_c/lbot_move/build/CMakeFiles/TargetDirectories.txt\n'}
[10.516462] (grasp_kitchen_ros2) StdoutLine: {'line': b'-- Symlinking: /home/kim/projects/dexchef_ws/install/grasp_kitchen_ros2/local/lib/python3.10/dist-packages/grasp_kitchen_ros2/lbot_catch/arm_api/Demo/demo_c/lbot_move/build/CMakeFiles/cmake.check_cache\n'}
[10.522226] (grasp_kitchen_ros2) StdoutLine: {'line': b'-- Symlinking: /home/kim/projects/dexchef_ws/install/grasp_kitchen_ros2/local/lib/python3.10/dist-packages/grasp_kitchen_ros2/lbot_catch/arm_api/Demo/demo_c/lbot_move/build/CMakeFiles/lbot_move.dir/DependInfo.cmake\n'}
[10.527341] (grasp_kitchen_ros2) StdoutLine: {'line': b'-- Symlinking: /home/kim/projects/dexchef_ws/install/grasp_kitchen_ros2/local/lib/python3.10/dist-packages/grasp_kitchen_ros2/lbot_catch/arm_api/Demo/demo_c/lbot_move/build/CMakeFiles/lbot_move.dir/build.make\n'}
[10.533104] (grasp_kitchen_ros2) StdoutLine: {'line': b'-- Symlinking: /home/kim/projects/dexchef_ws/install/grasp_kitchen_ros2/local/lib/python3.10/dist-packages/grasp_kitchen_ros2/lbot_catch/arm_api/Demo/demo_c/lbot_move/build/CMakeFiles/lbot_move.dir/cmake_clean.cmake\n'}
[10.538977] (grasp_kitchen_ros2) StdoutLine: {'line': b'-- Symlinking: /home/kim/projects/dexchef_ws/install/grasp_kitchen_ros2/local/lib/python3.10/dist-packages/grasp_kitchen_ros2/lbot_catch/arm_api/Demo/demo_c/lbot_move/build/CMakeFiles/lbot_move.dir/compiler_depend.make\n'}
[10.544133] (grasp_kitchen_ros2) StdoutLine: {'line': b'-- Symlinking: /home/kim/projects/dexchef_ws/install/grasp_kitchen_ros2/local/lib/python3.10/dist-packages/grasp_kitchen_ros2/lbot_catch/arm_api/Demo/demo_c/lbot_move/build/CMakeFiles/lbot_move.dir/compiler_depend.ts\n'}
[10.549144] (grasp_kitchen_ros2) StdoutLine: {'line': b'-- Symlinking: /home/kim/projects/dexchef_ws/install/grasp_kitchen_ros2/local/lib/python3.10/dist-packages/grasp_kitchen_ros2/lbot_catch/arm_api/Demo/demo_c/lbot_move/build/CMakeFiles/lbot_move.dir/depend.make\n'}
[10.554978] (grasp_kitchen_ros2) StdoutLine: {'line': b'-- Symlinking: /home/kim/projects/dexchef_ws/install/grasp_kitchen_ros2/local/lib/python3.10/dist-packages/grasp_kitchen_ros2/lbot_catch/arm_api/Demo/demo_c/lbot_move/build/CMakeFiles/lbot_move.dir/flags.make\n'}
[10.559923] (grasp_kitchen_ros2) StdoutLine: {'line': b'-- Symlinking: /home/kim/projects/dexchef_ws/install/grasp_kitchen_ros2/local/lib/python3.10/dist-packages/grasp_kitchen_ros2/lbot_catch/arm_api/Demo/demo_c/lbot_move/build/CMakeFiles/lbot_move.dir/link.txt\n'}
[10.565035] (grasp_kitchen_ros2) StdoutLine: {'line': b'-- Symlinking: /home/kim/projects/dexchef_ws/install/grasp_kitchen_ros2/local/lib/python3.10/dist-packages/grasp_kitchen_ros2/lbot_catch/arm_api/Demo/demo_c/lbot_move/build/CMakeFiles/lbot_move.dir/progress.make\n'}
[10.570367] (grasp_kitchen_ros2) StdoutLine: {'line': b'-- Symlinking: /home/kim/projects/dexchef_ws/install/grasp_kitchen_ros2/local/lib/python3.10/dist-packages/grasp_kitchen_ros2/lbot_catch/arm_api/Demo/demo_c/lbot_move/build/CMakeFiles/lbot_move.dir/src/main.c.o\n'}
[10.575378] (grasp_kitchen_ros2) StdoutLine: {'line': b'-- Symlinking: /home/kim/projects/dexchef_ws/install/grasp_kitchen_ros2/local/lib/python3.10/dist-packages/grasp_kitchen_ros2/lbot_catch/arm_api/Demo/demo_c/lbot_move/build/CMakeFiles/lbot_move.dir/src/main.c.o.d\n'}
[10.580656] (grasp_kitchen_ros2) StdoutLine: {'line': b'-- Symlinking: /home/kim/projects/dexchef_ws/install/grasp_kitchen_ros2/local/lib/python3.10/dist-packages/grasp_kitchen_ros2/lbot_catch/arm_api/Demo/demo_c/lbot_move/build/CMakeFiles/progress.marks\n'}
[10.581921] (-) TimerEvent: {}
[10.585777] (grasp_kitchen_ros2) StdoutLine: {'line': b'-- Symlinking: /home/kim/projects/dexchef_ws/install/grasp_kitchen_ros2/local/lib/python3.10/dist-packages/grasp_kitchen_ros2/lbot_catch/arm_api/Demo/demo_c/lbot_move/build/Makefile\n'}
[10.591755] (grasp_kitchen_ros2) StdoutLine: {'line': b'-- Symlinking: /home/kim/projects/dexchef_ws/install/grasp_kitchen_ros2/local/lib/python3.10/dist-packages/grasp_kitchen_ros2/lbot_catch/arm_api/Demo/demo_c/lbot_move/build/cmake_install.cmake\n'}
[10.596720] (grasp_kitchen_ros2) StdoutLine: {'line': b'-- Symlinking: /home/kim/projects/dexchef_ws/install/grasp_kitchen_ros2/local/lib/python3.10/dist-packages/grasp_kitchen_ros2/lbot_catch/arm_api/Demo/demo_c/lbot_move/build/lbot_move\n'}
[10.601746] (grasp_kitchen_ros2) StdoutLine: {'line': b'-- Symlinking: /home/kim/projects/dexchef_ws/install/grasp_kitchen_ros2/local/lib/python3.10/dist-packages/grasp_kitchen_ros2/lbot_catch/arm_api/Demo/demo_c/lbot_move/build/liblbot_api.so\n'}
[10.607793] (grasp_kitchen_ros2) StdoutLine: {'line': b'-- Symlinking: /home/kim/projects/dexchef_ws/install/grasp_kitchen_ros2/local/lib/python3.10/dist-packages/grasp_kitchen_ros2/lbot_catch/arm_api/Demo/demo_c/lbot_move/readme.md\n'}
[10.612918] (grasp_kitchen_ros2) StdoutLine: {'line': b'-- Symlinking: /home/kim/projects/dexchef_ws/install/grasp_kitchen_ros2/local/lib/python3.10/dist-packages/grasp_kitchen_ros2/lbot_catch/arm_api/Demo/demo_c/lbot_move/run.sh\n'}
[10.618177] (grasp_kitchen_ros2) StdoutLine: {'line': b'-- Symlinking: /home/kim/projects/dexchef_ws/install/grasp_kitchen_ros2/local/lib/python3.10/dist-packages/grasp_kitchen_ros2/lbot_catch/arm_api/Demo/demo_c/lbot_move/src/main.c\n'}
[10.624009] (grasp_kitchen_ros2) StdoutLine: {'line': b'-- Symlinking: /home/kim/projects/dexchef_ws/install/grasp_kitchen_ros2/local/lib/python3.10/dist-packages/grasp_kitchen_ros2/lbot_catch/arm_api/Demo/demo_c/lbot_setting/CMakeLists.txt\n'}
[10.629209] (grasp_kitchen_ros2) StdoutLine: {'line': b'-- Symlinking: /home/kim/projects/dexchef_ws/install/grasp_kitchen_ros2/local/lib/python3.10/dist-packages/grasp_kitchen_ros2/lbot_catch/arm_api/Demo/demo_c/lbot_setting/build/CMakeCache.txt\n'}
[10.634425] (grasp_kitchen_ros2) StdoutLine: {'line': b'-- Symlinking: /home/kim/projects/dexchef_ws/install/grasp_kitchen_ros2/local/lib/python3.10/dist-packages/grasp_kitchen_ros2/lbot_catch/arm_api/Demo/demo_c/lbot_setting/build/CMakeFiles/3.28.3/CMakeCCompiler.cmake\n'}
[10.639737] (grasp_kitchen_ros2) StdoutLine: {'line': b'-- Symlinking: /home/kim/projects/dexchef_ws/install/grasp_kitchen_ros2/local/lib/python3.10/dist-packages/grasp_kitchen_ros2/lbot_catch/arm_api/Demo/demo_c/lbot_setting/build/CMakeFiles/3.28.3/CMakeCXXCompiler.cmake\n'}
[10.645432] (grasp_kitchen_ros2) StdoutLine: {'line': b'-- Symlinking: /home/kim/projects/dexchef_ws/install/grasp_kitchen_ros2/local/lib/python3.10/dist-packages/grasp_kitchen_ros2/lbot_catch/arm_api/Demo/demo_c/lbot_setting/build/CMakeFiles/3.28.3/CMakeDetermineCompilerABI_C.bin\n'}
[10.650524] (grasp_kitchen_ros2) StdoutLine: {'line': b'-- Symlinking: /home/kim/projects/dexchef_ws/install/grasp_kitchen_ros2/local/lib/python3.10/dist-packages/grasp_kitchen_ros2/lbot_catch/arm_api/Demo/demo_c/lbot_setting/build/CMakeFiles/3.28.3/CMakeDetermineCompilerABI_CXX.bin\n'}
[10.656121] (grasp_kitchen_ros2) StdoutLine: {'line': b'-- Symlinking: /home/kim/projects/dexchef_ws/install/grasp_kitchen_ros2/local/lib/python3.10/dist-packages/grasp_kitchen_ros2/lbot_catch/arm_api/Demo/demo_c/lbot_setting/build/CMakeFiles/3.28.3/CMakeSystem.cmake\n'}
[10.661881] (grasp_kitchen_ros2) StdoutLine: {'line': b'-- Symlinking: /home/kim/projects/dexchef_ws/install/grasp_kitchen_ros2/local/lib/python3.10/dist-packages/grasp_kitchen_ros2/lbot_catch/arm_api/Demo/demo_c/lbot_setting/build/CMakeFiles/3.28.3/CompilerIdC/CMakeCCompilerId.c\n'}
[10.666910] (grasp_kitchen_ros2) StdoutLine: {'line': b'-- Symlinking: /home/kim/projects/dexchef_ws/install/grasp_kitchen_ros2/local/lib/python3.10/dist-packages/grasp_kitchen_ros2/lbot_catch/arm_api/Demo/demo_c/lbot_setting/build/CMakeFiles/3.28.3/CompilerIdC/a.out\n'}
[10.672589] (grasp_kitchen_ros2) StdoutLine: {'line': b'-- Symlinking: /home/kim/projects/dexchef_ws/install/grasp_kitchen_ros2/local/lib/python3.10/dist-packages/grasp_kitchen_ros2/lbot_catch/arm_api/Demo/demo_c/lbot_setting/build/CMakeFiles/3.28.3/CompilerIdCXX/CMakeCXXCompilerId.cpp\n'}
[10.677865] (grasp_kitchen_ros2) StdoutLine: {'line': b'-- Symlinking: /home/kim/projects/dexchef_ws/install/grasp_kitchen_ros2/local/lib/python3.10/dist-packages/grasp_kitchen_ros2/lbot_catch/arm_api/Demo/demo_c/lbot_setting/build/CMakeFiles/3.28.3/CompilerIdCXX/a.out\n'}
[10.682319] (-) TimerEvent: {}
[10.682839] (grasp_kitchen_ros2) StdoutLine: {'line': b'-- Symlinking: /home/kim/projects/dexchef_ws/install/grasp_kitchen_ros2/local/lib/python3.10/dist-packages/grasp_kitchen_ros2/lbot_catch/arm_api/Demo/demo_c/lbot_setting/build/CMakeFiles/CMakeConfigureLog.yaml\n'}
[10.688350] (grasp_kitchen_ros2) StdoutLine: {'line': b'-- Symlinking: /home/kim/projects/dexchef_ws/install/grasp_kitchen_ros2/local/lib/python3.10/dist-packages/grasp_kitchen_ros2/lbot_catch/arm_api/Demo/demo_c/lbot_setting/build/CMakeFiles/CMakeDirectoryInformation.cmake\n'}
[10.693990] (grasp_kitchen_ros2) StdoutLine: {'line': b'-- Symlinking: /home/kim/projects/dexchef_ws/install/grasp_kitchen_ros2/local/lib/python3.10/dist-packages/grasp_kitchen_ros2/lbot_catch/arm_api/Demo/demo_c/lbot_setting/build/CMakeFiles/Makefile.cmake\n'}
[10.699422] (grasp_kitchen_ros2) StdoutLine: {'line': b'-- Symlinking: /home/kim/projects/dexchef_ws/install/grasp_kitchen_ros2/local/lib/python3.10/dist-packages/grasp_kitchen_ros2/lbot_catch/arm_api/Demo/demo_c/lbot_setting/build/CMakeFiles/Makefile2\n'}
[10.704717] (grasp_kitchen_ros2) StdoutLine: {'line': b'-- Symlinking: /home/kim/projects/dexchef_ws/install/grasp_kitchen_ros2/local/lib/python3.10/dist-packages/grasp_kitchen_ros2/lbot_catch/arm_api/Demo/demo_c/lbot_setting/build/CMakeFiles/TargetDirectories.txt\n'}
[10.709703] (grasp_kitchen_ros2) StdoutLine: {'line': b'-- Symlinking: /home/kim/projects/dexchef_ws/install/grasp_kitchen_ros2/local/lib/python3.10/dist-packages/grasp_kitchen_ros2/lbot_catch/arm_api/Demo/demo_c/lbot_setting/build/CMakeFiles/cmake.check_cache\n'}
[10.715197] (grasp_kitchen_ros2) StdoutLine: {'line': b'-- Symlinking: /home/kim/projects/dexchef_ws/install/grasp_kitchen_ros2/local/lib/python3.10/dist-packages/grasp_kitchen_ros2/lbot_catch/arm_api/Demo/demo_c/lbot_setting/build/CMakeFiles/lbot_setting.dir/DependInfo.cmake\n'}
[10.720146] (grasp_kitchen_ros2) StdoutLine: {'line': b'-- Symlinking: /home/kim/projects/dexchef_ws/install/grasp_kitchen_ros2/local/lib/python3.10/dist-packages/grasp_kitchen_ros2/lbot_catch/arm_api/Demo/demo_c/lbot_setting/build/CMakeFiles/lbot_setting.dir/build.make\n'}
[10.725345] (grasp_kitchen_ros2) StdoutLine: {'line': b'-- Symlinking: /home/kim/projects/dexchef_ws/install/grasp_kitchen_ros2/local/lib/python3.10/dist-packages/grasp_kitchen_ros2/lbot_catch/arm_api/Demo/demo_c/lbot_setting/build/CMakeFiles/lbot_setting.dir/cmake_clean.cmake\n'}
[10.730559] (grasp_kitchen_ros2) StdoutLine: {'line': b'-- Symlinking: /home/kim/projects/dexchef_ws/install/grasp_kitchen_ros2/local/lib/python3.10/dist-packages/grasp_kitchen_ros2/lbot_catch/arm_api/Demo/demo_c/lbot_setting/build/CMakeFiles/lbot_setting.dir/compiler_depend.make\n'}
[10.735694] (grasp_kitchen_ros2) StdoutLine: {'line': b'-- Symlinking: /home/kim/projects/dexchef_ws/install/grasp_kitchen_ros2/local/lib/python3.10/dist-packages/grasp_kitchen_ros2/lbot_catch/arm_api/Demo/demo_c/lbot_setting/build/CMakeFiles/lbot_setting.dir/compiler_depend.ts\n'}
[10.740936] (grasp_kitchen_ros2) StdoutLine: {'line': b'-- Symlinking: /home/kim/projects/dexchef_ws/install/grasp_kitchen_ros2/local/lib/python3.10/dist-packages/grasp_kitchen_ros2/lbot_catch/arm_api/Demo/demo_c/lbot_setting/build/CMakeFiles/lbot_setting.dir/depend.make\n'}
[10.746184] (grasp_kitchen_ros2) StdoutLine: {'line': b'-- Symlinking: /home/kim/projects/dexchef_ws/install/grasp_kitchen_ros2/local/lib/python3.10/dist-packages/grasp_kitchen_ros2/lbot_catch/arm_api/Demo/demo_c/lbot_setting/build/CMakeFiles/lbot_setting.dir/flags.make\n'}
[10.751471] (grasp_kitchen_ros2) StdoutLine: {'line': b'-- Symlinking: /home/kim/projects/dexchef_ws/install/grasp_kitchen_ros2/local/lib/python3.10/dist-packages/grasp_kitchen_ros2/lbot_catch/arm_api/Demo/demo_c/lbot_setting/build/CMakeFiles/lbot_setting.dir/link.txt\n'}
[10.756702] (grasp_kitchen_ros2) StdoutLine: {'line': b'-- Symlinking: /home/kim/projects/dexchef_ws/install/grasp_kitchen_ros2/local/lib/python3.10/dist-packages/grasp_kitchen_ros2/lbot_catch/arm_api/Demo/demo_c/lbot_setting/build/CMakeFiles/lbot_setting.dir/progress.make\n'}
[10.761967] (grasp_kitchen_ros2) StdoutLine: {'line': b'-- Symlinking: /home/kim/projects/dexchef_ws/install/grasp_kitchen_ros2/local/lib/python3.10/dist-packages/grasp_kitchen_ros2/lbot_catch/arm_api/Demo/demo_c/lbot_setting/build/CMakeFiles/lbot_setting.dir/src/main.c.o\n'}
[10.767527] (grasp_kitchen_ros2) StdoutLine: {'line': b'-- Symlinking: /home/kim/projects/dexchef_ws/install/grasp_kitchen_ros2/local/lib/python3.10/dist-packages/grasp_kitchen_ros2/lbot_catch/arm_api/Demo/demo_c/lbot_setting/build/CMakeFiles/lbot_setting.dir/src/main.c.o.d\n'}
[10.772680] (grasp_kitchen_ros2) StdoutLine: {'line': b'-- Symlinking: /home/kim/projects/dexchef_ws/install/grasp_kitchen_ros2/local/lib/python3.10/dist-packages/grasp_kitchen_ros2/lbot_catch/arm_api/Demo/demo_c/lbot_setting/build/CMakeFiles/progress.marks\n'}
[10.777631] (grasp_kitchen_ros2) StdoutLine: {'line': b'-- Symlinking: /home/kim/projects/dexchef_ws/install/grasp_kitchen_ros2/local/lib/python3.10/dist-packages/grasp_kitchen_ros2/lbot_catch/arm_api/Demo/demo_c/lbot_setting/build/Makefile\n'}
[10.783018] (grasp_kitchen_ros2) StdoutLine: {'line': b'-- Symlinking: /home/kim/projects/dexchef_ws/install/grasp_kitchen_ros2/local/lib/python3.10/dist-packages/grasp_kitchen_ros2/lbot_catch/arm_api/Demo/demo_c/lbot_setting/build/cmake_install.cmake\n'}
[10.783116] (-) TimerEvent: {}
[10.788866] (grasp_kitchen_ros2) StdoutLine: {'line': b'-- Symlinking: /home/kim/projects/dexchef_ws/install/grasp_kitchen_ros2/local/lib/python3.10/dist-packages/grasp_kitchen_ros2/lbot_catch/arm_api/Demo/demo_c/lbot_setting/build/lbot_setting\n'}
[10.793999] (grasp_kitchen_ros2) StdoutLine: {'line': b'-- Symlinking: /home/kim/projects/dexchef_ws/install/grasp_kitchen_ros2/local/lib/python3.10/dist-packages/grasp_kitchen_ros2/lbot_catch/arm_api/Demo/demo_c/lbot_setting/build/liblbot_api.so\n'}
[10.799724] (grasp_kitchen_ros2) StdoutLine: {'line': b'-- Symlinking: /home/kim/projects/dexchef_ws/install/grasp_kitchen_ros2/local/lib/python3.10/dist-packages/grasp_kitchen_ros2/lbot_catch/arm_api/Demo/demo_c/lbot_setting/readme.md\n'}
[10.805339] (grasp_kitchen_ros2) StdoutLine: {'line': b'-- Symlinking: /home/kim/projects/dexchef_ws/install/grasp_kitchen_ros2/local/lib/python3.10/dist-packages/grasp_kitchen_ros2/lbot_catch/arm_api/Demo/demo_c/lbot_setting/run.sh\n'}
[10.810607] (grasp_kitchen_ros2) StdoutLine: {'line': b'-- Symlinking: /home/kim/projects/dexchef_ws/install/grasp_kitchen_ros2/local/lib/python3.10/dist-packages/grasp_kitchen_ros2/lbot_catch/arm_api/Demo/demo_c/lbot_setting/src/main.c\n'}
[10.816151] (grasp_kitchen_ros2) StdoutLine: {'line': b'-- Symlinking: /home/kim/projects/dexchef_ws/install/grasp_kitchen_ros2/local/lib/python3.10/dist-packages/grasp_kitchen_ros2/lbot_catch/arm_api/Demo/demo_python/demo_fk_ik.py\n'}
[10.821219] (grasp_kitchen_ros2) StdoutLine: {'line': b'-- Symlinking: /home/kim/projects/dexchef_ws/install/grasp_kitchen_ros2/local/lib/python3.10/dist-packages/grasp_kitchen_ros2/lbot_catch/arm_api/Demo/demo_python/demo_frame.py\n'}
[10.826461] (grasp_kitchen_ros2) StdoutLine: {'line': b'-- Symlinking: /home/kim/projects/dexchef_ws/install/grasp_kitchen_ros2/local/lib/python3.10/dist-packages/grasp_kitchen_ros2/lbot_catch/arm_api/Demo/demo_python/demo_hand.py\n'}
[10.831668] (grasp_kitchen_ros2) StdoutLine: {'line': b'-- Symlinking: /home/kim/projects/dexchef_ws/install/grasp_kitchen_ros2/local/lib/python3.10/dist-packages/grasp_kitchen_ros2/lbot_catch/arm_api/Demo/demo_python/demo_move.py\n'}
[10.836699] (grasp_kitchen_ros2) StdoutLine: {'line': b'-- Symlinking: /home/kim/projects/dexchef_ws/install/grasp_kitchen_ros2/local/lib/python3.10/dist-packages/grasp_kitchen_ros2/lbot_catch/arm_api/Demo/demo_python/demo_setting.py\n'}
[10.841996] (grasp_kitchen_ros2) StdoutLine: {'line': b'-- Symlinking: /home/kim/projects/dexchef_ws/install/grasp_kitchen_ros2/local/lib/python3.10/dist-packages/grasp_kitchen_ros2/lbot_catch/arm_api/Demo/demo_python/lbot/__init__.py\n'}
[10.846889] (grasp_kitchen_ros2) StdoutLine: {'line': b'-- Symlinking: /home/kim/projects/dexchef_ws/install/grasp_kitchen_ros2/local/lib/python3.10/dist-packages/grasp_kitchen_ros2/lbot_catch/arm_api/Demo/demo_python/lbot/lbot_api.py\n'}
[10.852372] (grasp_kitchen_ros2) StdoutLine: {'line': b'-- Symlinking: /home/kim/projects/dexchef_ws/install/grasp_kitchen_ros2/local/lib/python3.10/dist-packages/grasp_kitchen_ros2/lbot_catch/arm_api/Demo/demo_python/lbot/lbot_robot.py\n'}
[10.857733] (grasp_kitchen_ros2) StdoutLine: {'line': b'-- Symlinking: /home/kim/projects/dexchef_ws/install/grasp_kitchen_ros2/local/lib/python3.10/dist-packages/grasp_kitchen_ros2/lbot_catch/arm_api/Demo/demo_python/lbot/libs/linux/linux_arm64/liblbot_api.so\n'}
[10.862832] (grasp_kitchen_ros2) StdoutLine: {'line': b'-- Symlinking: /home/kim/projects/dexchef_ws/install/grasp_kitchen_ros2/local/lib/python3.10/dist-packages/grasp_kitchen_ros2/lbot_catch/arm_api/Demo/demo_python/lbot/libs/linux/linux_arm64/liblbot_api.so.1\n'}
[10.868158] (grasp_kitchen_ros2) StdoutLine: {'line': b'-- Symlinking: /home/kim/projects/dexchef_ws/install/grasp_kitchen_ros2/local/lib/python3.10/dist-packages/grasp_kitchen_ros2/lbot_catch/arm_api/Demo/demo_python/lbot/libs/linux/linux_arm64/liblbot_api.so.1.0.1\n'}
[10.873628] (grasp_kitchen_ros2) StdoutLine: {'line': b'-- Symlinking: /home/kim/projects/dexchef_ws/install/grasp_kitchen_ros2/local/lib/python3.10/dist-packages/grasp_kitchen_ros2/lbot_catch/arm_api/Demo/demo_python/lbot/libs/linux/linux_x64/liblbot_api.so\n'}
[10.878574] (grasp_kitchen_ros2) StdoutLine: {'line': b'-- Symlinking: /home/kim/projects/dexchef_ws/install/grasp_kitchen_ros2/local/lib/python3.10/dist-packages/grasp_kitchen_ros2/lbot_catch/arm_api/Demo/demo_python/lbot/libs/linux/linux_x64/liblbot_api.so.1\n'}
[10.883527] (-) TimerEvent: {}
[10.883761] (grasp_kitchen_ros2) StdoutLine: {'line': b'-- Symlinking: /home/kim/projects/dexchef_ws/install/grasp_kitchen_ros2/local/lib/python3.10/dist-packages/grasp_kitchen_ros2/lbot_catch/arm_api/Demo/demo_python/lbot/libs/linux/linux_x64/liblbot_api.so.1.0.1\n'}
[10.889737] (grasp_kitchen_ros2) StdoutLine: {'line': b'-- Symlinking: /home/kim/projects/dexchef_ws/install/grasp_kitchen_ros2/local/lib/python3.10/dist-packages/grasp_kitchen_ros2/lbot_catch/arm_api/Demo/demo_python/test.py\n'}
[10.895371] (grasp_kitchen_ros2) StdoutLine: {'line': b'-- Symlinking: /home/kim/projects/dexchef_ws/install/grasp_kitchen_ros2/local/lib/python3.10/dist-packages/grasp_kitchen_ros2/lbot_catch/arm_api/Python/lbot/__init__.py\n'}
[10.900928] (grasp_kitchen_ros2) StdoutLine: {'line': b'-- Symlinking: /home/kim/projects/dexchef_ws/install/grasp_kitchen_ros2/local/lib/python3.10/dist-packages/grasp_kitchen_ros2/lbot_catch/arm_api/Python/lbot/lbot_api.py\n'}
[10.906033] (grasp_kitchen_ros2) StdoutLine: {'line': b'-- Symlinking: /home/kim/projects/dexchef_ws/install/grasp_kitchen_ros2/local/lib/python3.10/dist-packages/grasp_kitchen_ros2/lbot_catch/arm_api/Python/lbot/lbot_robot.py\n'}
[10.911952] (grasp_kitchen_ros2) StdoutLine: {'line': b'-- Symlinking: /home/kim/projects/dexchef_ws/install/grasp_kitchen_ros2/local/lib/python3.10/dist-packages/grasp_kitchen_ros2/lbot_catch/arm_api/Python/lbot/libs/linux/linux_arm64/liblbot_api.so\n'}
[10.916747] (grasp_kitchen_ros2) StdoutLine: {'line': b'-- Symlinking: /home/kim/projects/dexchef_ws/install/grasp_kitchen_ros2/local/lib/python3.10/dist-packages/grasp_kitchen_ros2/lbot_catch/arm_api/Python/lbot/libs/linux/linux_arm64/liblbot_api.so.1\n'}
[10.922345] (grasp_kitchen_ros2) StdoutLine: {'line': b'-- Symlinking: /home/kim/projects/dexchef_ws/install/grasp_kitchen_ros2/local/lib/python3.10/dist-packages/grasp_kitchen_ros2/lbot_catch/arm_api/Python/lbot/libs/linux/linux_arm64/liblbot_api.so.1.0.1\n'}
[10.927716] (grasp_kitchen_ros2) StdoutLine: {'line': b'-- Symlinking: /home/kim/projects/dexchef_ws/install/grasp_kitchen_ros2/local/lib/python3.10/dist-packages/grasp_kitchen_ros2/lbot_catch/arm_api/Python/lbot/libs/linux/linux_x64/liblbot_api.so\n'}
[10.932599] (grasp_kitchen_ros2) StdoutLine: {'line': b'-- Symlinking: /home/kim/projects/dexchef_ws/install/grasp_kitchen_ros2/local/lib/python3.10/dist-packages/grasp_kitchen_ros2/lbot_catch/arm_api/Python/lbot/libs/linux/linux_x64/liblbot_api.so.1\n'}
[10.938103] (grasp_kitchen_ros2) StdoutLine: {'line': b'-- Symlinking: /home/kim/projects/dexchef_ws/install/grasp_kitchen_ros2/local/lib/python3.10/dist-packages/grasp_kitchen_ros2/lbot_catch/arm_api/Python/lbot/libs/linux/linux_x64/liblbot_api.so.1.0.1\n'}
[10.943630] (grasp_kitchen_ros2) StdoutLine: {'line': b'-- Symlinking: /home/kim/projects/dexchef_ws/install/grasp_kitchen_ros2/local/lib/python3.10/dist-packages/grasp_kitchen_ros2/lbot_catch/arm_api/Readme.md\n'}
[10.948753] (grasp_kitchen_ros2) StdoutLine: {'line': b'-- Symlinking: /home/kim/projects/dexchef_ws/install/grasp_kitchen_ros2/local/lib/python3.10/dist-packages/grasp_kitchen_ros2/lbot_catch/arm_api/doc/\xe2\x94\xb4\xce\x98\xe2\x95\xa8\xe2\x94\x80\xe2\x95\x9f\xe2\x95\x94\xe2\x95\xa9\xe2\x95\x93\xe2\x95\x97\xc2\xb7\xe2\x95\x9e\xe2\x89\x88\xe2\x95\x9a\xe2\x95\xa6\xe2\x94\x90\xe2\x95\xaa\xe2\x95\x93\xe2\x95\x9e\xe2\x95\x9e\xe2\x95\x9c\xe2\x95\xa0\xc2\xbfv1.0.2.pdf\n'}
[10.954256] (grasp_kitchen_ros2) StdoutLine: {'line': b'-- Symlinking: /home/kim/projects/dexchef_ws/install/grasp_kitchen_ros2/local/lib/python3.10/dist-packages/grasp_kitchen_ros2/lbot_catch/arm_api/doc/\xe2\x95\x97\xc2\xb7\xe2\x95\xa8\xe2\x95\xa1\xe2\x96\x92\xe2\x96\x88\xe2\x94\x90\xe2\x95\xaa\xe2\x95\x93\xe2\x95\x9e\xe2\x95\x9c\xe2\x95\x99\xe2\x94\x90\xe2\x94\x8c\xe2\x95\xac\xe2\x94\x80\xe2\x95\xa1\xe2\x95\xa1v1.0.2.pdf\n'}
[10.959737] (grasp_kitchen_ros2) StdoutLine: {'line': b'-- Symlinking: /home/kim/projects/dexchef_ws/install/grasp_kitchen_ros2/local/lib/python3.10/dist-packages/grasp_kitchen_ros2/motion/__init__.py\n'}
[10.965158] (grasp_kitchen_ros2) StdoutLine: {'line': b'-- Symlinking: /home/kim/projects/dexchef_ws/install/grasp_kitchen_ros2/local/lib/python3.10/dist-packages/grasp_kitchen_ros2/motion/entities/__init__.py\n'}
[10.970590] (grasp_kitchen_ros2) StdoutLine: {'line': b'-- Symlinking: /home/kim/projects/dexchef_ws/install/grasp_kitchen_ros2/local/lib/python3.10/dist-packages/grasp_kitchen_ros2/motion/entities/constraints.py\n'}
[10.976026] (grasp_kitchen_ros2) StdoutLine: {'line': b'-- Symlinking: /home/kim/projects/dexchef_ws/install/grasp_kitchen_ros2/local/lib/python3.10/dist-packages/grasp_kitchen_ros2/motion/entities/motion_primitive.py\n'}
[10.981024] (grasp_kitchen_ros2) StdoutLine: {'line': b'-- Symlinking: /home/kim/projects/dexchef_ws/install/grasp_kitchen_ros2/local/lib/python3.10/dist-packages/grasp_kitchen_ros2/motion/entities/trajectory.py\n'}
[10.983801] (-) TimerEvent: {}
[10.986460] (grasp_kitchen_ros2) StdoutLine: {'line': b'-- Symlinking: /home/kim/projects/dexchef_ws/install/grasp_kitchen_ros2/local/lib/python3.10/dist-packages/grasp_kitchen_ros2/motion/skills/__init__.py\n'}
[10.991546] (grasp_kitchen_ros2) StdoutLine: {'line': b'-- Symlinking: /home/kim/projects/dexchef_ws/install/grasp_kitchen_ros2/local/lib/python3.10/dist-packages/grasp_kitchen_ros2/motion/skills/ik_helpers.py\n'}
[10.997327] (grasp_kitchen_ros2) StdoutLine: {'line': b'-- Symlinking: /home/kim/projects/dexchef_ws/install/grasp_kitchen_ros2/local/lib/python3.10/dist-packages/grasp_kitchen_ros2/motion/skills/pick_and_place.py\n'}
[11.002464] (grasp_kitchen_ros2) StdoutLine: {'line': b'-- Symlinking: /home/kim/projects/dexchef_ws/install/grasp_kitchen_ros2/local/lib/python3.10/dist-packages/grasp_kitchen_ros2/motion_executor_node.py\n'}
[11.007777] (grasp_kitchen_ros2) StdoutLine: {'line': b'-- Symlinking: /home/kim/projects/dexchef_ws/install/grasp_kitchen_ros2/local/lib/python3.10/dist-packages/grasp_kitchen_ros2/perception_node.py\n'}
[11.013139] (grasp_kitchen_ros2) StdoutLine: {'line': b'-- Symlinking: /home/kim/projects/dexchef_ws/install/grasp_kitchen_ros2/local/lib/python3.10/dist-packages/grasp_kitchen_ros2/planning/entities/__init__.py\n'}
[11.018953] (grasp_kitchen_ros2) StdoutLine: {'line': b'-- Symlinking: /home/kim/projects/dexchef_ws/install/grasp_kitchen_ros2/local/lib/python3.10/dist-packages/grasp_kitchen_ros2/planning/entities/pattern.py\n'}
[11.023885] (grasp_kitchen_ros2) StdoutLine: {'line': b'-- Symlinking: /home/kim/projects/dexchef_ws/install/grasp_kitchen_ros2/local/lib/python3.10/dist-packages/grasp_kitchen_ros2/planning/entities/plan.py\n'}
[11.029203] (grasp_kitchen_ros2) StdoutLine: {'line': b'-- Symlinking: /home/kim/projects/dexchef_ws/install/grasp_kitchen_ros2/local/lib/python3.10/dist-packages/grasp_kitchen_ros2/planning/entities/pose3d.py\n'}
[11.034563] (grasp_kitchen_ros2) StdoutLine: {'line': b'-- Symlinking: /home/kim/projects/dexchef_ws/install/grasp_kitchen_ros2/local/lib/python3.10/dist-packages/grasp_kitchen_ros2/planning/entities/scene_state.py\n'}
[11.039538] (grasp_kitchen_ros2) StdoutLine: {'line': b'-- Symlinking: /home/kim/projects/dexchef_ws/install/grasp_kitchen_ros2/local/lib/python3.10/dist-packages/grasp_kitchen_ros2/planning/entities/task_goal.py\n'}
[11.045168] (grasp_kitchen_ros2) StdoutLine: {'line': b'-- Symlinking: /home/kim/projects/dexchef_ws/install/grasp_kitchen_ros2/local/lib/python3.10/dist-packages/grasp_kitchen_ros2/planning/policy/__init__.py\n'}
[11.050151] (grasp_kitchen_ros2) StdoutLine: {'line': b'-- Symlinking: /home/kim/projects/dexchef_ws/install/grasp_kitchen_ros2/local/lib/python3.10/dist-packages/grasp_kitchen_ros2/planning/policy/orange_heart_policy.py\n'}
[11.055554] (grasp_kitchen_ros2) StdoutLine: {'line': b'-- Symlinking: /home/kim/projects/dexchef_ws/install/grasp_kitchen_ros2/local/lib/python3.10/dist-packages/grasp_kitchen_ros2/robot/__init__.py\n'}
[11.060929] (grasp_kitchen_ros2) StdoutLine: {'line': b'-- Symlinking: /home/kim/projects/dexchef_ws/install/grasp_kitchen_ros2/local/lib/python3.10/dist-packages/grasp_kitchen_ros2/robot/driver_core.py\n'}
[11.066023] (grasp_kitchen_ros2) StdoutLine: {'line': b'-- Symlinking: /home/kim/projects/dexchef_ws/install/grasp_kitchen_ros2/local/lib/python3.10/dist-packages/grasp_kitchen_ros2/robot_driver_node.py\n'}
[11.071727] (grasp_kitchen_ros2) StdoutLine: {'line': b'-- Symlinking: /home/kim/projects/dexchef_ws/install/grasp_kitchen_ros2/local/lib/python3.10/dist-packages/grasp_kitchen_ros2/task_planner_node.py\n'}
[11.076647] (grasp_kitchen_ros2) StdoutLine: {'line': b'-- Symlinking: /home/kim/projects/dexchef_ws/install/grasp_kitchen_ros2/local/lib/python3.10/dist-packages/grasp_kitchen_ros2/test_motion_pick_and_place.py\n'}
[11.082104] (grasp_kitchen_ros2) StdoutLine: {'line': b'-- Symlinking: /home/kim/projects/dexchef_ws/install/grasp_kitchen_ros2/local/lib/python3.10/dist-packages/grasp_kitchen_ros2/test_planner_orange_heart.py\n'}
[11.084135] (-) TimerEvent: {}
[11.087749] (grasp_kitchen_ros2) StdoutLine: {'line': b'-- Symlinking: /home/kim/projects/dexchef_ws/install/grasp_kitchen_ros2/local/lib/python3.10/dist-packages/grasp_kitchen_ros2/vision/__init__.py\n'}
[11.093371] (grasp_kitchen_ros2) StdoutLine: {'line': b'-- Symlinking: /home/kim/projects/dexchef_ws/install/grasp_kitchen_ros2/local/lib/python3.10/dist-packages/grasp_kitchen_ros2/vision/entities/__init__.py\n'}
[11.098321] (grasp_kitchen_ros2) StdoutLine: {'line': b'-- Symlinking: /home/kim/projects/dexchef_ws/install/grasp_kitchen_ros2/local/lib/python3.10/dist-packages/grasp_kitchen_ros2/vision/entities/camera_model.py\n'}
[11.103783] (grasp_kitchen_ros2) StdoutLine: {'line': b'-- Symlinking: /home/kim/projects/dexchef_ws/install/grasp_kitchen_ros2/local/lib/python3.10/dist-packages/grasp_kitchen_ros2/vision/entities/detections.py\n'}
[11.109077] (grasp_kitchen_ros2) StdoutLine: {'line': b'-- Symlinking: /home/kim/projects/dexchef_ws/install/grasp_kitchen_ros2/local/lib/python3.10/dist-packages/grasp_kitchen_ros2/vision/pipeline/__init__.py\n'}
[11.113921] (grasp_kitchen_ros2) StdoutLine: {'line': b'-- Symlinking: /home/kim/projects/dexchef_ws/install/grasp_kitchen_ros2/local/lib/python3.10/dist-packages/grasp_kitchen_ros2/vision/pipeline/perception_pipeline.py\n'}
[11.119082] (grasp_kitchen_ros2) StdoutLine: {'line': b'-- Symlinking: /home/kim/projects/dexchef_ws/install/grasp_kitchen_ros2/local/lib/python3.10/dist-packages/grasp_kitchen_ros2/vision/pipeline/pose_estimator.py\n'}
[11.124544] (grasp_kitchen_ros2) StdoutLine: {'line': b'-- Symlinking: /home/kim/projects/dexchef_ws/install/grasp_kitchen_ros2/local/lib/python3.10/dist-packages/grasp_kitchen_ros2/vision/pipeline/sam3_backend.py\n'}
[11.129530] (grasp_kitchen_ros2) StdoutLine: {'line': b'-- Symlinking: /home/kim/projects/dexchef_ws/install/grasp_kitchen_ros2/local/lib/python3.10/dist-packages/grasp_kitchen_ros2/vision/pipeline/segmentation_backend.py\n'}
[11.134806] (grasp_kitchen_ros2) StdoutLine: {'line': b'-- Symlinking: /home/kim/projects/dexchef_ws/install/grasp_kitchen_ros2/local/lib/python3.10/dist-packages/grasp_kitchen_ros2/vision/pipeline/yolo_backend.py\n'}
[11.140485] (grasp_kitchen_ros2) StdoutLine: {'line': b'-- Symlinking: /home/kim/projects/dexchef_ws/install/grasp_kitchen_ros2/lib/grasp_kitchen_ros2/camera_driver_node.py\n'}
[11.145306] (grasp_kitchen_ros2) StdoutLine: {'line': b'-- Symlinking: /home/kim/projects/dexchef_ws/install/grasp_kitchen_ros2/lib/grasp_kitchen_ros2/motion_executor_node.py\n'}
[11.151018] (grasp_kitchen_ros2) StdoutLine: {'line': b'-- Symlinking: /home/kim/projects/dexchef_ws/install/grasp_kitchen_ros2/lib/grasp_kitchen_ros2/perception_node.py\n'}
[11.156137] (grasp_kitchen_ros2) StdoutLine: {'line': b'-- Symlinking: /home/kim/projects/dexchef_ws/install/grasp_kitchen_ros2/lib/grasp_kitchen_ros2/robot_driver_node.py\n'}
[11.161095] (grasp_kitchen_ros2) StdoutLine: {'line': b'-- Symlinking: /home/kim/projects/dexchef_ws/install/grasp_kitchen_ros2/lib/grasp_kitchen_ros2/task_planner_node.py\n'}
[11.166620] (grasp_kitchen_ros2) StdoutLine: {'line': b'-- Symlinking: /home/kim/projects/dexchef_ws/install/grasp_kitchen_ros2/share/grasp_kitchen_ros2/launch/grasp_kitchen_bringup.launch.py\n'}
[11.171493] (grasp_kitchen_ros2) StdoutLine: {'line': b'-- Symlinking: /home/kim/projects/dexchef_ws/install/grasp_kitchen_ros2/share/grasp_kitchen_ros2/launch/perception_bringup.launch.py\n'}
[11.177245] (grasp_kitchen_ros2) StdoutLine: {'line': b'-- Symlinking: /home/kim/projects/dexchef_ws/install/grasp_kitchen_ros2/share/ament_index/resource_index/package_run_dependencies/grasp_kitchen_ros2\n'}
[11.182274] (grasp_kitchen_ros2) StdoutLine: {'line': b'-- Symlinking: /home/kim/projects/dexchef_ws/install/grasp_kitchen_ros2/share/ament_index/resource_index/parent_prefix_path/grasp_kitchen_ros2\n'}
[11.184451] (-) TimerEvent: {}
[11.187461] (grasp_kitchen_ros2) StdoutLine: {'line': b'-- Symlinking: /home/kim/projects/dexchef_ws/install/grasp_kitchen_ros2/share/grasp_kitchen_ros2/environment/ament_prefix_path.sh\n'}
[11.193598] (grasp_kitchen_ros2) StdoutLine: {'line': b'-- Symlinking: /home/kim/projects/dexchef_ws/install/grasp_kitchen_ros2/share/grasp_kitchen_ros2/environment/ament_prefix_path.dsv\n'}
[11.198479] (grasp_kitchen_ros2) StdoutLine: {'line': b'-- Symlinking: /home/kim/projects/dexchef_ws/install/grasp_kitchen_ros2/share/grasp_kitchen_ros2/environment/path.sh\n'}
[11.204090] (grasp_kitchen_ros2) StdoutLine: {'line': b'-- Symlinking: /home/kim/projects/dexchef_ws/install/grasp_kitchen_ros2/share/grasp_kitchen_ros2/environment/path.dsv\n'}
[11.209138] (grasp_kitchen_ros2) StdoutLine: {'line': b'-- Symlinking: /home/kim/projects/dexchef_ws/install/grasp_kitchen_ros2/share/grasp_kitchen_ros2/local_setup.bash\n'}
[11.215018] (grasp_kitchen_ros2) StdoutLine: {'line': b'-- Symlinking: /home/kim/projects/dexchef_ws/install/grasp_kitchen_ros2/share/grasp_kitchen_ros2/local_setup.sh\n'}
[11.220131] (grasp_kitchen_ros2) StdoutLine: {'line': b'-- Symlinking: /home/kim/projects/dexchef_ws/install/grasp_kitchen_ros2/share/grasp_kitchen_ros2/local_setup.zsh\n'}
[11.225365] (grasp_kitchen_ros2) StdoutLine: {'line': b'-- Symlinking: /home/kim/projects/dexchef_ws/install/grasp_kitchen_ros2/share/grasp_kitchen_ros2/local_setup.dsv\n'}
[11.230591] (grasp_kitchen_ros2) StdoutLine: {'line': b'-- Symlinking: /home/kim/projects/dexchef_ws/install/grasp_kitchen_ros2/share/grasp_kitchen_ros2/package.dsv\n'}
[11.235954] (grasp_kitchen_ros2) StdoutLine: {'line': b'-- Symlinking: /home/kim/projects/dexchef_ws/install/grasp_kitchen_ros2/share/ament_index/resource_index/packages/grasp_kitchen_ros2\n'}
[11.240709] (grasp_kitchen_ros2) StdoutLine: {'line': b'-- Symlinking: /home/kim/projects/dexchef_ws/install/grasp_kitchen_ros2/share/grasp_kitchen_ros2/cmake/ament_cmake_export_dependencies-extras.cmake\n'}
[11.246439] (grasp_kitchen_ros2) StdoutLine: {'line': b'-- Symlinking: /home/kim/projects/dexchef_ws/install/grasp_kitchen_ros2/share/grasp_kitchen_ros2/cmake/grasp_kitchen_ros2Config.cmake\n'}
[11.251525] (grasp_kitchen_ros2) StdoutLine: {'line': b'-- Symlinking: /home/kim/projects/dexchef_ws/install/grasp_kitchen_ros2/share/grasp_kitchen_ros2/cmake/grasp_kitchen_ros2Config-version.cmake\n'}
[11.256914] (grasp_kitchen_ros2) StdoutLine: {'line': b'-- Symlinking: /home/kim/projects/dexchef_ws/install/grasp_kitchen_ros2/share/grasp_kitchen_ros2/package.xml\n'}
[11.286584] (-) TimerEvent: {}
[11.304488] (grasp_kitchen_ros2) StdoutLine: {'line': b"Listing '/home/kim/projects/dexchef_ws/install/grasp_kitchen_ros2/local/lib/python3.10/dist-packages/grasp_kitchen_ros2'...\n"}
[11.304592] (grasp_kitchen_ros2) StdoutLine: {'line': b"Compiling '/home/kim/projects/dexchef_ws/install/grasp_kitchen_ros2/local/lib/python3.10/dist-packages/grasp_kitchen_ros2/__init__.py'...\n"}
[11.304635] (grasp_kitchen_ros2) StdoutLine: {'line': b"Compiling '/home/kim/projects/dexchef_ws/install/grasp_kitchen_ros2/local/lib/python3.10/dist-packages/grasp_kitchen_ros2/camera_driver_node.py'...\n"}
[11.304665] (grasp_kitchen_ros2) StdoutLine: {'line': b"Listing '/home/kim/projects/dexchef_ws/install/grasp_kitchen_ros2/local/lib/python3.10/dist-packages/grasp_kitchen_ros2/lbot_catch'...\n"}
[11.304692] (grasp_kitchen_ros2) StdoutLine: {'line': b"Listing '/home/kim/projects/dexchef_ws/install/grasp_kitchen_ros2/local/lib/python3.10/dist-packages/grasp_kitchen_ros2/lbot_catch/arm_api'...\n"}
[11.304720] (grasp_kitchen_ros2) StdoutLine: {'line': b"Listing '/home/kim/projects/dexchef_ws/install/grasp_kitchen_ros2/local/lib/python3.10/dist-packages/grasp_kitchen_ros2/lbot_catch/arm_api/C'...\n"}
[11.304748] (grasp_kitchen_ros2) StdoutLine: {'line': b"Listing '/home/kim/projects/dexchef_ws/install/grasp_kitchen_ros2/local/lib/python3.10/dist-packages/grasp_kitchen_ros2/lbot_catch/arm_api/C/include'...\n"}
[11.304775] (grasp_kitchen_ros2) StdoutLine: {'line': b"Listing '/home/kim/projects/dexchef_ws/install/grasp_kitchen_ros2/local/lib/python3.10/dist-packages/grasp_kitchen_ros2/lbot_catch/arm_api/C/libs'...\n"}
[11.304803] (grasp_kitchen_ros2) StdoutLine: {'line': b"Listing '/home/kim/projects/dexchef_ws/install/grasp_kitchen_ros2/local/lib/python3.10/dist-packages/grasp_kitchen_ros2/lbot_catch/arm_api/C/libs/linux'...\n"}
[11.304828] (grasp_kitchen_ros2) StdoutLine: {'line': b"Listing '/home/kim/projects/dexchef_ws/install/grasp_kitchen_ros2/local/lib/python3.10/dist-packages/grasp_kitchen_ros2/lbot_catch/arm_api/C/libs/linux/linux_arm64'...\n"}
[11.304853] (grasp_kitchen_ros2) StdoutLine: {'line': b"Listing '/home/kim/projects/dexchef_ws/install/grasp_kitchen_ros2/local/lib/python3.10/dist-packages/grasp_kitchen_ros2/lbot_catch/arm_api/C/libs/linux/linux_x64'...\n"}
[11.304878] (grasp_kitchen_ros2) StdoutLine: {'line': b"Listing '/home/kim/projects/dexchef_ws/install/grasp_kitchen_ros2/local/lib/python3.10/dist-packages/grasp_kitchen_ros2/lbot_catch/arm_api/C++'...\n"}
[11.304907] (grasp_kitchen_ros2) StdoutLine: {'line': b"Listing '/home/kim/projects/dexchef_ws/install/grasp_kitchen_ros2/local/lib/python3.10/dist-packages/grasp_kitchen_ros2/lbot_catch/arm_api/C++/include'...\n"}
[11.304942] (grasp_kitchen_ros2) StdoutLine: {'line': b"Listing '/home/kim/projects/dexchef_ws/install/grasp_kitchen_ros2/local/lib/python3.10/dist-packages/grasp_kitchen_ros2/lbot_catch/arm_api/C++/libs'...\n"}
[11.304966] (grasp_kitchen_ros2) StdoutLine: {'line': b"Listing '/home/kim/projects/dexchef_ws/install/grasp_kitchen_ros2/local/lib/python3.10/dist-packages/grasp_kitchen_ros2/lbot_catch/arm_api/C++/libs/linux'...\n"}
[11.304990] (grasp_kitchen_ros2) StdoutLine: {'line': b"Listing '/home/kim/projects/dexchef_ws/install/grasp_kitchen_ros2/local/lib/python3.10/dist-packages/grasp_kitchen_ros2/lbot_catch/arm_api/C++/libs/linux/linux_arm64'...\n"}
[11.305013] (grasp_kitchen_ros2) StdoutLine: {'line': b"Listing '/home/kim/projects/dexchef_ws/install/grasp_kitchen_ros2/local/lib/python3.10/dist-packages/grasp_kitchen_ros2/lbot_catch/arm_api/C++/libs/linux/linux_x64'...\n"}
[11.305036] (grasp_kitchen_ros2) StdoutLine: {'line': b"Listing '/home/kim/projects/dexchef_ws/install/grasp_kitchen_ros2/local/lib/python3.10/dist-packages/grasp_kitchen_ros2/lbot_catch/arm_api/Demo'...\n"}
[11.305059] (grasp_kitchen_ros2) StdoutLine: {'line': b"Listing '/home/kim/projects/dexchef_ws/install/grasp_kitchen_ros2/local/lib/python3.10/dist-packages/grasp_kitchen_ros2/lbot_catch/arm_api/Demo/demo_c'...\n"}
[11.305081] (grasp_kitchen_ros2) StdoutLine: {'line': b"Listing '/home/kim/projects/dexchef_ws/install/grasp_kitchen_ros2/local/lib/python3.10/dist-packages/grasp_kitchen_ros2/lbot_catch/arm_api/Demo/demo_c/lbot_fk_ik'...\n"}
[11.305105] (grasp_kitchen_ros2) StdoutLine: {'line': b"Listing '/home/kim/projects/dexchef_ws/install/grasp_kitchen_ros2/local/lib/python3.10/dist-packages/grasp_kitchen_ros2/lbot_catch/arm_api/Demo/demo_c/lbot_fk_ik/build'...\n"}
[11.305129] (grasp_kitchen_ros2) StdoutLine: {'line': b"Listing '/home/kim/projects/dexchef_ws/install/grasp_kitchen_ros2/local/lib/python3.10/dist-packages/grasp_kitchen_ros2/lbot_catch/arm_api/Demo/demo_c/lbot_fk_ik/build/CMakeFiles'...\n"}
[11.305151] (grasp_kitchen_ros2) StdoutLine: {'line': b"Listing '/home/kim/projects/dexchef_ws/install/grasp_kitchen_ros2/local/lib/python3.10/dist-packages/grasp_kitchen_ros2/lbot_catch/arm_api/Demo/demo_c/lbot_fk_ik/build/CMakeFiles/3.28.3'...\n"}
[11.305175] (grasp_kitchen_ros2) StdoutLine: {'line': b"Listing '/home/kim/projects/dexchef_ws/install/grasp_kitchen_ros2/local/lib/python3.10/dist-packages/grasp_kitchen_ros2/lbot_catch/arm_api/Demo/demo_c/lbot_fk_ik/build/CMakeFiles/3.28.3/CompilerIdC'...\n"}
[11.305200] (grasp_kitchen_ros2) StdoutLine: {'line': b"Listing '/home/kim/projects/dexchef_ws/install/grasp_kitchen_ros2/local/lib/python3.10/dist-packages/grasp_kitchen_ros2/lbot_catch/arm_api/Demo/demo_c/lbot_fk_ik/build/CMakeFiles/3.28.3/CompilerIdCXX'...\n"}
[11.305255] (grasp_kitchen_ros2) StdoutLine: {'line': b"Listing '/home/kim/projects/dexchef_ws/install/grasp_kitchen_ros2/local/lib/python3.10/dist-packages/grasp_kitchen_ros2/lbot_catch/arm_api/Demo/demo_c/lbot_fk_ik/build/CMakeFiles/lbot_fk_ik.dir'...\n"}
[11.305292] (grasp_kitchen_ros2) StdoutLine: {'line': b"Listing '/home/kim/projects/dexchef_ws/install/grasp_kitchen_ros2/local/lib/python3.10/dist-packages/grasp_kitchen_ros2/lbot_catch/arm_api/Demo/demo_c/lbot_fk_ik/build/CMakeFiles/lbot_fk_ik.dir/src'...\n"}
[11.305321] (grasp_kitchen_ros2) StdoutLine: {'line': b"Listing '/home/kim/projects/dexchef_ws/install/grasp_kitchen_ros2/local/lib/python3.10/dist-packages/grasp_kitchen_ros2/lbot_catch/arm_api/Demo/demo_c/lbot_fk_ik/src'...\n"}
[11.305346] (grasp_kitchen_ros2) StdoutLine: {'line': b"Listing '/home/kim/projects/dexchef_ws/install/grasp_kitchen_ros2/local/lib/python3.10/dist-packages/grasp_kitchen_ros2/lbot_catch/arm_api/Demo/demo_c/lbot_frame'...\n"}
[11.305373] (grasp_kitchen_ros2) StdoutLine: {'line': b"Listing '/home/kim/projects/dexchef_ws/install/grasp_kitchen_ros2/local/lib/python3.10/dist-packages/grasp_kitchen_ros2/lbot_catch/arm_api/Demo/demo_c/lbot_frame/build'...\n"}
[11.305398] (grasp_kitchen_ros2) StdoutLine: {'line': b"Listing '/home/kim/projects/dexchef_ws/install/grasp_kitchen_ros2/local/lib/python3.10/dist-packages/grasp_kitchen_ros2/lbot_catch/arm_api/Demo/demo_c/lbot_frame/build/CMakeFiles'...\n"}
[11.305422] (grasp_kitchen_ros2) StdoutLine: {'line': b"Listing '/home/kim/projects/dexchef_ws/install/grasp_kitchen_ros2/local/lib/python3.10/dist-packages/grasp_kitchen_ros2/lbot_catch/arm_api/Demo/demo_c/lbot_frame/build/CMakeFiles/3.28.3'...\n"}
[11.305450] (grasp_kitchen_ros2) StdoutLine: {'line': b"Listing '/home/kim/projects/dexchef_ws/install/grasp_kitchen_ros2/local/lib/python3.10/dist-packages/grasp_kitchen_ros2/lbot_catch/arm_api/Demo/demo_c/lbot_frame/build/CMakeFiles/3.28.3/CompilerIdC'...\n"}
[11.305474] (grasp_kitchen_ros2) StdoutLine: {'line': b"Listing '/home/kim/projects/dexchef_ws/install/grasp_kitchen_ros2/local/lib/python3.10/dist-packages/grasp_kitchen_ros2/lbot_catch/arm_api/Demo/demo_c/lbot_frame/build/CMakeFiles/3.28.3/CompilerIdCXX'...\n"}
[11.305498] (grasp_kitchen_ros2) StdoutLine: {'line': b"Listing '/home/kim/projects/dexchef_ws/install/grasp_kitchen_ros2/local/lib/python3.10/dist-packages/grasp_kitchen_ros2/lbot_catch/arm_api/Demo/demo_c/lbot_frame/build/CMakeFiles/lbot_frame.dir'...\n"}
[11.305522] (grasp_kitchen_ros2) StdoutLine: {'line': b"Listing '/home/kim/projects/dexchef_ws/install/grasp_kitchen_ros2/local/lib/python3.10/dist-packages/grasp_kitchen_ros2/lbot_catch/arm_api/Demo/demo_c/lbot_frame/build/CMakeFiles/lbot_frame.dir/src'...\n"}
[11.305545] (grasp_kitchen_ros2) StdoutLine: {'line': b"Listing '/home/kim/projects/dexchef_ws/install/grasp_kitchen_ros2/local/lib/python3.10/dist-packages/grasp_kitchen_ros2/lbot_catch/arm_api/Demo/demo_c/lbot_frame/src'...\n"}
[11.305569] (grasp_kitchen_ros2) StdoutLine: {'line': b"Listing '/home/kim/projects/dexchef_ws/install/grasp_kitchen_ros2/local/lib/python3.10/dist-packages/grasp_kitchen_ros2/lbot_catch/arm_api/Demo/demo_c/lbot_hand'...\n"}
[11.305592] (grasp_kitchen_ros2) StdoutLine: {'line': b"Listing '/home/kim/projects/dexchef_ws/install/grasp_kitchen_ros2/local/lib/python3.10/dist-packages/grasp_kitchen_ros2/lbot_catch/arm_api/Demo/demo_c/lbot_hand/build'...\n"}
[11.305615] (grasp_kitchen_ros2) StdoutLine: {'line': b"Listing '/home/kim/projects/dexchef_ws/install/grasp_kitchen_ros2/local/lib/python3.10/dist-packages/grasp_kitchen_ros2/lbot_catch/arm_api/Demo/demo_c/lbot_hand/build/CMakeFiles'...\n"}
[11.305638] (grasp_kitchen_ros2) StdoutLine: {'line': b"Listing '/home/kim/projects/dexchef_ws/install/grasp_kitchen_ros2/local/lib/python3.10/dist-packages/grasp_kitchen_ros2/lbot_catch/arm_api/Demo/demo_c/lbot_hand/build/CMakeFiles/3.28.3'...\n"}
[11.305678] (grasp_kitchen_ros2) StdoutLine: {'line': b"Listing '/home/kim/projects/dexchef_ws/install/grasp_kitchen_ros2/local/lib/python3.10/dist-packages/grasp_kitchen_ros2/lbot_catch/arm_api/Demo/demo_c/lbot_hand/build/CMakeFiles/3.28.3/CompilerIdC'...\n"}
[11.305709] (grasp_kitchen_ros2) StdoutLine: {'line': b"Listing '/home/kim/projects/dexchef_ws/install/grasp_kitchen_ros2/local/lib/python3.10/dist-packages/grasp_kitchen_ros2/lbot_catch/arm_api/Demo/demo_c/lbot_hand/build/CMakeFiles/3.28.3/CompilerIdCXX'...\n"}
[11.305740] (grasp_kitchen_ros2) StdoutLine: {'line': b"Listing '/home/kim/projects/dexchef_ws/install/grasp_kitchen_ros2/local/lib/python3.10/dist-packages/grasp_kitchen_ros2/lbot_catch/arm_api/Demo/demo_c/lbot_hand/build/CMakeFiles/lbot_hand.dir'...\n"}
[11.305779] (grasp_kitchen_ros2) StdoutLine: {'line': b"Listing '/home/kim/projects/dexchef_ws/install/grasp_kitchen_ros2/local/lib/python3.10/dist-packages/grasp_kitchen_ros2/lbot_catch/arm_api/Demo/demo_c/lbot_hand/build/CMakeFiles/lbot_hand.dir/src'...\n"}
[11.305808] (grasp_kitchen_ros2) StdoutLine: {'line': b"Listing '/home/kim/projects/dexchef_ws/install/grasp_kitchen_ros2/local/lib/python3.10/dist-packages/grasp_kitchen_ros2/lbot_catch/arm_api/Demo/demo_c/lbot_hand/src'...\n"}
[11.305855] (grasp_kitchen_ros2) StdoutLine: {'line': b"Listing '/home/kim/projects/dexchef_ws/install/grasp_kitchen_ros2/local/lib/python3.10/dist-packages/grasp_kitchen_ros2/lbot_catch/arm_api/Demo/demo_c/lbot_move'...\n"}
[11.306437] (grasp_kitchen_ros2) StdoutLine: {'line': b"Listing '/home/kim/projects/dexchef_ws/install/grasp_kitchen_ros2/local/lib/python3.10/dist-packages/grasp_kitchen_ros2/lbot_catch/arm_api/Demo/demo_c/lbot_move/build'...\n"}
[11.306500] (grasp_kitchen_ros2) StdoutLine: {'line': b"Listing '/home/kim/projects/dexchef_ws/install/grasp_kitchen_ros2/local/lib/python3.10/dist-packages/grasp_kitchen_ros2/lbot_catch/arm_api/Demo/demo_c/lbot_move/build/CMakeFiles'...\n"}
[11.306537] (grasp_kitchen_ros2) StdoutLine: {'line': b"Listing '/home/kim/projects/dexchef_ws/install/grasp_kitchen_ros2/local/lib/python3.10/dist-packages/grasp_kitchen_ros2/lbot_catch/arm_api/Demo/demo_c/lbot_move/build/CMakeFiles/3.28.3'...\n"}
[11.306564] (grasp_kitchen_ros2) StdoutLine: {'line': b"Listing '/home/kim/projects/dexchef_ws/install/grasp_kitchen_ros2/local/lib/python3.10/dist-packages/grasp_kitchen_ros2/lbot_catch/arm_api/Demo/demo_c/lbot_move/build/CMakeFiles/3.28.3/CompilerIdC'...\n"}
[11.306589] (grasp_kitchen_ros2) StdoutLine: {'line': b"Listing '/home/kim/projects/dexchef_ws/install/grasp_kitchen_ros2/local/lib/python3.10/dist-packages/grasp_kitchen_ros2/lbot_catch/arm_api/Demo/demo_c/lbot_move/build/CMakeFiles/3.28.3/CompilerIdCXX'...\n"}
[11.306613] (grasp_kitchen_ros2) StdoutLine: {'line': b"Listing '/home/kim/projects/dexchef_ws/install/grasp_kitchen_ros2/local/lib/python3.10/dist-packages/grasp_kitchen_ros2/lbot_catch/arm_api/Demo/demo_c/lbot_move/build/CMakeFiles/lbot_move.dir'...\n"}
[11.306636] (grasp_kitchen_ros2) StdoutLine: {'line': b"Listing '/home/kim/projects/dexchef_ws/install/grasp_kitchen_ros2/local/lib/python3.10/dist-packages/grasp_kitchen_ros2/lbot_catch/arm_api/Demo/demo_c/lbot_move/build/CMakeFiles/lbot_move.dir/src'...\n"}
[11.306660] (grasp_kitchen_ros2) StdoutLine: {'line': b"Listing '/home/kim/projects/dexchef_ws/install/grasp_kitchen_ros2/local/lib/python3.10/dist-packages/grasp_kitchen_ros2/lbot_catch/arm_api/Demo/demo_c/lbot_move/src'...\n"}
[11.306683] (grasp_kitchen_ros2) StdoutLine: {'line': b"Listing '/home/kim/projects/dexchef_ws/install/grasp_kitchen_ros2/local/lib/python3.10/dist-packages/grasp_kitchen_ros2/lbot_catch/arm_api/Demo/demo_c/lbot_setting'...\n"}
[11.306706] (grasp_kitchen_ros2) StdoutLine: {'line': b"Listing '/home/kim/projects/dexchef_ws/install/grasp_kitchen_ros2/local/lib/python3.10/dist-packages/grasp_kitchen_ros2/lbot_catch/arm_api/Demo/demo_c/lbot_setting/build'...\n"}
[11.306729] (grasp_kitchen_ros2) StdoutLine: {'line': b"Listing '/home/kim/projects/dexchef_ws/install/grasp_kitchen_ros2/local/lib/python3.10/dist-packages/grasp_kitchen_ros2/lbot_catch/arm_api/Demo/demo_c/lbot_setting/build/CMakeFiles'...\n"}
[11.306751] (grasp_kitchen_ros2) StdoutLine: {'line': b"Listing '/home/kim/projects/dexchef_ws/install/grasp_kitchen_ros2/local/lib/python3.10/dist-packages/grasp_kitchen_ros2/lbot_catch/arm_api/Demo/demo_c/lbot_setting/build/CMakeFiles/3.28.3'...\n"}
[11.306775] (grasp_kitchen_ros2) StdoutLine: {'line': b"Listing '/home/kim/projects/dexchef_ws/install/grasp_kitchen_ros2/local/lib/python3.10/dist-packages/grasp_kitchen_ros2/lbot_catch/arm_api/Demo/demo_c/lbot_setting/build/CMakeFiles/3.28.3/CompilerIdC'...\n"}
[11.306798] (grasp_kitchen_ros2) StdoutLine: {'line': b"Listing '/home/kim/projects/dexchef_ws/install/grasp_kitchen_ros2/local/lib/python3.10/dist-packages/grasp_kitchen_ros2/lbot_catch/arm_api/Demo/demo_c/lbot_setting/build/CMakeFiles/3.28.3/CompilerIdCXX'...\n"}
[11.306820] (grasp_kitchen_ros2) StdoutLine: {'line': b"Listing '/home/kim/projects/dexchef_ws/install/grasp_kitchen_ros2/local/lib/python3.10/dist-packages/grasp_kitchen_ros2/lbot_catch/arm_api/Demo/demo_c/lbot_setting/build/CMakeFiles/lbot_setting.dir'...\n"}
[11.306842] (grasp_kitchen_ros2) StdoutLine: {'line': b"Listing '/home/kim/projects/dexchef_ws/install/grasp_kitchen_ros2/local/lib/python3.10/dist-packages/grasp_kitchen_ros2/lbot_catch/arm_api/Demo/demo_c/lbot_setting/build/CMakeFiles/lbot_setting.dir/src'...\n"}
[11.306865] (grasp_kitchen_ros2) StdoutLine: {'line': b"Listing '/home/kim/projects/dexchef_ws/install/grasp_kitchen_ros2/local/lib/python3.10/dist-packages/grasp_kitchen_ros2/lbot_catch/arm_api/Demo/demo_c/lbot_setting/src'...\n"}
[11.306888] (grasp_kitchen_ros2) StdoutLine: {'line': b"Listing '/home/kim/projects/dexchef_ws/install/grasp_kitchen_ros2/local/lib/python3.10/dist-packages/grasp_kitchen_ros2/lbot_catch/arm_api/Demo/demo_c++'...\n"}
[11.306910] (grasp_kitchen_ros2) StdoutLine: {'line': b"Listing '/home/kim/projects/dexchef_ws/install/grasp_kitchen_ros2/local/lib/python3.10/dist-packages/grasp_kitchen_ros2/lbot_catch/arm_api/Demo/demo_c++/lbot_fk_ik'...\n"}
[11.306933] (grasp_kitchen_ros2) StdoutLine: {'line': b"Listing '/home/kim/projects/dexchef_ws/install/grasp_kitchen_ros2/local/lib/python3.10/dist-packages/grasp_kitchen_ros2/lbot_catch/arm_api/Demo/demo_c++/lbot_fk_ik/build'...\n"}
[11.306955] (grasp_kitchen_ros2) StdoutLine: {'line': b"Listing '/home/kim/projects/dexchef_ws/install/grasp_kitchen_ros2/local/lib/python3.10/dist-packages/grasp_kitchen_ros2/lbot_catch/arm_api/Demo/demo_c++/lbot_fk_ik/build/CMakeFiles'...\n"}
[11.306976] (grasp_kitchen_ros2) StdoutLine: {'line': b"Listing '/home/kim/projects/dexchef_ws/install/grasp_kitchen_ros2/local/lib/python3.10/dist-packages/grasp_kitchen_ros2/lbot_catch/arm_api/Demo/demo_c++/lbot_fk_ik/build/CMakeFiles/3.28.3'...\n"}
[11.306998] (grasp_kitchen_ros2) StdoutLine: {'line': b"Listing '/home/kim/projects/dexchef_ws/install/grasp_kitchen_ros2/local/lib/python3.10/dist-packages/grasp_kitchen_ros2/lbot_catch/arm_api/Demo/demo_c++/lbot_fk_ik/build/CMakeFiles/3.28.3/CompilerIdCXX'...\n"}
[11.307020] (grasp_kitchen_ros2) StdoutLine: {'line': b"Listing '/home/kim/projects/dexchef_ws/install/grasp_kitchen_ros2/local/lib/python3.10/dist-packages/grasp_kitchen_ros2/lbot_catch/arm_api/Demo/demo_c++/lbot_fk_ik/build/CMakeFiles/lbot_fk_ik.dir'...\n"}
[11.307047] (grasp_kitchen_ros2) StdoutLine: {'line': b"Listing '/home/kim/projects/dexchef_ws/install/grasp_kitchen_ros2/local/lib/python3.10/dist-packages/grasp_kitchen_ros2/lbot_catch/arm_api/Demo/demo_c++/lbot_fk_ik/build/CMakeFiles/lbot_fk_ik.dir/src'...\n"}
[11.307069] (grasp_kitchen_ros2) StdoutLine: {'line': b"Listing '/home/kim/projects/dexchef_ws/install/grasp_kitchen_ros2/local/lib/python3.10/dist-packages/grasp_kitchen_ros2/lbot_catch/arm_api/Demo/demo_c++/lbot_fk_ik/src'...\n"}
[11.307090] (grasp_kitchen_ros2) StdoutLine: {'line': b"Listing '/home/kim/projects/dexchef_ws/install/grasp_kitchen_ros2/local/lib/python3.10/dist-packages/grasp_kitchen_ros2/lbot_catch/arm_api/Demo/demo_c++/lbot_frame'...\n"}
[11.307112] (grasp_kitchen_ros2) StdoutLine: {'line': b"Listing '/home/kim/projects/dexchef_ws/install/grasp_kitchen_ros2/local/lib/python3.10/dist-packages/grasp_kitchen_ros2/lbot_catch/arm_api/Demo/demo_c++/lbot_frame/build'...\n"}
[11.307133] (grasp_kitchen_ros2) StdoutLine: {'line': b"Listing '/home/kim/projects/dexchef_ws/install/grasp_kitchen_ros2/local/lib/python3.10/dist-packages/grasp_kitchen_ros2/lbot_catch/arm_api/Demo/demo_c++/lbot_frame/build/CMakeFiles'...\n"}
[11.307156] (grasp_kitchen_ros2) StdoutLine: {'line': b"Listing '/home/kim/projects/dexchef_ws/install/grasp_kitchen_ros2/local/lib/python3.10/dist-packages/grasp_kitchen_ros2/lbot_catch/arm_api/Demo/demo_c++/lbot_frame/build/CMakeFiles/3.28.3'...\n"}
[11.307178] (grasp_kitchen_ros2) StdoutLine: {'line': b"Listing '/home/kim/projects/dexchef_ws/install/grasp_kitchen_ros2/local/lib/python3.10/dist-packages/grasp_kitchen_ros2/lbot_catch/arm_api/Demo/demo_c++/lbot_frame/build/CMakeFiles/3.28.3/CompilerIdCXX'...\n"}
[11.307200] (grasp_kitchen_ros2) StdoutLine: {'line': b"Listing '/home/kim/projects/dexchef_ws/install/grasp_kitchen_ros2/local/lib/python3.10/dist-packages/grasp_kitchen_ros2/lbot_catch/arm_api/Demo/demo_c++/lbot_frame/build/CMakeFiles/lbot_frame.dir'...\n"}
[11.307222] (grasp_kitchen_ros2) StdoutLine: {'line': b"Listing '/home/kim/projects/dexchef_ws/install/grasp_kitchen_ros2/local/lib/python3.10/dist-packages/grasp_kitchen_ros2/lbot_catch/arm_api/Demo/demo_c++/lbot_frame/build/CMakeFiles/lbot_frame.dir/src'...\n"}
[11.307244] (grasp_kitchen_ros2) StdoutLine: {'line': b"Listing '/home/kim/projects/dexchef_ws/install/grasp_kitchen_ros2/local/lib/python3.10/dist-packages/grasp_kitchen_ros2/lbot_catch/arm_api/Demo/demo_c++/lbot_frame/src'...\n"}
[11.307265] (grasp_kitchen_ros2) StdoutLine: {'line': b"Listing '/home/kim/projects/dexchef_ws/install/grasp_kitchen_ros2/local/lib/python3.10/dist-packages/grasp_kitchen_ros2/lbot_catch/arm_api/Demo/demo_c++/lbot_hand'...\n"}
[11.307286] (grasp_kitchen_ros2) StdoutLine: {'line': b"Listing '/home/kim/projects/dexchef_ws/install/grasp_kitchen_ros2/local/lib/python3.10/dist-packages/grasp_kitchen_ros2/lbot_catch/arm_api/Demo/demo_c++/lbot_hand/build'...\n"}
[11.307308] (grasp_kitchen_ros2) StdoutLine: {'line': b"Listing '/home/kim/projects/dexchef_ws/install/grasp_kitchen_ros2/local/lib/python3.10/dist-packages/grasp_kitchen_ros2/lbot_catch/arm_api/Demo/demo_c++/lbot_hand/build/CMakeFiles'...\n"}
[11.307329] (grasp_kitchen_ros2) StdoutLine: {'line': b"Listing '/home/kim/projects/dexchef_ws/install/grasp_kitchen_ros2/local/lib/python3.10/dist-packages/grasp_kitchen_ros2/lbot_catch/arm_api/Demo/demo_c++/lbot_hand/build/CMakeFiles/3.28.3'...\n"}
[11.307351] (grasp_kitchen_ros2) StdoutLine: {'line': b"Listing '/home/kim/projects/dexchef_ws/install/grasp_kitchen_ros2/local/lib/python3.10/dist-packages/grasp_kitchen_ros2/lbot_catch/arm_api/Demo/demo_c++/lbot_hand/build/CMakeFiles/3.28.3/CompilerIdCXX'...\n"}
[11.307373] (grasp_kitchen_ros2) StdoutLine: {'line': b"Listing '/home/kim/projects/dexchef_ws/install/grasp_kitchen_ros2/local/lib/python3.10/dist-packages/grasp_kitchen_ros2/lbot_catch/arm_api/Demo/demo_c++/lbot_hand/build/CMakeFiles/lbot_hand.dir'...\n"}
[11.307395] (grasp_kitchen_ros2) StdoutLine: {'line': b"Listing '/home/kim/projects/dexchef_ws/install/grasp_kitchen_ros2/local/lib/python3.10/dist-packages/grasp_kitchen_ros2/lbot_catch/arm_api/Demo/demo_c++/lbot_hand/build/CMakeFiles/lbot_hand.dir/src'...\n"}
[11.307417] (grasp_kitchen_ros2) StdoutLine: {'line': b"Listing '/home/kim/projects/dexchef_ws/install/grasp_kitchen_ros2/local/lib/python3.10/dist-packages/grasp_kitchen_ros2/lbot_catch/arm_api/Demo/demo_c++/lbot_hand/src'...\n"}
[11.307439] (grasp_kitchen_ros2) StdoutLine: {'line': b"Listing '/home/kim/projects/dexchef_ws/install/grasp_kitchen_ros2/local/lib/python3.10/dist-packages/grasp_kitchen_ros2/lbot_catch/arm_api/Demo/demo_c++/lbot_move'...\n"}
[11.335364] (grasp_kitchen_ros2) StdoutLine: {'line': b"Listing '/home/kim/projects/dexchef_ws/install/grasp_kitchen_ros2/local/lib/python3.10/dist-packages/grasp_kitchen_ros2/lbot_catch/arm_api/Demo/demo_c++/lbot_move/build'...\n"}
[11.335495] (grasp_kitchen_ros2) StdoutLine: {'line': b"Listing '/home/kim/projects/dexchef_ws/install/grasp_kitchen_ros2/local/lib/python3.10/dist-packages/grasp_kitchen_ros2/lbot_catch/arm_api/Demo/demo_c++/lbot_move/build/CMakeFiles'...\n"}
[11.335574] (grasp_kitchen_ros2) StdoutLine: {'line': b"Listing '/home/kim/projects/dexchef_ws/install/grasp_kitchen_ros2/local/lib/python3.10/dist-packages/grasp_kitchen_ros2/lbot_catch/arm_api/Demo/demo_c++/lbot_move/build/CMakeFiles/3.28.3'...\n"}
[11.335613] (grasp_kitchen_ros2) StdoutLine: {'line': b"Listing '/home/kim/projects/dexchef_ws/install/grasp_kitchen_ros2/local/lib/python3.10/dist-packages/grasp_kitchen_ros2/lbot_catch/arm_api/Demo/demo_c++/lbot_move/build/CMakeFiles/3.28.3/CompilerIdCXX'...\n"}
[11.335641] (grasp_kitchen_ros2) StdoutLine: {'line': b"Listing '/home/kim/projects/dexchef_ws/install/grasp_kitchen_ros2/local/lib/python3.10/dist-packages/grasp_kitchen_ros2/lbot_catch/arm_api/Demo/demo_c++/lbot_move/build/CMakeFiles/lbot_move.dir'...\n"}
[11.335667] (grasp_kitchen_ros2) StdoutLine: {'line': b"Listing '/home/kim/projects/dexchef_ws/install/grasp_kitchen_ros2/local/lib/python3.10/dist-packages/grasp_kitchen_ros2/lbot_catch/arm_api/Demo/demo_c++/lbot_move/build/CMakeFiles/lbot_move.dir/src'...\n"}
[11.335692] (grasp_kitchen_ros2) StdoutLine: {'line': b"Listing '/home/kim/projects/dexchef_ws/install/grasp_kitchen_ros2/local/lib/python3.10/dist-packages/grasp_kitchen_ros2/lbot_catch/arm_api/Demo/demo_c++/lbot_move/src'...\n"}
[11.335732] (grasp_kitchen_ros2) StdoutLine: {'line': b"Listing '/home/kim/projects/dexchef_ws/install/grasp_kitchen_ros2/local/lib/python3.10/dist-packages/grasp_kitchen_ros2/lbot_catch/arm_api/Demo/demo_c++/lbot_setting'...\n"}
[11.335758] (grasp_kitchen_ros2) StdoutLine: {'line': b"Listing '/home/kim/projects/dexchef_ws/install/grasp_kitchen_ros2/local/lib/python3.10/dist-packages/grasp_kitchen_ros2/lbot_catch/arm_api/Demo/demo_c++/lbot_setting/build'...\n"}
[11.335783] (grasp_kitchen_ros2) StdoutLine: {'line': b"Listing '/home/kim/projects/dexchef_ws/install/grasp_kitchen_ros2/local/lib/python3.10/dist-packages/grasp_kitchen_ros2/lbot_catch/arm_api/Demo/demo_c++/lbot_setting/build/CMakeFiles'...\n"}
[11.335808] (grasp_kitchen_ros2) StdoutLine: {'line': b"Listing '/home/kim/projects/dexchef_ws/install/grasp_kitchen_ros2/local/lib/python3.10/dist-packages/grasp_kitchen_ros2/lbot_catch/arm_api/Demo/demo_c++/lbot_setting/build/CMakeFiles/3.28.3'...\n"}
[11.335832] (grasp_kitchen_ros2) StdoutLine: {'line': b"Listing '/home/kim/projects/dexchef_ws/install/grasp_kitchen_ros2/local/lib/python3.10/dist-packages/grasp_kitchen_ros2/lbot_catch/arm_api/Demo/demo_c++/lbot_setting/build/CMakeFiles/3.28.3/CompilerIdCXX'...\n"}
[11.335856] (grasp_kitchen_ros2) StdoutLine: {'line': b"Listing '/home/kim/projects/dexchef_ws/install/grasp_kitchen_ros2/local/lib/python3.10/dist-packages/grasp_kitchen_ros2/lbot_catch/arm_api/Demo/demo_c++/lbot_setting/build/CMakeFiles/lbot_setting.dir'...\n"}
[11.335880] (grasp_kitchen_ros2) StdoutLine: {'line': b"Listing '/home/kim/projects/dexchef_ws/install/grasp_kitchen_ros2/local/lib/python3.10/dist-packages/grasp_kitchen_ros2/lbot_catch/arm_api/Demo/demo_c++/lbot_setting/build/CMakeFiles/lbot_setting.dir/src'...\n"}
[11.335938] (grasp_kitchen_ros2) StdoutLine: {'line': b"Listing '/home/kim/projects/dexchef_ws/install/grasp_kitchen_ros2/local/lib/python3.10/dist-packages/grasp_kitchen_ros2/lbot_catch/arm_api/Demo/demo_c++/lbot_setting/src'...\n"}
[11.336002] (grasp_kitchen_ros2) StdoutLine: {'line': b"Listing '/home/kim/projects/dexchef_ws/install/grasp_kitchen_ros2/local/lib/python3.10/dist-packages/grasp_kitchen_ros2/lbot_catch/arm_api/Demo/demo_python'...\n"}
[11.336032] (grasp_kitchen_ros2) StdoutLine: {'line': b"Compiling '/home/kim/projects/dexchef_ws/install/grasp_kitchen_ros2/local/lib/python3.10/dist-packages/grasp_kitchen_ros2/lbot_catch/arm_api/Demo/demo_python/demo_fk_ik.py'...\n"}
[11.336059] (grasp_kitchen_ros2) StdoutLine: {'line': b"Compiling '/home/kim/projects/dexchef_ws/install/grasp_kitchen_ros2/local/lib/python3.10/dist-packages/grasp_kitchen_ros2/lbot_catch/arm_api/Demo/demo_python/demo_frame.py'...\n"}
[11.336217] (grasp_kitchen_ros2) StdoutLine: {'line': b"Compiling '/home/kim/projects/dexchef_ws/install/grasp_kitchen_ros2/local/lib/python3.10/dist-packages/grasp_kitchen_ros2/lbot_catch/arm_api/Demo/demo_python/demo_hand.py'...\n"}
[11.336259] (grasp_kitchen_ros2) StdoutLine: {'line': b"Compiling '/home/kim/projects/dexchef_ws/install/grasp_kitchen_ros2/local/lib/python3.10/dist-packages/grasp_kitchen_ros2/lbot_catch/arm_api/Demo/demo_python/demo_move.py'...\n"}
[11.336286] (grasp_kitchen_ros2) StdoutLine: {'line': b"Compiling '/home/kim/projects/dexchef_ws/install/grasp_kitchen_ros2/local/lib/python3.10/dist-packages/grasp_kitchen_ros2/lbot_catch/arm_api/Demo/demo_python/demo_setting.py'...\n"}
[11.336311] (grasp_kitchen_ros2) StdoutLine: {'line': b"Listing '/home/kim/projects/dexchef_ws/install/grasp_kitchen_ros2/local/lib/python3.10/dist-packages/grasp_kitchen_ros2/lbot_catch/arm_api/Demo/demo_python/lbot'...\n"}
[11.336336] (grasp_kitchen_ros2) StdoutLine: {'line': b"Compiling '/home/kim/projects/dexchef_ws/install/grasp_kitchen_ros2/local/lib/python3.10/dist-packages/grasp_kitchen_ros2/lbot_catch/arm_api/Demo/demo_python/lbot/__init__.py'...\n"}
[11.336363] (grasp_kitchen_ros2) StdoutLine: {'line': b"Compiling '/home/kim/projects/dexchef_ws/install/grasp_kitchen_ros2/local/lib/python3.10/dist-packages/grasp_kitchen_ros2/lbot_catch/arm_api/Demo/demo_python/lbot/lbot_api.py'...\n"}
[11.336387] (grasp_kitchen_ros2) StdoutLine: {'line': b"Compiling '/home/kim/projects/dexchef_ws/install/grasp_kitchen_ros2/local/lib/python3.10/dist-packages/grasp_kitchen_ros2/lbot_catch/arm_api/Demo/demo_python/lbot/lbot_robot.py'...\n"}
[11.336414] (grasp_kitchen_ros2) StdoutLine: {'line': b"Listing '/home/kim/projects/dexchef_ws/install/grasp_kitchen_ros2/local/lib/python3.10/dist-packages/grasp_kitchen_ros2/lbot_catch/arm_api/Demo/demo_python/lbot/libs'...\n"}
[11.336439] (grasp_kitchen_ros2) StdoutLine: {'line': b"Listing '/home/kim/projects/dexchef_ws/install/grasp_kitchen_ros2/local/lib/python3.10/dist-packages/grasp_kitchen_ros2/lbot_catch/arm_api/Demo/demo_python/lbot/libs/linux'...\n"}
[11.336462] (grasp_kitchen_ros2) StdoutLine: {'line': b"Listing '/home/kim/projects/dexchef_ws/install/grasp_kitchen_ros2/local/lib/python3.10/dist-packages/grasp_kitchen_ros2/lbot_catch/arm_api/Demo/demo_python/lbot/libs/linux/linux_arm64'...\n"}
[11.336486] (grasp_kitchen_ros2) StdoutLine: {'line': b"Listing '/home/kim/projects/dexchef_ws/install/grasp_kitchen_ros2/local/lib/python3.10/dist-packages/grasp_kitchen_ros2/lbot_catch/arm_api/Demo/demo_python/lbot/libs/linux/linux_x64'...\n"}
[11.336510] (grasp_kitchen_ros2) StdoutLine: {'line': b"Compiling '/home/kim/projects/dexchef_ws/install/grasp_kitchen_ros2/local/lib/python3.10/dist-packages/grasp_kitchen_ros2/lbot_catch/arm_api/Demo/demo_python/test.py'...\n"}
[11.336533] (grasp_kitchen_ros2) StdoutLine: {'line': b"Listing '/home/kim/projects/dexchef_ws/install/grasp_kitchen_ros2/local/lib/python3.10/dist-packages/grasp_kitchen_ros2/lbot_catch/arm_api/Python'...\n"}
[11.336557] (grasp_kitchen_ros2) StdoutLine: {'line': b"Listing '/home/kim/projects/dexchef_ws/install/grasp_kitchen_ros2/local/lib/python3.10/dist-packages/grasp_kitchen_ros2/lbot_catch/arm_api/Python/lbot'...\n"}
[11.336580] (grasp_kitchen_ros2) StdoutLine: {'line': b"Compiling '/home/kim/projects/dexchef_ws/install/grasp_kitchen_ros2/local/lib/python3.10/dist-packages/grasp_kitchen_ros2/lbot_catch/arm_api/Python/lbot/__init__.py'...\n"}
[11.336603] (grasp_kitchen_ros2) StdoutLine: {'line': b"Compiling '/home/kim/projects/dexchef_ws/install/grasp_kitchen_ros2/local/lib/python3.10/dist-packages/grasp_kitchen_ros2/lbot_catch/arm_api/Python/lbot/lbot_api.py'...\n"}
[11.336626] (grasp_kitchen_ros2) StdoutLine: {'line': b"Compiling '/home/kim/projects/dexchef_ws/install/grasp_kitchen_ros2/local/lib/python3.10/dist-packages/grasp_kitchen_ros2/lbot_catch/arm_api/Python/lbot/lbot_robot.py'...\n"}
[11.336648] (grasp_kitchen_ros2) StdoutLine: {'line': b"Listing '/home/kim/projects/dexchef_ws/install/grasp_kitchen_ros2/local/lib/python3.10/dist-packages/grasp_kitchen_ros2/lbot_catch/arm_api/Python/lbot/libs'...\n"}
[11.336671] (grasp_kitchen_ros2) StdoutLine: {'line': b"Listing '/home/kim/projects/dexchef_ws/install/grasp_kitchen_ros2/local/lib/python3.10/dist-packages/grasp_kitchen_ros2/lbot_catch/arm_api/Python/lbot/libs/linux'...\n"}
[11.336696] (grasp_kitchen_ros2) StdoutLine: {'line': b"Listing '/home/kim/projects/dexchef_ws/install/grasp_kitchen_ros2/local/lib/python3.10/dist-packages/grasp_kitchen_ros2/lbot_catch/arm_api/Python/lbot/libs/linux/linux_arm64'...\n"}
[11.336719] (grasp_kitchen_ros2) StdoutLine: {'line': b"Listing '/home/kim/projects/dexchef_ws/install/grasp_kitchen_ros2/local/lib/python3.10/dist-packages/grasp_kitchen_ros2/lbot_catch/arm_api/Python/lbot/libs/linux/linux_x64'...\n"}
[11.336741] (grasp_kitchen_ros2) StdoutLine: {'line': b"Listing '/home/kim/projects/dexchef_ws/install/grasp_kitchen_ros2/local/lib/python3.10/dist-packages/grasp_kitchen_ros2/lbot_catch/arm_api/doc'...\n"}
[11.336765] (grasp_kitchen_ros2) StdoutLine: {'line': b"Listing '/home/kim/projects/dexchef_ws/install/grasp_kitchen_ros2/local/lib/python3.10/dist-packages/grasp_kitchen_ros2/motion'...\n"}
[11.336787] (grasp_kitchen_ros2) StdoutLine: {'line': b"Compiling '/home/kim/projects/dexchef_ws/install/grasp_kitchen_ros2/local/lib/python3.10/dist-packages/grasp_kitchen_ros2/motion/__init__.py'...\n"}
[11.336810] (grasp_kitchen_ros2) StdoutLine: {'line': b"Listing '/home/kim/projects/dexchef_ws/install/grasp_kitchen_ros2/local/lib/python3.10/dist-packages/grasp_kitchen_ros2/motion/entities'...\n"}
[11.336832] (grasp_kitchen_ros2) StdoutLine: {'line': b"Compiling '/home/kim/projects/dexchef_ws/install/grasp_kitchen_ros2/local/lib/python3.10/dist-packages/grasp_kitchen_ros2/motion/entities/__init__.py'...\n"}
[11.336855] (grasp_kitchen_ros2) StdoutLine: {'line': b"Compiling '/home/kim/projects/dexchef_ws/install/grasp_kitchen_ros2/local/lib/python3.10/dist-packages/grasp_kitchen_ros2/motion/entities/constraints.py'...\n"}
[11.336876] (grasp_kitchen_ros2) StdoutLine: {'line': b"Compiling '/home/kim/projects/dexchef_ws/install/grasp_kitchen_ros2/local/lib/python3.10/dist-packages/grasp_kitchen_ros2/motion/entities/motion_primitive.py'...\n"}
[11.336898] (grasp_kitchen_ros2) StdoutLine: {'line': b"Compiling '/home/kim/projects/dexchef_ws/install/grasp_kitchen_ros2/local/lib/python3.10/dist-packages/grasp_kitchen_ros2/motion/entities/trajectory.py'...\n"}
[11.353446] (grasp_kitchen_ros2) StdoutLine: {'line': b"Listing '/home/kim/projects/dexchef_ws/install/grasp_kitchen_ros2/local/lib/python3.10/dist-packages/grasp_kitchen_ros2/motion/skills'...\n"}
[11.353532] (grasp_kitchen_ros2) StdoutLine: {'line': b"Compiling '/home/kim/projects/dexchef_ws/install/grasp_kitchen_ros2/local/lib/python3.10/dist-packages/grasp_kitchen_ros2/motion/skills/__init__.py'...\n"}
[11.353567] (grasp_kitchen_ros2) StdoutLine: {'line': b"Compiling '/home/kim/projects/dexchef_ws/install/grasp_kitchen_ros2/local/lib/python3.10/dist-packages/grasp_kitchen_ros2/motion/skills/ik_helpers.py'...\n"}
[11.353597] (grasp_kitchen_ros2) StdoutLine: {'line': b"Compiling '/home/kim/projects/dexchef_ws/install/grasp_kitchen_ros2/local/lib/python3.10/dist-packages/grasp_kitchen_ros2/motion/skills/pick_and_place.py'...\n"}
[11.353630] (grasp_kitchen_ros2) StdoutLine: {'line': b"Compiling '/home/kim/projects/dexchef_ws/install/grasp_kitchen_ros2/local/lib/python3.10/dist-packages/grasp_kitchen_ros2/motion_executor_node.py'...\n"}
[11.353658] (grasp_kitchen_ros2) StdoutLine: {'line': b"Compiling '/home/kim/projects/dexchef_ws/install/grasp_kitchen_ros2/local/lib/python3.10/dist-packages/grasp_kitchen_ros2/perception_node.py'...\n"}
[11.353705] (grasp_kitchen_ros2) StdoutLine: {'line': b"Listing '/home/kim/projects/dexchef_ws/install/grasp_kitchen_ros2/local/lib/python3.10/dist-packages/grasp_kitchen_ros2/planning'...\n"}
[11.353735] (grasp_kitchen_ros2) StdoutLine: {'line': b"Listing '/home/kim/projects/dexchef_ws/install/grasp_kitchen_ros2/local/lib/python3.10/dist-packages/grasp_kitchen_ros2/planning/entities'...\n"}
[11.353762] (grasp_kitchen_ros2) StdoutLine: {'line': b"Compiling '/home/kim/projects/dexchef_ws/install/grasp_kitchen_ros2/local/lib/python3.10/dist-packages/grasp_kitchen_ros2/planning/entities/__init__.py'...\n"}
[11.353805] (grasp_kitchen_ros2) StdoutLine: {'line': b"Compiling '/home/kim/projects/dexchef_ws/install/grasp_kitchen_ros2/local/lib/python3.10/dist-packages/grasp_kitchen_ros2/planning/entities/pattern.py'...\n"}
[11.353833] (grasp_kitchen_ros2) StdoutLine: {'line': b"Compiling '/home/kim/projects/dexchef_ws/install/grasp_kitchen_ros2/local/lib/python3.10/dist-packages/grasp_kitchen_ros2/planning/entities/plan.py'...\n"}
[11.353858] (grasp_kitchen_ros2) StdoutLine: {'line': b"Compiling '/home/kim/projects/dexchef_ws/install/grasp_kitchen_ros2/local/lib/python3.10/dist-packages/grasp_kitchen_ros2/planning/entities/pose3d.py'...\n"}
[11.353881] (grasp_kitchen_ros2) StdoutLine: {'line': b"Compiling '/home/kim/projects/dexchef_ws/install/grasp_kitchen_ros2/local/lib/python3.10/dist-packages/grasp_kitchen_ros2/planning/entities/scene_state.py'...\n"}
[11.353904] (grasp_kitchen_ros2) StdoutLine: {'line': b"Compiling '/home/kim/projects/dexchef_ws/install/grasp_kitchen_ros2/local/lib/python3.10/dist-packages/grasp_kitchen_ros2/planning/entities/task_goal.py'...\n"}
[11.353927] (grasp_kitchen_ros2) StdoutLine: {'line': b"Listing '/home/kim/projects/dexchef_ws/install/grasp_kitchen_ros2/local/lib/python3.10/dist-packages/grasp_kitchen_ros2/planning/policy'...\n"}
[11.353949] (grasp_kitchen_ros2) StdoutLine: {'line': b"Compiling '/home/kim/projects/dexchef_ws/install/grasp_kitchen_ros2/local/lib/python3.10/dist-packages/grasp_kitchen_ros2/planning/policy/__init__.py'...\n"}
[11.353973] (grasp_kitchen_ros2) StdoutLine: {'line': b"Compiling '/home/kim/projects/dexchef_ws/install/grasp_kitchen_ros2/local/lib/python3.10/dist-packages/grasp_kitchen_ros2/planning/policy/orange_heart_policy.py'...\n"}
[11.353996] (grasp_kitchen_ros2) StdoutLine: {'line': b"Listing '/home/kim/projects/dexchef_ws/install/grasp_kitchen_ros2/local/lib/python3.10/dist-packages/grasp_kitchen_ros2/robot'...\n"}
[11.354019] (grasp_kitchen_ros2) StdoutLine: {'line': b"Compiling '/home/kim/projects/dexchef_ws/install/grasp_kitchen_ros2/local/lib/python3.10/dist-packages/grasp_kitchen_ros2/robot/__init__.py'...\n"}
[11.354042] (grasp_kitchen_ros2) StdoutLine: {'line': b"Compiling '/home/kim/projects/dexchef_ws/install/grasp_kitchen_ros2/local/lib/python3.10/dist-packages/grasp_kitchen_ros2/robot/driver_core.py'...\n"}
[11.354066] (grasp_kitchen_ros2) StdoutLine: {'line': b"Compiling '/home/kim/projects/dexchef_ws/install/grasp_kitchen_ros2/local/lib/python3.10/dist-packages/grasp_kitchen_ros2/robot_driver_node.py'...\n"}
[11.354088] (grasp_kitchen_ros2) StdoutLine: {'line': b"Compiling '/home/kim/projects/dexchef_ws/install/grasp_kitchen_ros2/local/lib/python3.10/dist-packages/grasp_kitchen_ros2/task_planner_node.py'...\n"}
[11.354110] (grasp_kitchen_ros2) StdoutLine: {'line': b"Compiling '/home/kim/projects/dexchef_ws/install/grasp_kitchen_ros2/local/lib/python3.10/dist-packages/grasp_kitchen_ros2/test_motion_pick_and_place.py'...\n"}
[11.354133] (grasp_kitchen_ros2) StdoutLine: {'line': b"Compiling '/home/kim/projects/dexchef_ws/install/grasp_kitchen_ros2/local/lib/python3.10/dist-packages/grasp_kitchen_ros2/test_planner_orange_heart.py'...\n"}
[11.354159] (grasp_kitchen_ros2) StdoutLine: {'line': b"Listing '/home/kim/projects/dexchef_ws/install/grasp_kitchen_ros2/local/lib/python3.10/dist-packages/grasp_kitchen_ros2/vision'...\n"}
[11.354183] (grasp_kitchen_ros2) StdoutLine: {'line': b"Compiling '/home/kim/projects/dexchef_ws/install/grasp_kitchen_ros2/local/lib/python3.10/dist-packages/grasp_kitchen_ros2/vision/__init__.py'...\n"}
[11.354209] (grasp_kitchen_ros2) StdoutLine: {'line': b"Listing '/home/kim/projects/dexchef_ws/install/grasp_kitchen_ros2/local/lib/python3.10/dist-packages/grasp_kitchen_ros2/vision/entities'...\n"}
[11.354234] (grasp_kitchen_ros2) StdoutLine: {'line': b"Compiling '/home/kim/projects/dexchef_ws/install/grasp_kitchen_ros2/local/lib/python3.10/dist-packages/grasp_kitchen_ros2/vision/entities/__init__.py'...\n"}
[11.354259] (grasp_kitchen_ros2) StdoutLine: {'line': b"Compiling '/home/kim/projects/dexchef_ws/install/grasp_kitchen_ros2/local/lib/python3.10/dist-packages/grasp_kitchen_ros2/vision/entities/camera_model.py'...\n"}
[11.354285] (grasp_kitchen_ros2) StdoutLine: {'line': b"Compiling '/home/kim/projects/dexchef_ws/install/grasp_kitchen_ros2/local/lib/python3.10/dist-packages/grasp_kitchen_ros2/vision/entities/detections.py'...\n"}
[11.354312] (grasp_kitchen_ros2) StdoutLine: {'line': b"Listing '/home/kim/projects/dexchef_ws/install/grasp_kitchen_ros2/local/lib/python3.10/dist-packages/grasp_kitchen_ros2/vision/pipeline'...\n"}
[11.354340] (grasp_kitchen_ros2) StdoutLine: {'line': b"Compiling '/home/kim/projects/dexchef_ws/install/grasp_kitchen_ros2/local/lib/python3.10/dist-packages/grasp_kitchen_ros2/vision/pipeline/__init__.py'...\n"}
[11.354364] (grasp_kitchen_ros2) StdoutLine: {'line': b"Compiling '/home/kim/projects/dexchef_ws/install/grasp_kitchen_ros2/local/lib/python3.10/dist-packages/grasp_kitchen_ros2/vision/pipeline/perception_pipeline.py'...\n"}
[11.354386] (grasp_kitchen_ros2) StdoutLine: {'line': b"Compiling '/home/kim/projects/dexchef_ws/install/grasp_kitchen_ros2/local/lib/python3.10/dist-packages/grasp_kitchen_ros2/vision/pipeline/pose_estimator.py'...\n"}
[11.354409] (grasp_kitchen_ros2) StdoutLine: {'line': b"Compiling '/home/kim/projects/dexchef_ws/install/grasp_kitchen_ros2/local/lib/python3.10/dist-packages/grasp_kitchen_ros2/vision/pipeline/sam3_backend.py'...\n"}
[11.354453] (grasp_kitchen_ros2) StdoutLine: {'line': b"Compiling '/home/kim/projects/dexchef_ws/install/grasp_kitchen_ros2/local/lib/python3.10/dist-packages/grasp_kitchen_ros2/vision/pipeline/segmentation_backend.py'...\n"}
[11.354484] (grasp_kitchen_ros2) StdoutLine: {'line': b"Compiling '/home/kim/projects/dexchef_ws/install/grasp_kitchen_ros2/local/lib/python3.10/dist-packages/grasp_kitchen_ros2/vision/pipeline/yolo_backend.py'...\n"}
[11.358050] (grasp_kitchen_ros2) CommandEnded: {'returncode': 0}
[11.373100] (grasp_kitchen_ros2) JobEnded: {'identifier': 'grasp_kitchen_ros2', 'rc': 0}
[11.373849] (-) EventReactorShutdown: {}
