[0.063s] Invoking command in '/home/kim/projects/dexchef_ws/build/grasp_kitchen_ros2': AMENT_PREFIX_PATH=/home/kim/projects/dexchef_ws/install/grasp_kitchen_interfaces:${AMENT_PREFIX_PATH} CMAKE_PREFIX_PATH=/home/kim/projects/dexchef_ws/install/grasp_kitchen_interfaces:/opt/ros/humble LD_LIBRARY_PATH=/home/kim/projects/dexchef_ws/install/grasp_kitchen_interfaces/lib:${LD_LIBRARY_PATH} PYTHONPATH=/home/kim/projects/dexchef_ws/install/grasp_kitchen_interfaces/local/lib/python3.10/dist-packages:${PYTHONPATH} /usr/bin/cmake /home/kim/projects/dexchef_ws/src/grasp_kitchen_ros2 -DAMENT_CMAKE_SYMLINK_INSTALL=1 -DCMAKE_INSTALL_PREFIX=/home/kim/projects/dexchef_ws/install/grasp_kitchen_ros2
[0.150s] -- The C compiler identification is GNU 11.4.0
[0.450s] -- The CXX compiler identification is GNU 11.4.0
[0.733s] -- Detecting C compiler ABI info
[0.829s] -- Detecting C compiler ABI info - done
[0.833s] -- Check for working C compiler: /usr/bin/cc - skipped
[0.833s] -- Detecting C compile features
[0.834s] -- Detecting C compile features - done
[0.836s] -- Detecting CXX compiler ABI info
[0.943s] -- Detecting CXX compiler ABI info - done
[0.948s] -- Check for working CXX compiler: /usr/bin/c++ - skipped
[0.948s] -- Detecting CXX compile features
[0.949s] -- Detecting CXX compile features - done
[0.950s] -- Found ament_cmake: 1.3.13 (/opt/ros/humble/share/ament_cmake/cmake)
[1.049s] -- Found Python3: /usr/bin/python3 (found version "3.10.12") found components: Interpreter 
[1.090s] -- Override CMake install command with custom implementation using symlinks instead of copying resources
[1.104s] -- Found grasp_kitchen_interfaces: 0.1.0 (/home/kim/projects/dexchef_ws/install/grasp_kitchen_interfaces/share/grasp_kitchen_interfaces/cmake)
[1.173s] -- Found rosidl_generator_c: 3.1.8 (/opt/ros/humble/share/rosidl_generator_c/cmake)
[1.176s] -- Found rosidl_adapter: 3.1.8 (/opt/ros/humble/share/rosidl_adapter/cmake)
[1.181s] -- Found rosidl_generator_cpp: 3.1.8 (/opt/ros/humble/share/rosidl_generator_cpp/cmake)
[1.188s] -- Using all available rosidl_typesupport_c: rosidl_typesupport_fastrtps_c;rosidl_typesupport_introspection_c
[1.198s] -- Using all available rosidl_typesupport_cpp: rosidl_typesupport_fastrtps_cpp;rosidl_typesupport_introspection_cpp
[1.342s] -- Configuring done
[1.347s] -- Generating done
[1.350s] -- Build files have been written to: /home/kim/projects/dexchef_ws/build/grasp_kitchen_ros2
[1.354s] Invoked command in '/home/kim/projects/dexchef_ws/build/grasp_kitchen_ros2' returned '0': AMENT_PREFIX_PATH=/home/kim/projects/dexchef_ws/install/grasp_kitchen_interfaces:${AMENT_PREFIX_PATH} CMAKE_PREFIX_PATH=/home/kim/projects/dexchef_ws/install/grasp_kitchen_interfaces:/opt/ros/humble LD_LIBRARY_PATH=/home/kim/projects/dexchef_ws/install/grasp_kitchen_interfaces/lib:${LD_LIBRARY_PATH} PYTHONPATH=/home/kim/projects/dexchef_ws/install/grasp_kitchen_interfaces/local/lib/python3.10/dist-packages:${PYTHONPATH} /usr/bin/cmake /home/kim/projects/dexchef_ws/src/grasp_kitchen_ros2 -DAMENT_CMAKE_SYMLINK_INSTALL=1 -DCMAKE_INSTALL_PREFIX=/home/kim/projects/dexchef_ws/install/grasp_kitchen_ros2
[1.355s] Invoking command in '/home/kim/projects/dexchef_ws/build/grasp_kitchen_ros2': AMENT_PREFIX_PATH=/home/kim/projects/dexchef_ws/install/grasp_kitchen_interfaces:${AMENT_PREFIX_PATH} CMAKE_PREFIX_PATH=/home/kim/projects/dexchef_ws/install/grasp_kitchen_interfaces:/opt/ros/humble LD_LIBRARY_PATH=/home/kim/projects/dexchef_ws/install/grasp_kitchen_interfaces/lib:${LD_LIBRARY_PATH} PYTHONPATH=/home/kim/projects/dexchef_ws/install/grasp_kitchen_interfaces/local/lib/python3.10/dist-packages:${PYTHONPATH} /usr/bin/cmake --build /home/kim/projects/dexchef_ws/build/grasp_kitchen_ros2 -- -j16 -l16
[1.391s] Built target ament_cmake_python_symlink_grasp_kitchen_ros2_setup
[1.392s] Built target ament_cmake_python_symlink_grasp_kitchen_ros2
[1.532s] running egg_info
[1.532s] creating grasp_kitchen_ros2.egg-info
[1.533s] writing grasp_kitchen_ros2.egg-info/PKG-INFO
[1.533s] writing dependency_links to grasp_kitchen_ros2.egg-info/dependency_links.txt
[1.533s] writing top-level names to grasp_kitchen_ros2.egg-info/top_level.txt
[1.533s] writing manifest file 'grasp_kitchen_ros2.egg-info/SOURCES.txt'
[1.534s] reading manifest file 'grasp_kitchen_ros2.egg-info/SOURCES.txt'
[1.535s] writing manifest file 'grasp_kitchen_ros2.egg-info/SOURCES.txt'
[1.552s] Built target ament_cmake_python_build_grasp_kitchen_ros2_egg
[1.560s] Invoked command in '/home/kim/projects/dexchef_ws/build/grasp_kitchen_ros2' returned '0': AMENT_PREFIX_PATH=/home/kim/projects/dexchef_ws/install/grasp_kitchen_interfaces:${AMENT_PREFIX_PATH} CMAKE_PREFIX_PATH=/home/kim/projects/dexchef_ws/install/grasp_kitchen_interfaces:/opt/ros/humble LD_LIBRARY_PATH=/home/kim/projects/dexchef_ws/install/grasp_kitchen_interfaces/lib:${LD_LIBRARY_PATH} PYTHONPATH=/home/kim/projects/dexchef_ws/install/grasp_kitchen_interfaces/local/lib/python3.10/dist-packages:${PYTHONPATH} /usr/bin/cmake --build /home/kim/projects/dexchef_ws/build/grasp_kitchen_ros2 -- -j16 -l16
[1.560s] Invoking command in '/home/kim/projects/dexchef_ws/build/grasp_kitchen_ros2': AMENT_PREFIX_PATH=/home/kim/projects/dexchef_ws/install/grasp_kitchen_interfaces:${AMENT_PREFIX_PATH} CMAKE_PREFIX_PATH=/home/kim/projects/dexchef_ws/install/grasp_kitchen_interfaces:/opt/ros/humble LD_LIBRARY_PATH=/home/kim/projects/dexchef_ws/install/grasp_kitchen_interfaces/lib:${LD_LIBRARY_PATH} PYTHONPATH=/home/kim/projects/dexchef_ws/install/grasp_kitchen_interfaces/local/lib/python3.10/dist-packages:${PYTHONPATH} /usr/bin/cmake --install /home/kim/projects/dexchef_ws/build/grasp_kitchen_ros2
[1.564s] -- Install configuration: ""
[1.564s] -- Execute custom install script
[1.565s] -- Symlinking: /home/kim/projects/dexchef_ws/install/grasp_kitchen_ros2/share/grasp_kitchen_ros2/environment/pythonpath.sh
[1.570s] -- Symlinking: /home/kim/projects/dexchef_ws/install/grasp_kitchen_ros2/share/grasp_kitchen_ros2/environment/pythonpath.dsv
[1.576s] -- Symlinking: /home/kim/projects/dexchef_ws/install/grasp_kitchen_ros2/local/lib/python3.10/dist-packages/grasp_kitchen_ros2-1.0.0-py3.10.egg-info/PKG-INFO
[1.581s] -- Symlinking: /home/kim/projects/dexchef_ws/install/grasp_kitchen_ros2/local/lib/python3.10/dist-packages/grasp_kitchen_ros2-1.0.0-py3.10.egg-info/SOURCES.txt
[1.587s] -- Symlinking: /home/kim/projects/dexchef_ws/install/grasp_kitchen_ros2/local/lib/python3.10/dist-packages/grasp_kitchen_ros2-1.0.0-py3.10.egg-info/dependency_links.txt
[1.592s] -- Symlinking: /home/kim/projects/dexchef_ws/install/grasp_kitchen_ros2/local/lib/python3.10/dist-packages/grasp_kitchen_ros2-1.0.0-py3.10.egg-info/top_level.txt
[1.604s] -- Symlinking: /home/kim/projects/dexchef_ws/install/grasp_kitchen_ros2/local/lib/python3.10/dist-packages/grasp_kitchen_ros2/__init__.py
[1.609s] -- Symlinking: /home/kim/projects/dexchef_ws/install/grasp_kitchen_ros2/local/lib/python3.10/dist-packages/grasp_kitchen_ros2/camera_driver_node.py
[1.614s] -- Symlinking: /home/kim/projects/dexchef_ws/install/grasp_kitchen_ros2/local/lib/python3.10/dist-packages/grasp_kitchen_ros2/lbot_catch/HOW_TO_ACHIEVE_10MM_PRECISION.md
[1.619s] -- Symlinking: /home/kim/projects/dexchef_ws/install/grasp_kitchen_ros2/local/lib/python3.10/dist-packages/grasp_kitchen_ros2/lbot_catch/README.md
[1.624s] -- Symlinking: /home/kim/projects/dexchef_ws/install/grasp_kitchen_ros2/local/lib/python3.10/dist-packages/grasp_kitchen_ros2/lbot_catch/arm_api/C++/include/lbot_api.h
[1.630s] -- Symlinking: /home/kim/projects/dexchef_ws/install/grasp_kitchen_ros2/local/lib/python3.10/dist-packages/grasp_kitchen_ros2/lbot_catch/arm_api/C++/include/lbot_api_cpp.h
[1.635s] -- Symlinking: /home/kim/projects/dexchef_ws/install/grasp_kitchen_ros2/local/lib/python3.10/dist-packages/grasp_kitchen_ros2/lbot_catch/arm_api/C++/include/lbot_types.h
[1.640s] -- Symlinking: /home/kim/projects/dexchef_ws/install/grasp_kitchen_ros2/local/lib/python3.10/dist-packages/grasp_kitchen_ros2/lbot_catch/arm_api/C++/include/lbot_version.h
[1.646s] -- Symlinking: /home/kim/projects/dexchef_ws/install/grasp_kitchen_ros2/local/lib/python3.10/dist-packages/grasp_kitchen_ros2/lbot_catch/arm_api/C++/libs/linux/linux_arm64/liblbot_api_cpp.so
[1.652s] -- Symlinking: /home/kim/projects/dexchef_ws/install/grasp_kitchen_ros2/local/lib/python3.10/dist-packages/grasp_kitchen_ros2/lbot_catch/arm_api/C++/libs/linux/linux_arm64/liblbot_api_cpp.so.1
[1.657s] -- Symlinking: /home/kim/projects/dexchef_ws/install/grasp_kitchen_ros2/local/lib/python3.10/dist-packages/grasp_kitchen_ros2/lbot_catch/arm_api/C++/libs/linux/linux_arm64/liblbot_api_cpp.so.1.0.1
[1.662s] -- Symlinking: /home/kim/projects/dexchef_ws/install/grasp_kitchen_ros2/local/lib/python3.10/dist-packages/grasp_kitchen_ros2/lbot_catch/arm_api/C++/libs/linux/linux_x64/liblbot_api_cpp.so
[1.667s] -- Symlinking: /home/kim/projects/dexchef_ws/install/grasp_kitchen_ros2/local/lib/python3.10/dist-packages/grasp_kitchen_ros2/lbot_catch/arm_api/C++/libs/linux/linux_x64/liblbot_api_cpp.so.1
[1.672s] -- Symlinking: /home/kim/projects/dexchef_ws/install/grasp_kitchen_ros2/local/lib/python3.10/dist-packages/grasp_kitchen_ros2/lbot_catch/arm_api/C++/libs/linux/linux_x64/liblbot_api_cpp.so.1.0.1
[1.677s] -- Symlinking: /home/kim/projects/dexchef_ws/install/grasp_kitchen_ros2/local/lib/python3.10/dist-packages/grasp_kitchen_ros2/lbot_catch/arm_api/C++/readme.md
[1.683s] -- Symlinking: /home/kim/projects/dexchef_ws/install/grasp_kitchen_ros2/local/lib/python3.10/dist-packages/grasp_kitchen_ros2/lbot_catch/arm_api/C/include/lbot_api.h
[1.688s] -- Symlinking: /home/kim/projects/dexchef_ws/install/grasp_kitchen_ros2/local/lib/python3.10/dist-packages/grasp_kitchen_ros2/lbot_catch/arm_api/C/include/lbot_types.h
[1.693s] -- Symlinking: /home/kim/projects/dexchef_ws/install/grasp_kitchen_ros2/local/lib/python3.10/dist-packages/grasp_kitchen_ros2/lbot_catch/arm_api/C/include/lbot_version.h
[1.699s] -- Symlinking: /home/kim/projects/dexchef_ws/install/grasp_kitchen_ros2/local/lib/python3.10/dist-packages/grasp_kitchen_ros2/lbot_catch/arm_api/C/libs/linux/linux_arm64/liblbot_api.so
[1.704s] -- Symlinking: /home/kim/projects/dexchef_ws/install/grasp_kitchen_ros2/local/lib/python3.10/dist-packages/grasp_kitchen_ros2/lbot_catch/arm_api/C/libs/linux/linux_arm64/liblbot_api.so.1
[1.709s] -- Symlinking: /home/kim/projects/dexchef_ws/install/grasp_kitchen_ros2/local/lib/python3.10/dist-packages/grasp_kitchen_ros2/lbot_catch/arm_api/C/libs/linux/linux_arm64/liblbot_api.so.1.0.1
[1.713s] -- Symlinking: /home/kim/projects/dexchef_ws/install/grasp_kitchen_ros2/local/lib/python3.10/dist-packages/grasp_kitchen_ros2/lbot_catch/arm_api/C/libs/linux/linux_x64/liblbot_api.so
[1.719s] -- Symlinking: /home/kim/projects/dexchef_ws/install/grasp_kitchen_ros2/local/lib/python3.10/dist-packages/grasp_kitchen_ros2/lbot_catch/arm_api/C/libs/linux/linux_x64/liblbot_api.so.1
[1.724s] -- Symlinking: /home/kim/projects/dexchef_ws/install/grasp_kitchen_ros2/local/lib/python3.10/dist-packages/grasp_kitchen_ros2/lbot_catch/arm_api/C/libs/linux/linux_x64/liblbot_api.so.1.0.1
[1.729s] -- Symlinking: /home/kim/projects/dexchef_ws/install/grasp_kitchen_ros2/local/lib/python3.10/dist-packages/grasp_kitchen_ros2/lbot_catch/arm_api/C/readme.md
[1.734s] -- Symlinking: /home/kim/projects/dexchef_ws/install/grasp_kitchen_ros2/local/lib/python3.10/dist-packages/grasp_kitchen_ros2/lbot_catch/arm_api/Demo/demo_c++/lbot_fk_ik/CMakeLists.txt
[1.740s] -- Symlinking: /home/kim/projects/dexchef_ws/install/grasp_kitchen_ros2/local/lib/python3.10/dist-packages/grasp_kitchen_ros2/lbot_catch/arm_api/Demo/demo_c++/lbot_fk_ik/build/CMakeCache.txt
[1.745s] -- Symlinking: /home/kim/projects/dexchef_ws/install/grasp_kitchen_ros2/local/lib/python3.10/dist-packages/grasp_kitchen_ros2/lbot_catch/arm_api/Demo/demo_c++/lbot_fk_ik/build/CMakeFiles/3.28.3/CMakeCXXCompiler.cmake
[1.751s] -- Symlinking: /home/kim/projects/dexchef_ws/install/grasp_kitchen_ros2/local/lib/python3.10/dist-packages/grasp_kitchen_ros2/lbot_catch/arm_api/Demo/demo_c++/lbot_fk_ik/build/CMakeFiles/3.28.3/CMakeDetermineCompilerABI_CXX.bin
[1.757s] -- Symlinking: /home/kim/projects/dexchef_ws/install/grasp_kitchen_ros2/local/lib/python3.10/dist-packages/grasp_kitchen_ros2/lbot_catch/arm_api/Demo/demo_c++/lbot_fk_ik/build/CMakeFiles/3.28.3/CMakeSystem.cmake
[1.762s] -- Symlinking: /home/kim/projects/dexchef_ws/install/grasp_kitchen_ros2/local/lib/python3.10/dist-packages/grasp_kitchen_ros2/lbot_catch/arm_api/Demo/demo_c++/lbot_fk_ik/build/CMakeFiles/3.28.3/CompilerIdCXX/CMakeCXXCompilerId.cpp
[1.768s] -- Symlinking: /home/kim/projects/dexchef_ws/install/grasp_kitchen_ros2/local/lib/python3.10/dist-packages/grasp_kitchen_ros2/lbot_catch/arm_api/Demo/demo_c++/lbot_fk_ik/build/CMakeFiles/3.28.3/CompilerIdCXX/a.out
[1.772s] -- Symlinking: /home/kim/projects/dexchef_ws/install/grasp_kitchen_ros2/local/lib/python3.10/dist-packages/grasp_kitchen_ros2/lbot_catch/arm_api/Demo/demo_c++/lbot_fk_ik/build/CMakeFiles/CMakeConfigureLog.yaml
[1.778s] -- Symlinking: /home/kim/projects/dexchef_ws/install/grasp_kitchen_ros2/local/lib/python3.10/dist-packages/grasp_kitchen_ros2/lbot_catch/arm_api/Demo/demo_c++/lbot_fk_ik/build/CMakeFiles/CMakeDirectoryInformation.cmake
[1.783s] -- Symlinking: /home/kim/projects/dexchef_ws/install/grasp_kitchen_ros2/local/lib/python3.10/dist-packages/grasp_kitchen_ros2/lbot_catch/arm_api/Demo/demo_c++/lbot_fk_ik/build/CMakeFiles/Makefile.cmake
[1.788s] -- Symlinking: /home/kim/projects/dexchef_ws/install/grasp_kitchen_ros2/local/lib/python3.10/dist-packages/grasp_kitchen_ros2/lbot_catch/arm_api/Demo/demo_c++/lbot_fk_ik/build/CMakeFiles/Makefile2
[1.793s] -- Symlinking: /home/kim/projects/dexchef_ws/install/grasp_kitchen_ros2/local/lib/python3.10/dist-packages/grasp_kitchen_ros2/lbot_catch/arm_api/Demo/demo_c++/lbot_fk_ik/build/CMakeFiles/TargetDirectories.txt
[1.798s] -- Symlinking: /home/kim/projects/dexchef_ws/install/grasp_kitchen_ros2/local/lib/python3.10/dist-packages/grasp_kitchen_ros2/lbot_catch/arm_api/Demo/demo_c++/lbot_fk_ik/build/CMakeFiles/cmake.check_cache
[1.804s] -- Symlinking: /home/kim/projects/dexchef_ws/install/grasp_kitchen_ros2/local/lib/python3.10/dist-packages/grasp_kitchen_ros2/lbot_catch/arm_api/Demo/demo_c++/lbot_fk_ik/build/CMakeFiles/lbot_fk_ik.dir/DependInfo.cmake
[1.810s] -- Symlinking: /home/kim/projects/dexchef_ws/install/grasp_kitchen_ros2/local/lib/python3.10/dist-packages/grasp_kitchen_ros2/lbot_catch/arm_api/Demo/demo_c++/lbot_fk_ik/build/CMakeFiles/lbot_fk_ik.dir/build.make
[1.815s] -- Symlinking: /home/kim/projects/dexchef_ws/install/grasp_kitchen_ros2/local/lib/python3.10/dist-packages/grasp_kitchen_ros2/lbot_catch/arm_api/Demo/demo_c++/lbot_fk_ik/build/CMakeFiles/lbot_fk_ik.dir/cmake_clean.cmake
[1.820s] -- Symlinking: /home/kim/projects/dexchef_ws/install/grasp_kitchen_ros2/local/lib/python3.10/dist-packages/grasp_kitchen_ros2/lbot_catch/arm_api/Demo/demo_c++/lbot_fk_ik/build/CMakeFiles/lbot_fk_ik.dir/compiler_depend.make
[1.826s] -- Symlinking: /home/kim/projects/dexchef_ws/install/grasp_kitchen_ros2/local/lib/python3.10/dist-packages/grasp_kitchen_ros2/lbot_catch/arm_api/Demo/demo_c++/lbot_fk_ik/build/CMakeFiles/lbot_fk_ik.dir/compiler_depend.ts
[1.831s] -- Symlinking: /home/kim/projects/dexchef_ws/install/grasp_kitchen_ros2/local/lib/python3.10/dist-packages/grasp_kitchen_ros2/lbot_catch/arm_api/Demo/demo_c++/lbot_fk_ik/build/CMakeFiles/lbot_fk_ik.dir/depend.make
[1.836s] -- Symlinking: /home/kim/projects/dexchef_ws/install/grasp_kitchen_ros2/local/lib/python3.10/dist-packages/grasp_kitchen_ros2/lbot_catch/arm_api/Demo/demo_c++/lbot_fk_ik/build/CMakeFiles/lbot_fk_ik.dir/flags.make
[1.842s] -- Symlinking: /home/kim/projects/dexchef_ws/install/grasp_kitchen_ros2/local/lib/python3.10/dist-packages/grasp_kitchen_ros2/lbot_catch/arm_api/Demo/demo_c++/lbot_fk_ik/build/CMakeFiles/lbot_fk_ik.dir/link.txt
[1.847s] -- Symlinking: /home/kim/projects/dexchef_ws/install/grasp_kitchen_ros2/local/lib/python3.10/dist-packages/grasp_kitchen_ros2/lbot_catch/arm_api/Demo/demo_c++/lbot_fk_ik/build/CMakeFiles/lbot_fk_ik.dir/progress.make
[1.852s] -- Symlinking: /home/kim/projects/dexchef_ws/install/grasp_kitchen_ros2/local/lib/python3.10/dist-packages/grasp_kitchen_ros2/lbot_catch/arm_api/Demo/demo_c++/lbot_fk_ik/build/CMakeFiles/lbot_fk_ik.dir/src/main.cpp.o
[1.857s] -- Symlinking: /home/kim/projects/dexchef_ws/install/grasp_kitchen_ros2/local/lib/python3.10/dist-packages/grasp_kitchen_ros2/lbot_catch/arm_api/Demo/demo_c++/lbot_fk_ik/build/CMakeFiles/lbot_fk_ik.dir/src/main.cpp.o.d
[1.863s] -- Symlinking: /home/kim/projects/dexchef_ws/install/grasp_kitchen_ros2/local/lib/python3.10/dist-packages/grasp_kitchen_ros2/lbot_catch/arm_api/Demo/demo_c++/lbot_fk_ik/build/CMakeFiles/progress.marks
[1.868s] -- Symlinking: /home/kim/projects/dexchef_ws/install/grasp_kitchen_ros2/local/lib/python3.10/dist-packages/grasp_kitchen_ros2/lbot_catch/arm_api/Demo/demo_c++/lbot_fk_ik/build/Makefile
[1.873s] -- Symlinking: /home/kim/projects/dexchef_ws/install/grasp_kitchen_ros2/local/lib/python3.10/dist-packages/grasp_kitchen_ros2/lbot_catch/arm_api/Demo/demo_c++/lbot_fk_ik/build/cmake_install.cmake
[1.879s] -- Symlinking: /home/kim/projects/dexchef_ws/install/grasp_kitchen_ros2/local/lib/python3.10/dist-packages/grasp_kitchen_ros2/lbot_catch/arm_api/Demo/demo_c++/lbot_fk_ik/build/lbot_fk_ik
[1.884s] -- Symlinking: /home/kim/projects/dexchef_ws/install/grasp_kitchen_ros2/local/lib/python3.10/dist-packages/grasp_kitchen_ros2/lbot_catch/arm_api/Demo/demo_c++/lbot_fk_ik/build/liblbot_api_cpp.so
[1.889s] -- Symlinking: /home/kim/projects/dexchef_ws/install/grasp_kitchen_ros2/local/lib/python3.10/dist-packages/grasp_kitchen_ros2/lbot_catch/arm_api/Demo/demo_c++/lbot_fk_ik/run.sh
[1.894s] -- Symlinking: /home/kim/projects/dexchef_ws/install/grasp_kitchen_ros2/local/lib/python3.10/dist-packages/grasp_kitchen_ros2/lbot_catch/arm_api/Demo/demo_c++/lbot_fk_ik/src/main.cpp
[1.900s] -- Symlinking: /home/kim/projects/dexchef_ws/install/grasp_kitchen_ros2/local/lib/python3.10/dist-packages/grasp_kitchen_ros2/lbot_catch/arm_api/Demo/demo_c++/lbot_frame/CMakeLists.txt
[1.905s] -- Symlinking: /home/kim/projects/dexchef_ws/install/grasp_kitchen_ros2/local/lib/python3.10/dist-packages/grasp_kitchen_ros2/lbot_catch/arm_api/Demo/demo_c++/lbot_frame/build/CMakeCache.txt
[1.929s] -- Symlinking: /home/kim/projects/dexchef_ws/install/grasp_kitchen_ros2/local/lib/python3.10/dist-packages/grasp_kitchen_ros2/lbot_catch/arm_api/Demo/demo_c++/lbot_frame/build/CMakeFiles/3.28.3/CMakeCXXCompiler.cmake
[1.936s] -- Symlinking: /home/kim/projects/dexchef_ws/install/grasp_kitchen_ros2/local/lib/python3.10/dist-packages/grasp_kitchen_ros2/lbot_catch/arm_api/Demo/demo_c++/lbot_frame/build/CMakeFiles/3.28.3/CMakeDetermineCompilerABI_CXX.bin
[1.941s] -- Symlinking: /home/kim/projects/dexchef_ws/install/grasp_kitchen_ros2/local/lib/python3.10/dist-packages/grasp_kitchen_ros2/lbot_catch/arm_api/Demo/demo_c++/lbot_frame/build/CMakeFiles/3.28.3/CMakeSystem.cmake
[1.947s] -- Symlinking: /home/kim/projects/dexchef_ws/install/grasp_kitchen_ros2/local/lib/python3.10/dist-packages/grasp_kitchen_ros2/lbot_catch/arm_api/Demo/demo_c++/lbot_frame/build/CMakeFiles/3.28.3/CompilerIdCXX/CMakeCXXCompilerId.cpp
[1.952s] -- Symlinking: /home/kim/projects/dexchef_ws/install/grasp_kitchen_ros2/local/lib/python3.10/dist-packages/grasp_kitchen_ros2/lbot_catch/arm_api/Demo/demo_c++/lbot_frame/build/CMakeFiles/3.28.3/CompilerIdCXX/a.out
[1.958s] -- Symlinking: /home/kim/projects/dexchef_ws/install/grasp_kitchen_ros2/local/lib/python3.10/dist-packages/grasp_kitchen_ros2/lbot_catch/arm_api/Demo/demo_c++/lbot_frame/build/CMakeFiles/CMakeConfigureLog.yaml
[1.964s] -- Symlinking: /home/kim/projects/dexchef_ws/install/grasp_kitchen_ros2/local/lib/python3.10/dist-packages/grasp_kitchen_ros2/lbot_catch/arm_api/Demo/demo_c++/lbot_frame/build/CMakeFiles/CMakeDirectoryInformation.cmake
[1.969s] -- Symlinking: /home/kim/projects/dexchef_ws/install/grasp_kitchen_ros2/local/lib/python3.10/dist-packages/grasp_kitchen_ros2/lbot_catch/arm_api/Demo/demo_c++/lbot_frame/build/CMakeFiles/Makefile.cmake
[1.975s] -- Symlinking: /home/kim/projects/dexchef_ws/install/grasp_kitchen_ros2/local/lib/python3.10/dist-packages/grasp_kitchen_ros2/lbot_catch/arm_api/Demo/demo_c++/lbot_frame/build/CMakeFiles/Makefile2
[1.980s] -- Symlinking: /home/kim/projects/dexchef_ws/install/grasp_kitchen_ros2/local/lib/python3.10/dist-packages/grasp_kitchen_ros2/lbot_catch/arm_api/Demo/demo_c++/lbot_frame/build/CMakeFiles/TargetDirectories.txt
[1.986s] -- Symlinking: /home/kim/projects/dexchef_ws/install/grasp_kitchen_ros2/local/lib/python3.10/dist-packages/grasp_kitchen_ros2/lbot_catch/arm_api/Demo/demo_c++/lbot_frame/build/CMakeFiles/cmake.check_cache
[1.992s] -- Symlinking: /home/kim/projects/dexchef_ws/install/grasp_kitchen_ros2/local/lib/python3.10/dist-packages/grasp_kitchen_ros2/lbot_catch/arm_api/Demo/demo_c++/lbot_frame/build/CMakeFiles/lbot_frame.dir/DependInfo.cmake
[1.997s] -- Symlinking: /home/kim/projects/dexchef_ws/install/grasp_kitchen_ros2/local/lib/python3.10/dist-packages/grasp_kitchen_ros2/lbot_catch/arm_api/Demo/demo_c++/lbot_frame/build/CMakeFiles/lbot_frame.dir/build.make
[2.003s] -- Symlinking: /home/kim/projects/dexchef_ws/install/grasp_kitchen_ros2/local/lib/python3.10/dist-packages/grasp_kitchen_ros2/lbot_catch/arm_api/Demo/demo_c++/lbot_frame/build/CMakeFiles/lbot_frame.dir/cmake_clean.cmake
[2.008s] -- Symlinking: /home/kim/projects/dexchef_ws/install/grasp_kitchen_ros2/local/lib/python3.10/dist-packages/grasp_kitchen_ros2/lbot_catch/arm_api/Demo/demo_c++/lbot_frame/build/CMakeFiles/lbot_frame.dir/compiler_depend.make
[2.013s] -- Symlinking: /home/kim/projects/dexchef_ws/install/grasp_kitchen_ros2/local/lib/python3.10/dist-packages/grasp_kitchen_ros2/lbot_catch/arm_api/Demo/demo_c++/lbot_frame/build/CMakeFiles/lbot_frame.dir/compiler_depend.ts
[2.018s] -- Symlinking: /home/kim/projects/dexchef_ws/install/grasp_kitchen_ros2/local/lib/python3.10/dist-packages/grasp_kitchen_ros2/lbot_catch/arm_api/Demo/demo_c++/lbot_frame/build/CMakeFiles/lbot_frame.dir/depend.make
[2.023s] -- Symlinking: /home/kim/projects/dexchef_ws/install/grasp_kitchen_ros2/local/lib/python3.10/dist-packages/grasp_kitchen_ros2/lbot_catch/arm_api/Demo/demo_c++/lbot_frame/build/CMakeFiles/lbot_frame.dir/flags.make
[2.029s] -- Symlinking: /home/kim/projects/dexchef_ws/install/grasp_kitchen_ros2/local/lib/python3.10/dist-packages/grasp_kitchen_ros2/lbot_catch/arm_api/Demo/demo_c++/lbot_frame/build/CMakeFiles/lbot_frame.dir/link.txt
[2.034s] -- Symlinking: /home/kim/projects/dexchef_ws/install/grasp_kitchen_ros2/local/lib/python3.10/dist-packages/grasp_kitchen_ros2/lbot_catch/arm_api/Demo/demo_c++/lbot_frame/build/CMakeFiles/lbot_frame.dir/progress.make
[2.041s] -- Symlinking: /home/kim/projects/dexchef_ws/install/grasp_kitchen_ros2/local/lib/python3.10/dist-packages/grasp_kitchen_ros2/lbot_catch/arm_api/Demo/demo_c++/lbot_frame/build/CMakeFiles/lbot_frame.dir/src/main.cpp.o
[2.046s] -- Symlinking: /home/kim/projects/dexchef_ws/install/grasp_kitchen_ros2/local/lib/python3.10/dist-packages/grasp_kitchen_ros2/lbot_catch/arm_api/Demo/demo_c++/lbot_frame/build/CMakeFiles/lbot_frame.dir/src/main.cpp.o.d
[2.051s] -- Symlinking: /home/kim/projects/dexchef_ws/install/grasp_kitchen_ros2/local/lib/python3.10/dist-packages/grasp_kitchen_ros2/lbot_catch/arm_api/Demo/demo_c++/lbot_frame/build/CMakeFiles/progress.marks
[2.057s] -- Symlinking: /home/kim/projects/dexchef_ws/install/grasp_kitchen_ros2/local/lib/python3.10/dist-packages/grasp_kitchen_ros2/lbot_catch/arm_api/Demo/demo_c++/lbot_frame/build/Makefile
[2.062s] -- Symlinking: /home/kim/projects/dexchef_ws/install/grasp_kitchen_ros2/local/lib/python3.10/dist-packages/grasp_kitchen_ros2/lbot_catch/arm_api/Demo/demo_c++/lbot_frame/build/cmake_install.cmake
[2.067s] -- Symlinking: /home/kim/projects/dexchef_ws/install/grasp_kitchen_ros2/local/lib/python3.10/dist-packages/grasp_kitchen_ros2/lbot_catch/arm_api/Demo/demo_c++/lbot_frame/build/lbot_frame
[2.073s] -- Symlinking: /home/kim/projects/dexchef_ws/install/grasp_kitchen_ros2/local/lib/python3.10/dist-packages/grasp_kitchen_ros2/lbot_catch/arm_api/Demo/demo_c++/lbot_frame/build/liblbot_api_cpp.so
[2.080s] -- Symlinking: /home/kim/projects/dexchef_ws/install/grasp_kitchen_ros2/local/lib/python3.10/dist-packages/grasp_kitchen_ros2/lbot_catch/arm_api/Demo/demo_c++/lbot_frame/run.sh
[2.085s] -- Symlinking: /home/kim/projects/dexchef_ws/install/grasp_kitchen_ros2/local/lib/python3.10/dist-packages/grasp_kitchen_ros2/lbot_catch/arm_api/Demo/demo_c++/lbot_frame/src/main.cpp
[2.091s] -- Symlinking: /home/kim/projects/dexchef_ws/install/grasp_kitchen_ros2/local/lib/python3.10/dist-packages/grasp_kitchen_ros2/lbot_catch/arm_api/Demo/demo_c++/lbot_hand/CMakeLists.txt
[2.096s] -- Symlinking: /home/kim/projects/dexchef_ws/install/grasp_kitchen_ros2/local/lib/python3.10/dist-packages/grasp_kitchen_ros2/lbot_catch/arm_api/Demo/demo_c++/lbot_hand/build/CMakeCache.txt
[2.102s] -- Symlinking: /home/kim/projects/dexchef_ws/install/grasp_kitchen_ros2/local/lib/python3.10/dist-packages/grasp_kitchen_ros2/lbot_catch/arm_api/Demo/demo_c++/lbot_hand/build/CMakeFiles/3.28.3/CMakeCXXCompiler.cmake
[2.107s] -- Symlinking: /home/kim/projects/dexchef_ws/install/grasp_kitchen_ros2/local/lib/python3.10/dist-packages/grasp_kitchen_ros2/lbot_catch/arm_api/Demo/demo_c++/lbot_hand/build/CMakeFiles/3.28.3/CMakeDetermineCompilerABI_CXX.bin
[2.112s] -- Symlinking: /home/kim/projects/dexchef_ws/install/grasp_kitchen_ros2/local/lib/python3.10/dist-packages/grasp_kitchen_ros2/lbot_catch/arm_api/Demo/demo_c++/lbot_hand/build/CMakeFiles/3.28.3/CMakeSystem.cmake
[2.117s] -- Symlinking: /home/kim/projects/dexchef_ws/install/grasp_kitchen_ros2/local/lib/python3.10/dist-packages/grasp_kitchen_ros2/lbot_catch/arm_api/Demo/demo_c++/lbot_hand/build/CMakeFiles/3.28.3/CompilerIdCXX/CMakeCXXCompilerId.cpp
[2.123s] -- Symlinking: /home/kim/projects/dexchef_ws/install/grasp_kitchen_ros2/local/lib/python3.10/dist-packages/grasp_kitchen_ros2/lbot_catch/arm_api/Demo/demo_c++/lbot_hand/build/CMakeFiles/3.28.3/CompilerIdCXX/a.out
[2.128s] -- Symlinking: /home/kim/projects/dexchef_ws/install/grasp_kitchen_ros2/local/lib/python3.10/dist-packages/grasp_kitchen_ros2/lbot_catch/arm_api/Demo/demo_c++/lbot_hand/build/CMakeFiles/CMakeConfigureLog.yaml
[2.133s] -- Symlinking: /home/kim/projects/dexchef_ws/install/grasp_kitchen_ros2/local/lib/python3.10/dist-packages/grasp_kitchen_ros2/lbot_catch/arm_api/Demo/demo_c++/lbot_hand/build/CMakeFiles/CMakeDirectoryInformation.cmake
[2.138s] -- Symlinking: /home/kim/projects/dexchef_ws/install/grasp_kitchen_ros2/local/lib/python3.10/dist-packages/grasp_kitchen_ros2/lbot_catch/arm_api/Demo/demo_c++/lbot_hand/build/CMakeFiles/Makefile.cmake
[2.144s] -- Symlinking: /home/kim/projects/dexchef_ws/install/grasp_kitchen_ros2/local/lib/python3.10/dist-packages/grasp_kitchen_ros2/lbot_catch/arm_api/Demo/demo_c++/lbot_hand/build/CMakeFiles/Makefile2
[2.149s] -- Symlinking: /home/kim/projects/dexchef_ws/install/grasp_kitchen_ros2/local/lib/python3.10/dist-packages/grasp_kitchen_ros2/lbot_catch/arm_api/Demo/demo_c++/lbot_hand/build/CMakeFiles/TargetDirectories.txt
[2.155s] -- Symlinking: /home/kim/projects/dexchef_ws/install/grasp_kitchen_ros2/local/lib/python3.10/dist-packages/grasp_kitchen_ros2/lbot_catch/arm_api/Demo/demo_c++/lbot_hand/build/CMakeFiles/cmake.check_cache
[2.161s] -- Symlinking: /home/kim/projects/dexchef_ws/install/grasp_kitchen_ros2/local/lib/python3.10/dist-packages/grasp_kitchen_ros2/lbot_catch/arm_api/Demo/demo_c++/lbot_hand/build/CMakeFiles/lbot_hand.dir/DependInfo.cmake
[2.166s] -- Symlinking: /home/kim/projects/dexchef_ws/install/grasp_kitchen_ros2/local/lib/python3.10/dist-packages/grasp_kitchen_ros2/lbot_catch/arm_api/Demo/demo_c++/lbot_hand/build/CMakeFiles/lbot_hand.dir/build.make
[2.172s] -- Symlinking: /home/kim/projects/dexchef_ws/install/grasp_kitchen_ros2/local/lib/python3.10/dist-packages/grasp_kitchen_ros2/lbot_catch/arm_api/Demo/demo_c++/lbot_hand/build/CMakeFiles/lbot_hand.dir/cmake_clean.cmake
[2.177s] -- Symlinking: /home/kim/projects/dexchef_ws/install/grasp_kitchen_ros2/local/lib/python3.10/dist-packages/grasp_kitchen_ros2/lbot_catch/arm_api/Demo/demo_c++/lbot_hand/build/CMakeFiles/lbot_hand.dir/compiler_depend.make
[2.182s] -- Symlinking: /home/kim/projects/dexchef_ws/install/grasp_kitchen_ros2/local/lib/python3.10/dist-packages/grasp_kitchen_ros2/lbot_catch/arm_api/Demo/demo_c++/lbot_hand/build/CMakeFiles/lbot_hand.dir/compiler_depend.ts
[2.188s] -- Symlinking: /home/kim/projects/dexchef_ws/install/grasp_kitchen_ros2/local/lib/python3.10/dist-packages/grasp_kitchen_ros2/lbot_catch/arm_api/Demo/demo_c++/lbot_hand/build/CMakeFiles/lbot_hand.dir/depend.make
[2.193s] -- Symlinking: /home/kim/projects/dexchef_ws/install/grasp_kitchen_ros2/local/lib/python3.10/dist-packages/grasp_kitchen_ros2/lbot_catch/arm_api/Demo/demo_c++/lbot_hand/build/CMakeFiles/lbot_hand.dir/flags.make
[2.198s] -- Symlinking: /home/kim/projects/dexchef_ws/install/grasp_kitchen_ros2/local/lib/python3.10/dist-packages/grasp_kitchen_ros2/lbot_catch/arm_api/Demo/demo_c++/lbot_hand/build/CMakeFiles/lbot_hand.dir/link.txt
[2.203s] -- Symlinking: /home/kim/projects/dexchef_ws/install/grasp_kitchen_ros2/local/lib/python3.10/dist-packages/grasp_kitchen_ros2/lbot_catch/arm_api/Demo/demo_c++/lbot_hand/build/CMakeFiles/lbot_hand.dir/progress.make
[2.209s] -- Symlinking: /home/kim/projects/dexchef_ws/install/grasp_kitchen_ros2/local/lib/python3.10/dist-packages/grasp_kitchen_ros2/lbot_catch/arm_api/Demo/demo_c++/lbot_hand/build/CMakeFiles/lbot_hand.dir/src/main.cpp.o
[2.215s] -- Symlinking: /home/kim/projects/dexchef_ws/install/grasp_kitchen_ros2/local/lib/python3.10/dist-packages/grasp_kitchen_ros2/lbot_catch/arm_api/Demo/demo_c++/lbot_hand/build/CMakeFiles/lbot_hand.dir/src/main.cpp.o.d
[2.220s] -- Symlinking: /home/kim/projects/dexchef_ws/install/grasp_kitchen_ros2/local/lib/python3.10/dist-packages/grasp_kitchen_ros2/lbot_catch/arm_api/Demo/demo_c++/lbot_hand/build/CMakeFiles/progress.marks
[2.226s] -- Symlinking: /home/kim/projects/dexchef_ws/install/grasp_kitchen_ros2/local/lib/python3.10/dist-packages/grasp_kitchen_ros2/lbot_catch/arm_api/Demo/demo_c++/lbot_hand/build/Makefile
[2.231s] -- Symlinking: /home/kim/projects/dexchef_ws/install/grasp_kitchen_ros2/local/lib/python3.10/dist-packages/grasp_kitchen_ros2/lbot_catch/arm_api/Demo/demo_c++/lbot_hand/build/cmake_install.cmake
[2.237s] -- Symlinking: /home/kim/projects/dexchef_ws/install/grasp_kitchen_ros2/local/lib/python3.10/dist-packages/grasp_kitchen_ros2/lbot_catch/arm_api/Demo/demo_c++/lbot_hand/build/lbot_hand
[2.243s] -- Symlinking: /home/kim/projects/dexchef_ws/install/grasp_kitchen_ros2/local/lib/python3.10/dist-packages/grasp_kitchen_ros2/lbot_catch/arm_api/Demo/demo_c++/lbot_hand/build/liblbot_api_cpp.so
[2.248s] -- Symlinking: /home/kim/projects/dexchef_ws/install/grasp_kitchen_ros2/local/lib/python3.10/dist-packages/grasp_kitchen_ros2/lbot_catch/arm_api/Demo/demo_c++/lbot_hand/run.sh
[2.254s] -- Symlinking: /home/kim/projects/dexchef_ws/install/grasp_kitchen_ros2/local/lib/python3.10/dist-packages/grasp_kitchen_ros2/lbot_catch/arm_api/Demo/demo_c++/lbot_hand/src/main.cpp
[2.260s] -- Symlinking: /home/kim/projects/dexchef_ws/install/grasp_kitchen_ros2/local/lib/python3.10/dist-packages/grasp_kitchen_ros2/lbot_catch/arm_api/Demo/demo_c++/lbot_move/CMakeLists.txt
[2.265s] -- Symlinking: /home/kim/projects/dexchef_ws/install/grasp_kitchen_ros2/local/lib/python3.10/dist-packages/grasp_kitchen_ros2/lbot_catch/arm_api/Demo/demo_c++/lbot_move/build/CMakeCache.txt
[2.271s] -- Symlinking: /home/kim/projects/dexchef_ws/install/grasp_kitchen_ros2/local/lib/python3.10/dist-packages/grasp_kitchen_ros2/lbot_catch/arm_api/Demo/demo_c++/lbot_move/build/CMakeFiles/3.28.3/CMakeCXXCompiler.cmake
[2.276s] -- Symlinking: /home/kim/projects/dexchef_ws/install/grasp_kitchen_ros2/local/lib/python3.10/dist-packages/grasp_kitchen_ros2/lbot_catch/arm_api/Demo/demo_c++/lbot_move/build/CMakeFiles/3.28.3/CMakeDetermineCompilerABI_CXX.bin
[2.282s] -- Symlinking: /home/kim/projects/dexchef_ws/install/grasp_kitchen_ros2/local/lib/python3.10/dist-packages/grasp_kitchen_ros2/lbot_catch/arm_api/Demo/demo_c++/lbot_move/build/CMakeFiles/3.28.3/CMakeSystem.cmake
[2.288s] -- Symlinking: /home/kim/projects/dexchef_ws/install/grasp_kitchen_ros2/local/lib/python3.10/dist-packages/grasp_kitchen_ros2/lbot_catch/arm_api/Demo/demo_c++/lbot_move/build/CMakeFiles/3.28.3/CompilerIdCXX/CMakeCXXCompilerId.cpp
[2.294s] -- Symlinking: /home/kim/projects/dexchef_ws/install/grasp_kitchen_ros2/local/lib/python3.10/dist-packages/grasp_kitchen_ros2/lbot_catch/arm_api/Demo/demo_c++/lbot_move/build/CMakeFiles/3.28.3/CompilerIdCXX/a.out
[2.299s] -- Symlinking: /home/kim/projects/dexchef_ws/install/grasp_kitchen_ros2/local/lib/python3.10/dist-packages/grasp_kitchen_ros2/lbot_catch/arm_api/Demo/demo_c++/lbot_move/build/CMakeFiles/CMakeConfigureLog.yaml
[2.304s] -- Symlinking: /home/kim/projects/dexchef_ws/install/grasp_kitchen_ros2/local/lib/python3.10/dist-packages/grasp_kitchen_ros2/lbot_catch/arm_api/Demo/demo_c++/lbot_move/build/CMakeFiles/CMakeDirectoryInformation.cmake
[2.309s] -- Symlinking: /home/kim/projects/dexchef_ws/install/grasp_kitchen_ros2/local/lib/python3.10/dist-packages/grasp_kitchen_ros2/lbot_catch/arm_api/Demo/demo_c++/lbot_move/build/CMakeFiles/Makefile.cmake
[2.314s] -- Symlinking: /home/kim/projects/dexchef_ws/install/grasp_kitchen_ros2/local/lib/python3.10/dist-packages/grasp_kitchen_ros2/lbot_catch/arm_api/Demo/demo_c++/lbot_move/build/CMakeFiles/Makefile2
[2.319s] -- Symlinking: /home/kim/projects/dexchef_ws/install/grasp_kitchen_ros2/local/lib/python3.10/dist-packages/grasp_kitchen_ros2/lbot_catch/arm_api/Demo/demo_c++/lbot_move/build/CMakeFiles/TargetDirectories.txt
[2.324s] -- Symlinking: /home/kim/projects/dexchef_ws/install/grasp_kitchen_ros2/local/lib/python3.10/dist-packages/grasp_kitchen_ros2/lbot_catch/arm_api/Demo/demo_c++/lbot_move/build/CMakeFiles/cmake.check_cache
[2.329s] -- Symlinking: /home/kim/projects/dexchef_ws/install/grasp_kitchen_ros2/local/lib/python3.10/dist-packages/grasp_kitchen_ros2/lbot_catch/arm_api/Demo/demo_c++/lbot_move/build/CMakeFiles/lbot_move.dir/DependInfo.cmake
[2.335s] -- Symlinking: /home/kim/projects/dexchef_ws/install/grasp_kitchen_ros2/local/lib/python3.10/dist-packages/grasp_kitchen_ros2/lbot_catch/arm_api/Demo/demo_c++/lbot_move/build/CMakeFiles/lbot_move.dir/build.make
[2.340s] -- Symlinking: /home/kim/projects/dexchef_ws/install/grasp_kitchen_ros2/local/lib/python3.10/dist-packages/grasp_kitchen_ros2/lbot_catch/arm_api/Demo/demo_c++/lbot_move/build/CMakeFiles/lbot_move.dir/cmake_clean.cmake
[2.346s] -- Symlinking: /home/kim/projects/dexchef_ws/install/grasp_kitchen_ros2/local/lib/python3.10/dist-packages/grasp_kitchen_ros2/lbot_catch/arm_api/Demo/demo_c++/lbot_move/build/CMakeFiles/lbot_move.dir/compiler_depend.make
[2.352s] -- Symlinking: /home/kim/projects/dexchef_ws/install/grasp_kitchen_ros2/local/lib/python3.10/dist-packages/grasp_kitchen_ros2/lbot_catch/arm_api/Demo/demo_c++/lbot_move/build/CMakeFiles/lbot_move.dir/compiler_depend.ts
[2.357s] -- Symlinking: /home/kim/projects/dexchef_ws/install/grasp_kitchen_ros2/local/lib/python3.10/dist-packages/grasp_kitchen_ros2/lbot_catch/arm_api/Demo/demo_c++/lbot_move/build/CMakeFiles/lbot_move.dir/depend.make
[2.363s] -- Symlinking: /home/kim/projects/dexchef_ws/install/grasp_kitchen_ros2/local/lib/python3.10/dist-packages/grasp_kitchen_ros2/lbot_catch/arm_api/Demo/demo_c++/lbot_move/build/CMakeFiles/lbot_move.dir/flags.make
[2.368s] -- Symlinking: /home/kim/projects/dexchef_ws/install/grasp_kitchen_ros2/local/lib/python3.10/dist-packages/grasp_kitchen_ros2/lbot_catch/arm_api/Demo/demo_c++/lbot_move/build/CMakeFiles/lbot_move.dir/link.txt
[2.373s] -- Symlinking: /home/kim/projects/dexchef_ws/install/grasp_kitchen_ros2/local/lib/python3.10/dist-packages/grasp_kitchen_ros2/lbot_catch/arm_api/Demo/demo_c++/lbot_move/build/CMakeFiles/lbot_move.dir/progress.make
[2.379s] -- Symlinking: /home/kim/projects/dexchef_ws/install/grasp_kitchen_ros2/local/lib/python3.10/dist-packages/grasp_kitchen_ros2/lbot_catch/arm_api/Demo/demo_c++/lbot_move/build/CMakeFiles/lbot_move.dir/src/main.cpp.o
[2.384s] -- Symlinking: /home/kim/projects/dexchef_ws/install/grasp_kitchen_ros2/local/lib/python3.10/dist-packages/grasp_kitchen_ros2/lbot_catch/arm_api/Demo/demo_c++/lbot_move/build/CMakeFiles/lbot_move.dir/src/main.cpp.o.d
[2.389s] -- Symlinking: /home/kim/projects/dexchef_ws/install/grasp_kitchen_ros2/local/lib/python3.10/dist-packages/grasp_kitchen_ros2/lbot_catch/arm_api/Demo/demo_c++/lbot_move/build/CMakeFiles/progress.marks
[2.395s] -- Symlinking: /home/kim/projects/dexchef_ws/install/grasp_kitchen_ros2/local/lib/python3.10/dist-packages/grasp_kitchen_ros2/lbot_catch/arm_api/Demo/demo_c++/lbot_move/build/Makefile
[2.401s] -- Symlinking: /home/kim/projects/dexchef_ws/install/grasp_kitchen_ros2/local/lib/python3.10/dist-packages/grasp_kitchen_ros2/lbot_catch/arm_api/Demo/demo_c++/lbot_move/build/cmake_install.cmake
[2.407s] -- Symlinking: /home/kim/projects/dexchef_ws/install/grasp_kitchen_ros2/local/lib/python3.10/dist-packages/grasp_kitchen_ros2/lbot_catch/arm_api/Demo/demo_c++/lbot_move/build/lbot_move
[2.412s] -- Symlinking: /home/kim/projects/dexchef_ws/install/grasp_kitchen_ros2/local/lib/python3.10/dist-packages/grasp_kitchen_ros2/lbot_catch/arm_api/Demo/demo_c++/lbot_move/build/liblbot_api_cpp.so
[2.418s] -- Symlinking: /home/kim/projects/dexchef_ws/install/grasp_kitchen_ros2/local/lib/python3.10/dist-packages/grasp_kitchen_ros2/lbot_catch/arm_api/Demo/demo_c++/lbot_move/run.sh
[2.423s] -- Symlinking: /home/kim/projects/dexchef_ws/install/grasp_kitchen_ros2/local/lib/python3.10/dist-packages/grasp_kitchen_ros2/lbot_catch/arm_api/Demo/demo_c++/lbot_move/src/main.cpp
[2.429s] -- Symlinking: /home/kim/projects/dexchef_ws/install/grasp_kitchen_ros2/local/lib/python3.10/dist-packages/grasp_kitchen_ros2/lbot_catch/arm_api/Demo/demo_c++/lbot_setting/CMakeLists.txt
[2.434s] -- Symlinking: /home/kim/projects/dexchef_ws/install/grasp_kitchen_ros2/local/lib/python3.10/dist-packages/grasp_kitchen_ros2/lbot_catch/arm_api/Demo/demo_c++/lbot_setting/build/CMakeCache.txt
[2.439s] -- Symlinking: /home/kim/projects/dexchef_ws/install/grasp_kitchen_ros2/local/lib/python3.10/dist-packages/grasp_kitchen_ros2/lbot_catch/arm_api/Demo/demo_c++/lbot_setting/build/CMakeFiles/3.28.3/CMakeCXXCompiler.cmake
[2.445s] -- Symlinking: /home/kim/projects/dexchef_ws/install/grasp_kitchen_ros2/local/lib/python3.10/dist-packages/grasp_kitchen_ros2/lbot_catch/arm_api/Demo/demo_c++/lbot_setting/build/CMakeFiles/3.28.3/CMakeDetermineCompilerABI_CXX.bin
[2.450s] -- Symlinking: /home/kim/projects/dexchef_ws/install/grasp_kitchen_ros2/local/lib/python3.10/dist-packages/grasp_kitchen_ros2/lbot_catch/arm_api/Demo/demo_c++/lbot_setting/build/CMakeFiles/3.28.3/CMakeSystem.cmake
[2.456s] -- Symlinking: /home/kim/projects/dexchef_ws/install/grasp_kitchen_ros2/local/lib/python3.10/dist-packages/grasp_kitchen_ros2/lbot_catch/arm_api/Demo/demo_c++/lbot_setting/build/CMakeFiles/3.28.3/CompilerIdCXX/CMakeCXXCompilerId.cpp
[2.462s] -- Symlinking: /home/kim/projects/dexchef_ws/install/grasp_kitchen_ros2/local/lib/python3.10/dist-packages/grasp_kitchen_ros2/lbot_catch/arm_api/Demo/demo_c++/lbot_setting/build/CMakeFiles/3.28.3/CompilerIdCXX/a.out
[2.467s] -- Symlinking: /home/kim/projects/dexchef_ws/install/grasp_kitchen_ros2/local/lib/python3.10/dist-packages/grasp_kitchen_ros2/lbot_catch/arm_api/Demo/demo_c++/lbot_setting/build/CMakeFiles/CMakeConfigureLog.yaml
[2.472s] -- Symlinking: /home/kim/projects/dexchef_ws/install/grasp_kitchen_ros2/local/lib/python3.10/dist-packages/grasp_kitchen_ros2/lbot_catch/arm_api/Demo/demo_c++/lbot_setting/build/CMakeFiles/CMakeDirectoryInformation.cmake
[2.478s] -- Symlinking: /home/kim/projects/dexchef_ws/install/grasp_kitchen_ros2/local/lib/python3.10/dist-packages/grasp_kitchen_ros2/lbot_catch/arm_api/Demo/demo_c++/lbot_setting/build/CMakeFiles/Makefile.cmake
[2.483s] -- Symlinking: /home/kim/projects/dexchef_ws/install/grasp_kitchen_ros2/local/lib/python3.10/dist-packages/grasp_kitchen_ros2/lbot_catch/arm_api/Demo/demo_c++/lbot_setting/build/CMakeFiles/Makefile2
[2.488s] -- Symlinking: /home/kim/projects/dexchef_ws/install/grasp_kitchen_ros2/local/lib/python3.10/dist-packages/grasp_kitchen_ros2/lbot_catch/arm_api/Demo/demo_c++/lbot_setting/build/CMakeFiles/TargetDirectories.txt
[2.493s] -- Symlinking: /home/kim/projects/dexchef_ws/install/grasp_kitchen_ros2/local/lib/python3.10/dist-packages/grasp_kitchen_ros2/lbot_catch/arm_api/Demo/demo_c++/lbot_setting/build/CMakeFiles/cmake.check_cache
[2.499s] -- Symlinking: /home/kim/projects/dexchef_ws/install/grasp_kitchen_ros2/local/lib/python3.10/dist-packages/grasp_kitchen_ros2/lbot_catch/arm_api/Demo/demo_c++/lbot_setting/build/CMakeFiles/lbot_setting.dir/DependInfo.cmake
[2.504s] -- Symlinking: /home/kim/projects/dexchef_ws/install/grasp_kitchen_ros2/local/lib/python3.10/dist-packages/grasp_kitchen_ros2/lbot_catch/arm_api/Demo/demo_c++/lbot_setting/build/CMakeFiles/lbot_setting.dir/build.make
[2.509s] -- Symlinking: /home/kim/projects/dexchef_ws/install/grasp_kitchen_ros2/local/lib/python3.10/dist-packages/grasp_kitchen_ros2/lbot_catch/arm_api/Demo/demo_c++/lbot_setting/build/CMakeFiles/lbot_setting.dir/cmake_clean.cmake
[2.514s] -- Symlinking: /home/kim/projects/dexchef_ws/install/grasp_kitchen_ros2/local/lib/python3.10/dist-packages/grasp_kitchen_ros2/lbot_catch/arm_api/Demo/demo_c++/lbot_setting/build/CMakeFiles/lbot_setting.dir/compiler_depend.make
[2.519s] -- Symlinking: /home/kim/projects/dexchef_ws/install/grasp_kitchen_ros2/local/lib/python3.10/dist-packages/grasp_kitchen_ros2/lbot_catch/arm_api/Demo/demo_c++/lbot_setting/build/CMakeFiles/lbot_setting.dir/compiler_depend.ts
[2.525s] -- Symlinking: /home/kim/projects/dexchef_ws/install/grasp_kitchen_ros2/local/lib/python3.10/dist-packages/grasp_kitchen_ros2/lbot_catch/arm_api/Demo/demo_c++/lbot_setting/build/CMakeFiles/lbot_setting.dir/depend.make
[2.530s] -- Symlinking: /home/kim/projects/dexchef_ws/install/grasp_kitchen_ros2/local/lib/python3.10/dist-packages/grasp_kitchen_ros2/lbot_catch/arm_api/Demo/demo_c++/lbot_setting/build/CMakeFiles/lbot_setting.dir/flags.make
[2.535s] -- Symlinking: /home/kim/projects/dexchef_ws/install/grasp_kitchen_ros2/local/lib/python3.10/dist-packages/grasp_kitchen_ros2/lbot_catch/arm_api/Demo/demo_c++/lbot_setting/build/CMakeFiles/lbot_setting.dir/link.txt
[2.541s] -- Symlinking: /home/kim/projects/dexchef_ws/install/grasp_kitchen_ros2/local/lib/python3.10/dist-packages/grasp_kitchen_ros2/lbot_catch/arm_api/Demo/demo_c++/lbot_setting/build/CMakeFiles/lbot_setting.dir/progress.make
[2.546s] -- Symlinking: /home/kim/projects/dexchef_ws/install/grasp_kitchen_ros2/local/lib/python3.10/dist-packages/grasp_kitchen_ros2/lbot_catch/arm_api/Demo/demo_c++/lbot_setting/build/CMakeFiles/lbot_setting.dir/src/main.cpp.o
[2.552s] -- Symlinking: /home/kim/projects/dexchef_ws/install/grasp_kitchen_ros2/local/lib/python3.10/dist-packages/grasp_kitchen_ros2/lbot_catch/arm_api/Demo/demo_c++/lbot_setting/build/CMakeFiles/lbot_setting.dir/src/main.cpp.o.d
[2.557s] -- Symlinking: /home/kim/projects/dexchef_ws/install/grasp_kitchen_ros2/local/lib/python3.10/dist-packages/grasp_kitchen_ros2/lbot_catch/arm_api/Demo/demo_c++/lbot_setting/build/CMakeFiles/progress.marks
[2.562s] -- Symlinking: /home/kim/projects/dexchef_ws/install/grasp_kitchen_ros2/local/lib/python3.10/dist-packages/grasp_kitchen_ros2/lbot_catch/arm_api/Demo/demo_c++/lbot_setting/build/Makefile
[2.567s] -- Symlinking: /home/kim/projects/dexchef_ws/install/grasp_kitchen_ros2/local/lib/python3.10/dist-packages/grasp_kitchen_ros2/lbot_catch/arm_api/Demo/demo_c++/lbot_setting/build/cmake_install.cmake
[2.573s] -- Symlinking: /home/kim/projects/dexchef_ws/install/grasp_kitchen_ros2/local/lib/python3.10/dist-packages/grasp_kitchen_ros2/lbot_catch/arm_api/Demo/demo_c++/lbot_setting/build/lbot_setting
[2.578s] -- Symlinking: /home/kim/projects/dexchef_ws/install/grasp_kitchen_ros2/local/lib/python3.10/dist-packages/grasp_kitchen_ros2/lbot_catch/arm_api/Demo/demo_c++/lbot_setting/build/liblbot_api_cpp.so
[2.583s] -- Symlinking: /home/kim/projects/dexchef_ws/install/grasp_kitchen_ros2/local/lib/python3.10/dist-packages/grasp_kitchen_ros2/lbot_catch/arm_api/Demo/demo_c++/lbot_setting/run.sh
[2.589s] -- Symlinking: /home/kim/projects/dexchef_ws/install/grasp_kitchen_ros2/local/lib/python3.10/dist-packages/grasp_kitchen_ros2/lbot_catch/arm_api/Demo/demo_c++/lbot_setting/src/main.cpp
[2.595s] -- Symlinking: /home/kim/projects/dexchef_ws/install/grasp_kitchen_ros2/local/lib/python3.10/dist-packages/grasp_kitchen_ros2/lbot_catch/arm_api/Demo/demo_c/lbot_fk_ik/CMakeLists.txt
[2.601s] -- Symlinking: /home/kim/projects/dexchef_ws/install/grasp_kitchen_ros2/local/lib/python3.10/dist-packages/grasp_kitchen_ros2/lbot_catch/arm_api/Demo/demo_c/lbot_fk_ik/build/CMakeCache.txt
[2.606s] -- Symlinking: /home/kim/projects/dexchef_ws/install/grasp_kitchen_ros2/local/lib/python3.10/dist-packages/grasp_kitchen_ros2/lbot_catch/arm_api/Demo/demo_c/lbot_fk_ik/build/CMakeFiles/3.28.3/CMakeCCompiler.cmake
[2.612s] -- Symlinking: /home/kim/projects/dexchef_ws/install/grasp_kitchen_ros2/local/lib/python3.10/dist-packages/grasp_kitchen_ros2/lbot_catch/arm_api/Demo/demo_c/lbot_fk_ik/build/CMakeFiles/3.28.3/CMakeCXXCompiler.cmake
[2.617s] -- Symlinking: /home/kim/projects/dexchef_ws/install/grasp_kitchen_ros2/local/lib/python3.10/dist-packages/grasp_kitchen_ros2/lbot_catch/arm_api/Demo/demo_c/lbot_fk_ik/build/CMakeFiles/3.28.3/CMakeDetermineCompilerABI_C.bin
[2.623s] -- Symlinking: /home/kim/projects/dexchef_ws/install/grasp_kitchen_ros2/local/lib/python3.10/dist-packages/grasp_kitchen_ros2/lbot_catch/arm_api/Demo/demo_c/lbot_fk_ik/build/CMakeFiles/3.28.3/CMakeDetermineCompilerABI_CXX.bin
[2.628s] -- Symlinking: /home/kim/projects/dexchef_ws/install/grasp_kitchen_ros2/local/lib/python3.10/dist-packages/grasp_kitchen_ros2/lbot_catch/arm_api/Demo/demo_c/lbot_fk_ik/build/CMakeFiles/3.28.3/CMakeSystem.cmake
[2.634s] -- Symlinking: /home/kim/projects/dexchef_ws/install/grasp_kitchen_ros2/local/lib/python3.10/dist-packages/grasp_kitchen_ros2/lbot_catch/arm_api/Demo/demo_c/lbot_fk_ik/build/CMakeFiles/3.28.3/CompilerIdC/CMakeCCompilerId.c
[2.639s] -- Symlinking: /home/kim/projects/dexchef_ws/install/grasp_kitchen_ros2/local/lib/python3.10/dist-packages/grasp_kitchen_ros2/lbot_catch/arm_api/Demo/demo_c/lbot_fk_ik/build/CMakeFiles/3.28.3/CompilerIdC/a.out
[2.644s] -- Symlinking: /home/kim/projects/dexchef_ws/install/grasp_kitchen_ros2/local/lib/python3.10/dist-packages/grasp_kitchen_ros2/lbot_catch/arm_api/Demo/demo_c/lbot_fk_ik/build/CMakeFiles/3.28.3/CompilerIdCXX/CMakeCXXCompilerId.cpp
[2.649s] -- Symlinking: /home/kim/projects/dexchef_ws/install/grasp_kitchen_ros2/local/lib/python3.10/dist-packages/grasp_kitchen_ros2/lbot_catch/arm_api/Demo/demo_c/lbot_fk_ik/build/CMakeFiles/3.28.3/CompilerIdCXX/a.out
[2.655s] -- Symlinking: /home/kim/projects/dexchef_ws/install/grasp_kitchen_ros2/local/lib/python3.10/dist-packages/grasp_kitchen_ros2/lbot_catch/arm_api/Demo/demo_c/lbot_fk_ik/build/CMakeFiles/CMakeConfigureLog.yaml
[2.661s] -- Symlinking: /home/kim/projects/dexchef_ws/install/grasp_kitchen_ros2/local/lib/python3.10/dist-packages/grasp_kitchen_ros2/lbot_catch/arm_api/Demo/demo_c/lbot_fk_ik/build/CMakeFiles/CMakeDirectoryInformation.cmake
[2.667s] -- Symlinking: /home/kim/projects/dexchef_ws/install/grasp_kitchen_ros2/local/lib/python3.10/dist-packages/grasp_kitchen_ros2/lbot_catch/arm_api/Demo/demo_c/lbot_fk_ik/build/CMakeFiles/Makefile.cmake
[2.672s] -- Symlinking: /home/kim/projects/dexchef_ws/install/grasp_kitchen_ros2/local/lib/python3.10/dist-packages/grasp_kitchen_ros2/lbot_catch/arm_api/Demo/demo_c/lbot_fk_ik/build/CMakeFiles/Makefile2
[2.677s] -- Symlinking: /home/kim/projects/dexchef_ws/install/grasp_kitchen_ros2/local/lib/python3.10/dist-packages/grasp_kitchen_ros2/lbot_catch/arm_api/Demo/demo_c/lbot_fk_ik/build/CMakeFiles/TargetDirectories.txt
[2.682s] -- Symlinking: /home/kim/projects/dexchef_ws/install/grasp_kitchen_ros2/local/lib/python3.10/dist-packages/grasp_kitchen_ros2/lbot_catch/arm_api/Demo/demo_c/lbot_fk_ik/build/CMakeFiles/cmake.check_cache
[2.688s] -- Symlinking: /home/kim/projects/dexchef_ws/install/grasp_kitchen_ros2/local/lib/python3.10/dist-packages/grasp_kitchen_ros2/lbot_catch/arm_api/Demo/demo_c/lbot_fk_ik/build/CMakeFiles/lbot_fk_ik.dir/DependInfo.cmake
[2.693s] -- Symlinking: /home/kim/projects/dexchef_ws/install/grasp_kitchen_ros2/local/lib/python3.10/dist-packages/grasp_kitchen_ros2/lbot_catch/arm_api/Demo/demo_c/lbot_fk_ik/build/CMakeFiles/lbot_fk_ik.dir/build.make
[2.698s] -- Symlinking: /home/kim/projects/dexchef_ws/install/grasp_kitchen_ros2/local/lib/python3.10/dist-packages/grasp_kitchen_ros2/lbot_catch/arm_api/Demo/demo_c/lbot_fk_ik/build/CMakeFiles/lbot_fk_ik.dir/cmake_clean.cmake
[2.703s] -- Symlinking: /home/kim/projects/dexchef_ws/install/grasp_kitchen_ros2/local/lib/python3.10/dist-packages/grasp_kitchen_ros2/lbot_catch/arm_api/Demo/demo_c/lbot_fk_ik/build/CMakeFiles/lbot_fk_ik.dir/compiler_depend.make
[2.709s] -- Symlinking: /home/kim/projects/dexchef_ws/install/grasp_kitchen_ros2/local/lib/python3.10/dist-packages/grasp_kitchen_ros2/lbot_catch/arm_api/Demo/demo_c/lbot_fk_ik/build/CMakeFiles/lbot_fk_ik.dir/compiler_depend.ts
[2.714s] -- Symlinking: /home/kim/projects/dexchef_ws/install/grasp_kitchen_ros2/local/lib/python3.10/dist-packages/grasp_kitchen_ros2/lbot_catch/arm_api/Demo/demo_c/lbot_fk_ik/build/CMakeFiles/lbot_fk_ik.dir/depend.make
[2.719s] -- Symlinking: /home/kim/projects/dexchef_ws/install/grasp_kitchen_ros2/local/lib/python3.10/dist-packages/grasp_kitchen_ros2/lbot_catch/arm_api/Demo/demo_c/lbot_fk_ik/build/CMakeFiles/lbot_fk_ik.dir/flags.make
[2.724s] -- Symlinking: /home/kim/projects/dexchef_ws/install/grasp_kitchen_ros2/local/lib/python3.10/dist-packages/grasp_kitchen_ros2/lbot_catch/arm_api/Demo/demo_c/lbot_fk_ik/build/CMakeFiles/lbot_fk_ik.dir/link.txt
[2.730s] -- Symlinking: /home/kim/projects/dexchef_ws/install/grasp_kitchen_ros2/local/lib/python3.10/dist-packages/grasp_kitchen_ros2/lbot_catch/arm_api/Demo/demo_c/lbot_fk_ik/build/CMakeFiles/lbot_fk_ik.dir/progress.make
[2.735s] -- Symlinking: /home/kim/projects/dexchef_ws/install/grasp_kitchen_ros2/local/lib/python3.10/dist-packages/grasp_kitchen_ros2/lbot_catch/arm_api/Demo/demo_c/lbot_fk_ik/build/CMakeFiles/lbot_fk_ik.dir/src/main.c.o
[2.741s] -- Symlinking: /home/kim/projects/dexchef_ws/install/grasp_kitchen_ros2/local/lib/python3.10/dist-packages/grasp_kitchen_ros2/lbot_catch/arm_api/Demo/demo_c/lbot_fk_ik/build/CMakeFiles/lbot_fk_ik.dir/src/main.c.o.d
[2.746s] -- Symlinking: /home/kim/projects/dexchef_ws/install/grasp_kitchen_ros2/local/lib/python3.10/dist-packages/grasp_kitchen_ros2/lbot_catch/arm_api/Demo/demo_c/lbot_fk_ik/build/CMakeFiles/progress.marks
[2.752s] -- Symlinking: /home/kim/projects/dexchef_ws/install/grasp_kitchen_ros2/local/lib/python3.10/dist-packages/grasp_kitchen_ros2/lbot_catch/arm_api/Demo/demo_c/lbot_fk_ik/build/Makefile
[2.757s] -- Symlinking: /home/kim/projects/dexchef_ws/install/grasp_kitchen_ros2/local/lib/python3.10/dist-packages/grasp_kitchen_ros2/lbot_catch/arm_api/Demo/demo_c/lbot_fk_ik/build/cmake_install.cmake
[2.762s] -- Symlinking: /home/kim/projects/dexchef_ws/install/grasp_kitchen_ros2/local/lib/python3.10/dist-packages/grasp_kitchen_ros2/lbot_catch/arm_api/Demo/demo_c/lbot_fk_ik/build/lbot_fk_ik
[2.768s] -- Symlinking: /home/kim/projects/dexchef_ws/install/grasp_kitchen_ros2/local/lib/python3.10/dist-packages/grasp_kitchen_ros2/lbot_catch/arm_api/Demo/demo_c/lbot_fk_ik/build/liblbot_api.so
[2.773s] -- Symlinking: /home/kim/projects/dexchef_ws/install/grasp_kitchen_ros2/local/lib/python3.10/dist-packages/grasp_kitchen_ros2/lbot_catch/arm_api/Demo/demo_c/lbot_fk_ik/readme.md
[2.779s] -- Symlinking: /home/kim/projects/dexchef_ws/install/grasp_kitchen_ros2/local/lib/python3.10/dist-packages/grasp_kitchen_ros2/lbot_catch/arm_api/Demo/demo_c/lbot_fk_ik/run.sh
[2.785s] -- Symlinking: /home/kim/projects/dexchef_ws/install/grasp_kitchen_ros2/local/lib/python3.10/dist-packages/grasp_kitchen_ros2/lbot_catch/arm_api/Demo/demo_c/lbot_fk_ik/src/main.c
[2.790s] -- Symlinking: /home/kim/projects/dexchef_ws/install/grasp_kitchen_ros2/local/lib/python3.10/dist-packages/grasp_kitchen_ros2/lbot_catch/arm_api/Demo/demo_c/lbot_frame/CMakeLists.txt
[2.796s] -- Symlinking: /home/kim/projects/dexchef_ws/install/grasp_kitchen_ros2/local/lib/python3.10/dist-packages/grasp_kitchen_ros2/lbot_catch/arm_api/Demo/demo_c/lbot_frame/build/CMakeCache.txt
[2.802s] -- Symlinking: /home/kim/projects/dexchef_ws/install/grasp_kitchen_ros2/local/lib/python3.10/dist-packages/grasp_kitchen_ros2/lbot_catch/arm_api/Demo/demo_c/lbot_frame/build/CMakeFiles/3.28.3/CMakeCCompiler.cmake
[2.807s] -- Symlinking: /home/kim/projects/dexchef_ws/install/grasp_kitchen_ros2/local/lib/python3.10/dist-packages/grasp_kitchen_ros2/lbot_catch/arm_api/Demo/demo_c/lbot_frame/build/CMakeFiles/3.28.3/CMakeCXXCompiler.cmake
[2.812s] -- Symlinking: /home/kim/projects/dexchef_ws/install/grasp_kitchen_ros2/local/lib/python3.10/dist-packages/grasp_kitchen_ros2/lbot_catch/arm_api/Demo/demo_c/lbot_frame/build/CMakeFiles/3.28.3/CMakeDetermineCompilerABI_C.bin
[2.818s] -- Symlinking: /home/kim/projects/dexchef_ws/install/grasp_kitchen_ros2/local/lib/python3.10/dist-packages/grasp_kitchen_ros2/lbot_catch/arm_api/Demo/demo_c/lbot_frame/build/CMakeFiles/3.28.3/CMakeDetermineCompilerABI_CXX.bin
[2.823s] -- Symlinking: /home/kim/projects/dexchef_ws/install/grasp_kitchen_ros2/local/lib/python3.10/dist-packages/grasp_kitchen_ros2/lbot_catch/arm_api/Demo/demo_c/lbot_frame/build/CMakeFiles/3.28.3/CMakeSystem.cmake
[2.828s] -- Symlinking: /home/kim/projects/dexchef_ws/install/grasp_kitchen_ros2/local/lib/python3.10/dist-packages/grasp_kitchen_ros2/lbot_catch/arm_api/Demo/demo_c/lbot_frame/build/CMakeFiles/3.28.3/CompilerIdC/CMakeCCompilerId.c
[2.834s] -- Symlinking: /home/kim/projects/dexchef_ws/install/grasp_kitchen_ros2/local/lib/python3.10/dist-packages/grasp_kitchen_ros2/lbot_catch/arm_api/Demo/demo_c/lbot_frame/build/CMakeFiles/3.28.3/CompilerIdC/a.out
[2.839s] -- Symlinking: /home/kim/projects/dexchef_ws/install/grasp_kitchen_ros2/local/lib/python3.10/dist-packages/grasp_kitchen_ros2/lbot_catch/arm_api/Demo/demo_c/lbot_frame/build/CMakeFiles/3.28.3/CompilerIdCXX/CMakeCXXCompilerId.cpp
[2.844s] -- Symlinking: /home/kim/projects/dexchef_ws/install/grasp_kitchen_ros2/local/lib/python3.10/dist-packages/grasp_kitchen_ros2/lbot_catch/arm_api/Demo/demo_c/lbot_frame/build/CMakeFiles/3.28.3/CompilerIdCXX/a.out
[2.849s] -- Symlinking: /home/kim/projects/dexchef_ws/install/grasp_kitchen_ros2/local/lib/python3.10/dist-packages/grasp_kitchen_ros2/lbot_catch/arm_api/Demo/demo_c/lbot_frame/build/CMakeFiles/CMakeConfigureLog.yaml
[2.855s] -- Symlinking: /home/kim/projects/dexchef_ws/install/grasp_kitchen_ros2/local/lib/python3.10/dist-packages/grasp_kitchen_ros2/lbot_catch/arm_api/Demo/demo_c/lbot_frame/build/CMakeFiles/CMakeDirectoryInformation.cmake
[2.860s] -- Symlinking: /home/kim/projects/dexchef_ws/install/grasp_kitchen_ros2/local/lib/python3.10/dist-packages/grasp_kitchen_ros2/lbot_catch/arm_api/Demo/demo_c/lbot_frame/build/CMakeFiles/Makefile.cmake
[2.866s] -- Symlinking: /home/kim/projects/dexchef_ws/install/grasp_kitchen_ros2/local/lib/python3.10/dist-packages/grasp_kitchen_ros2/lbot_catch/arm_api/Demo/demo_c/lbot_frame/build/CMakeFiles/Makefile2
[2.871s] -- Symlinking: /home/kim/projects/dexchef_ws/install/grasp_kitchen_ros2/local/lib/python3.10/dist-packages/grasp_kitchen_ros2/lbot_catch/arm_api/Demo/demo_c/lbot_frame/build/CMakeFiles/TargetDirectories.txt
[2.876s] -- Symlinking: /home/kim/projects/dexchef_ws/install/grasp_kitchen_ros2/local/lib/python3.10/dist-packages/grasp_kitchen_ros2/lbot_catch/arm_api/Demo/demo_c/lbot_frame/build/CMakeFiles/cmake.check_cache
[2.882s] -- Symlinking: /home/kim/projects/dexchef_ws/install/grasp_kitchen_ros2/local/lib/python3.10/dist-packages/grasp_kitchen_ros2/lbot_catch/arm_api/Demo/demo_c/lbot_frame/build/CMakeFiles/lbot_frame.dir/DependInfo.cmake
[2.887s] -- Symlinking: /home/kim/projects/dexchef_ws/install/grasp_kitchen_ros2/local/lib/python3.10/dist-packages/grasp_kitchen_ros2/lbot_catch/arm_api/Demo/demo_c/lbot_frame/build/CMakeFiles/lbot_frame.dir/build.make
[2.893s] -- Symlinking: /home/kim/projects/dexchef_ws/install/grasp_kitchen_ros2/local/lib/python3.10/dist-packages/grasp_kitchen_ros2/lbot_catch/arm_api/Demo/demo_c/lbot_frame/build/CMakeFiles/lbot_frame.dir/cmake_clean.cmake
[2.898s] -- Symlinking: /home/kim/projects/dexchef_ws/install/grasp_kitchen_ros2/local/lib/python3.10/dist-packages/grasp_kitchen_ros2/lbot_catch/arm_api/Demo/demo_c/lbot_frame/build/CMakeFiles/lbot_frame.dir/compiler_depend.make
[2.903s] -- Symlinking: /home/kim/projects/dexchef_ws/install/grasp_kitchen_ros2/local/lib/python3.10/dist-packages/grasp_kitchen_ros2/lbot_catch/arm_api/Demo/demo_c/lbot_frame/build/CMakeFiles/lbot_frame.dir/compiler_depend.ts
[2.908s] -- Symlinking: /home/kim/projects/dexchef_ws/install/grasp_kitchen_ros2/local/lib/python3.10/dist-packages/grasp_kitchen_ros2/lbot_catch/arm_api/Demo/demo_c/lbot_frame/build/CMakeFiles/lbot_frame.dir/depend.make
[2.913s] -- Symlinking: /home/kim/projects/dexchef_ws/install/grasp_kitchen_ros2/local/lib/python3.10/dist-packages/grasp_kitchen_ros2/lbot_catch/arm_api/Demo/demo_c/lbot_frame/build/CMakeFiles/lbot_frame.dir/flags.make
[2.918s] -- Symlinking: /home/kim/projects/dexchef_ws/install/grasp_kitchen_ros2/local/lib/python3.10/dist-packages/grasp_kitchen_ros2/lbot_catch/arm_api/Demo/demo_c/lbot_frame/build/CMakeFiles/lbot_frame.dir/link.txt
[2.924s] -- Symlinking: /home/kim/projects/dexchef_ws/install/grasp_kitchen_ros2/local/lib/python3.10/dist-packages/grasp_kitchen_ros2/lbot_catch/arm_api/Demo/demo_c/lbot_frame/build/CMakeFiles/lbot_frame.dir/progress.make
[2.929s] -- Symlinking: /home/kim/projects/dexchef_ws/install/grasp_kitchen_ros2/local/lib/python3.10/dist-packages/grasp_kitchen_ros2/lbot_catch/arm_api/Demo/demo_c/lbot_frame/build/CMakeFiles/lbot_frame.dir/src/main.c.o
[2.934s] -- Symlinking: /home/kim/projects/dexchef_ws/install/grasp_kitchen_ros2/local/lib/python3.10/dist-packages/grasp_kitchen_ros2/lbot_catch/arm_api/Demo/demo_c/lbot_frame/build/CMakeFiles/lbot_frame.dir/src/main.c.o.d
[2.939s] -- Symlinking: /home/kim/projects/dexchef_ws/install/grasp_kitchen_ros2/local/lib/python3.10/dist-packages/grasp_kitchen_ros2/lbot_catch/arm_api/Demo/demo_c/lbot_frame/build/CMakeFiles/progress.marks
[2.944s] -- Symlinking: /home/kim/projects/dexchef_ws/install/grasp_kitchen_ros2/local/lib/python3.10/dist-packages/grasp_kitchen_ros2/lbot_catch/arm_api/Demo/demo_c/lbot_frame/build/Makefile
[2.950s] -- Symlinking: /home/kim/projects/dexchef_ws/install/grasp_kitchen_ros2/local/lib/python3.10/dist-packages/grasp_kitchen_ros2/lbot_catch/arm_api/Demo/demo_c/lbot_frame/build/cmake_install.cmake
[2.955s] -- Symlinking: /home/kim/projects/dexchef_ws/install/grasp_kitchen_ros2/local/lib/python3.10/dist-packages/grasp_kitchen_ros2/lbot_catch/arm_api/Demo/demo_c/lbot_frame/build/lbot_frame
[2.961s] -- Symlinking: /home/kim/projects/dexchef_ws/install/grasp_kitchen_ros2/local/lib/python3.10/dist-packages/grasp_kitchen_ros2/lbot_catch/arm_api/Demo/demo_c/lbot_frame/build/liblbot_api.so
[2.966s] -- Symlinking: /home/kim/projects/dexchef_ws/install/grasp_kitchen_ros2/local/lib/python3.10/dist-packages/grasp_kitchen_ros2/lbot_catch/arm_api/Demo/demo_c/lbot_frame/readme.md
[2.972s] -- Symlinking: /home/kim/projects/dexchef_ws/install/grasp_kitchen_ros2/local/lib/python3.10/dist-packages/grasp_kitchen_ros2/lbot_catch/arm_api/Demo/demo_c/lbot_frame/run.sh
[2.977s] -- Symlinking: /home/kim/projects/dexchef_ws/install/grasp_kitchen_ros2/local/lib/python3.10/dist-packages/grasp_kitchen_ros2/lbot_catch/arm_api/Demo/demo_c/lbot_frame/src/main.c
[2.982s] -- Symlinking: /home/kim/projects/dexchef_ws/install/grasp_kitchen_ros2/local/lib/python3.10/dist-packages/grasp_kitchen_ros2/lbot_catch/arm_api/Demo/demo_c/lbot_hand/CMakeLists.txt
[2.988s] -- Symlinking: /home/kim/projects/dexchef_ws/install/grasp_kitchen_ros2/local/lib/python3.10/dist-packages/grasp_kitchen_ros2/lbot_catch/arm_api/Demo/demo_c/lbot_hand/build/CMakeCache.txt
[2.993s] -- Symlinking: /home/kim/projects/dexchef_ws/install/grasp_kitchen_ros2/local/lib/python3.10/dist-packages/grasp_kitchen_ros2/lbot_catch/arm_api/Demo/demo_c/lbot_hand/build/CMakeFiles/3.28.3/CMakeCCompiler.cmake
[2.998s] -- Symlinking: /home/kim/projects/dexchef_ws/install/grasp_kitchen_ros2/local/lib/python3.10/dist-packages/grasp_kitchen_ros2/lbot_catch/arm_api/Demo/demo_c/lbot_hand/build/CMakeFiles/3.28.3/CMakeCXXCompiler.cmake
[3.004s] -- Symlinking: /home/kim/projects/dexchef_ws/install/grasp_kitchen_ros2/local/lib/python3.10/dist-packages/grasp_kitchen_ros2/lbot_catch/arm_api/Demo/demo_c/lbot_hand/build/CMakeFiles/3.28.3/CMakeDetermineCompilerABI_C.bin
[3.009s] -- Symlinking: /home/kim/projects/dexchef_ws/install/grasp_kitchen_ros2/local/lib/python3.10/dist-packages/grasp_kitchen_ros2/lbot_catch/arm_api/Demo/demo_c/lbot_hand/build/CMakeFiles/3.28.3/CMakeDetermineCompilerABI_CXX.bin
[3.014s] -- Symlinking: /home/kim/projects/dexchef_ws/install/grasp_kitchen_ros2/local/lib/python3.10/dist-packages/grasp_kitchen_ros2/lbot_catch/arm_api/Demo/demo_c/lbot_hand/build/CMakeFiles/3.28.3/CMakeSystem.cmake
[3.020s] -- Symlinking: /home/kim/projects/dexchef_ws/install/grasp_kitchen_ros2/local/lib/python3.10/dist-packages/grasp_kitchen_ros2/lbot_catch/arm_api/Demo/demo_c/lbot_hand/build/CMakeFiles/3.28.3/CompilerIdC/CMakeCCompilerId.c
[3.025s] -- Symlinking: /home/kim/projects/dexchef_ws/install/grasp_kitchen_ros2/local/lib/python3.10/dist-packages/grasp_kitchen_ros2/lbot_catch/arm_api/Demo/demo_c/lbot_hand/build/CMakeFiles/3.28.3/CompilerIdC/a.out
[3.030s] -- Symlinking: /home/kim/projects/dexchef_ws/install/grasp_kitchen_ros2/local/lib/python3.10/dist-packages/grasp_kitchen_ros2/lbot_catch/arm_api/Demo/demo_c/lbot_hand/build/CMakeFiles/3.28.3/CompilerIdCXX/CMakeCXXCompilerId.cpp
[3.035s] -- Symlinking: /home/kim/projects/dexchef_ws/install/grasp_kitchen_ros2/local/lib/python3.10/dist-packages/grasp_kitchen_ros2/lbot_catch/arm_api/Demo/demo_c/lbot_hand/build/CMakeFiles/3.28.3/CompilerIdCXX/a.out
[3.041s] -- Symlinking: /home/kim/projects/dexchef_ws/install/grasp_kitchen_ros2/local/lib/python3.10/dist-packages/grasp_kitchen_ros2/lbot_catch/arm_api/Demo/demo_c/lbot_hand/build/CMakeFiles/CMakeConfigureLog.yaml
[3.046s] -- Symlinking: /home/kim/projects/dexchef_ws/install/grasp_kitchen_ros2/local/lib/python3.10/dist-packages/grasp_kitchen_ros2/lbot_catch/arm_api/Demo/demo_c/lbot_hand/build/CMakeFiles/CMakeDirectoryInformation.cmake
[3.052s] -- Symlinking: /home/kim/projects/dexchef_ws/install/grasp_kitchen_ros2/local/lib/python3.10/dist-packages/grasp_kitchen_ros2/lbot_catch/arm_api/Demo/demo_c/lbot_hand/build/CMakeFiles/Makefile.cmake
[3.057s] -- Symlinking: /home/kim/projects/dexchef_ws/install/grasp_kitchen_ros2/local/lib/python3.10/dist-packages/grasp_kitchen_ros2/lbot_catch/arm_api/Demo/demo_c/lbot_hand/build/CMakeFiles/Makefile2
[3.063s] -- Symlinking: /home/kim/projects/dexchef_ws/install/grasp_kitchen_ros2/local/lib/python3.10/dist-packages/grasp_kitchen_ros2/lbot_catch/arm_api/Demo/demo_c/lbot_hand/build/CMakeFiles/TargetDirectories.txt
[3.068s] -- Symlinking: /home/kim/projects/dexchef_ws/install/grasp_kitchen_ros2/local/lib/python3.10/dist-packages/grasp_kitchen_ros2/lbot_catch/arm_api/Demo/demo_c/lbot_hand/build/CMakeFiles/cmake.check_cache
[3.093s] -- Symlinking: /home/kim/projects/dexchef_ws/install/grasp_kitchen_ros2/local/lib/python3.10/dist-packages/grasp_kitchen_ros2/lbot_catch/arm_api/Demo/demo_c/lbot_hand/build/CMakeFiles/lbot_hand.dir/DependInfo.cmake
[3.094s] -- Symlinking: /home/kim/projects/dexchef_ws/install/grasp_kitchen_ros2/local/lib/python3.10/dist-packages/grasp_kitchen_ros2/lbot_catch/arm_api/Demo/demo_c/lbot_hand/build/CMakeFiles/lbot_hand.dir/build.make
[3.100s] -- Symlinking: /home/kim/projects/dexchef_ws/install/grasp_kitchen_ros2/local/lib/python3.10/dist-packages/grasp_kitchen_ros2/lbot_catch/arm_api/Demo/demo_c/lbot_hand/build/CMakeFiles/lbot_hand.dir/cmake_clean.cmake
[3.106s] -- Symlinking: /home/kim/projects/dexchef_ws/install/grasp_kitchen_ros2/local/lib/python3.10/dist-packages/grasp_kitchen_ros2/lbot_catch/arm_api/Demo/demo_c/lbot_hand/build/CMakeFiles/lbot_hand.dir/compiler_depend.make
[3.111s] -- Symlinking: /home/kim/projects/dexchef_ws/install/grasp_kitchen_ros2/local/lib/python3.10/dist-packages/grasp_kitchen_ros2/lbot_catch/arm_api/Demo/demo_c/lbot_hand/build/CMakeFiles/lbot_hand.dir/compiler_depend.ts
[3.116s] -- Symlinking: /home/kim/projects/dexchef_ws/install/grasp_kitchen_ros2/local/lib/python3.10/dist-packages/grasp_kitchen_ros2/lbot_catch/arm_api/Demo/demo_c/lbot_hand/build/CMakeFiles/lbot_hand.dir/depend.make
[3.121s] -- Symlinking: /home/kim/projects/dexchef_ws/install/grasp_kitchen_ros2/local/lib/python3.10/dist-packages/grasp_kitchen_ros2/lbot_catch/arm_api/Demo/demo_c/lbot_hand/build/CMakeFiles/lbot_hand.dir/flags.make
[3.126s] -- Symlinking: /home/kim/projects/dexchef_ws/install/grasp_kitchen_ros2/local/lib/python3.10/dist-packages/grasp_kitchen_ros2/lbot_catch/arm_api/Demo/demo_c/lbot_hand/build/CMakeFiles/lbot_hand.dir/link.txt
[3.132s] -- Symlinking: /home/kim/projects/dexchef_ws/install/grasp_kitchen_ros2/local/lib/python3.10/dist-packages/grasp_kitchen_ros2/lbot_catch/arm_api/Demo/demo_c/lbot_hand/build/CMakeFiles/lbot_hand.dir/progress.make
[3.137s] -- Symlinking: /home/kim/projects/dexchef_ws/install/grasp_kitchen_ros2/local/lib/python3.10/dist-packages/grasp_kitchen_ros2/lbot_catch/arm_api/Demo/demo_c/lbot_hand/build/CMakeFiles/lbot_hand.dir/src/main.c.o
[3.142s] -- Symlinking: /home/kim/projects/dexchef_ws/install/grasp_kitchen_ros2/local/lib/python3.10/dist-packages/grasp_kitchen_ros2/lbot_catch/arm_api/Demo/demo_c/lbot_hand/build/CMakeFiles/lbot_hand.dir/src/main.c.o.d
[3.148s] -- Symlinking: /home/kim/projects/dexchef_ws/install/grasp_kitchen_ros2/local/lib/python3.10/dist-packages/grasp_kitchen_ros2/lbot_catch/arm_api/Demo/demo_c/lbot_hand/build/CMakeFiles/progress.marks
[3.154s] -- Symlinking: /home/kim/projects/dexchef_ws/install/grasp_kitchen_ros2/local/lib/python3.10/dist-packages/grasp_kitchen_ros2/lbot_catch/arm_api/Demo/demo_c/lbot_hand/build/Makefile
[3.159s] -- Symlinking: /home/kim/projects/dexchef_ws/install/grasp_kitchen_ros2/local/lib/python3.10/dist-packages/grasp_kitchen_ros2/lbot_catch/arm_api/Demo/demo_c/lbot_hand/build/cmake_install.cmake
[3.164s] -- Symlinking: /home/kim/projects/dexchef_ws/install/grasp_kitchen_ros2/local/lib/python3.10/dist-packages/grasp_kitchen_ros2/lbot_catch/arm_api/Demo/demo_c/lbot_hand/build/lbot_hand
[3.170s] -- Symlinking: /home/kim/projects/dexchef_ws/install/grasp_kitchen_ros2/local/lib/python3.10/dist-packages/grasp_kitchen_ros2/lbot_catch/arm_api/Demo/demo_c/lbot_hand/build/liblbot_api.so
[3.175s] -- Symlinking: /home/kim/projects/dexchef_ws/install/grasp_kitchen_ros2/local/lib/python3.10/dist-packages/grasp_kitchen_ros2/lbot_catch/arm_api/Demo/demo_c/lbot_hand/readme.md
[3.181s] -- Symlinking: /home/kim/projects/dexchef_ws/install/grasp_kitchen_ros2/local/lib/python3.10/dist-packages/grasp_kitchen_ros2/lbot_catch/arm_api/Demo/demo_c/lbot_hand/run.sh
[3.186s] -- Symlinking: /home/kim/projects/dexchef_ws/install/grasp_kitchen_ros2/local/lib/python3.10/dist-packages/grasp_kitchen_ros2/lbot_catch/arm_api/Demo/demo_c/lbot_hand/src/main.c
[3.191s] -- Symlinking: /home/kim/projects/dexchef_ws/install/grasp_kitchen_ros2/local/lib/python3.10/dist-packages/grasp_kitchen_ros2/lbot_catch/arm_api/Demo/demo_c/lbot_move/CMakeLists.txt
[3.197s] -- Symlinking: /home/kim/projects/dexchef_ws/install/grasp_kitchen_ros2/local/lib/python3.10/dist-packages/grasp_kitchen_ros2/lbot_catch/arm_api/Demo/demo_c/lbot_move/build/CMakeCache.txt
[3.202s] -- Symlinking: /home/kim/projects/dexchef_ws/install/grasp_kitchen_ros2/local/lib/python3.10/dist-packages/grasp_kitchen_ros2/lbot_catch/arm_api/Demo/demo_c/lbot_move/build/CMakeFiles/3.28.3/CMakeCCompiler.cmake
[3.207s] -- Symlinking: /home/kim/projects/dexchef_ws/install/grasp_kitchen_ros2/local/lib/python3.10/dist-packages/grasp_kitchen_ros2/lbot_catch/arm_api/Demo/demo_c/lbot_move/build/CMakeFiles/3.28.3/CMakeCXXCompiler.cmake
[3.212s] -- Symlinking: /home/kim/projects/dexchef_ws/install/grasp_kitchen_ros2/local/lib/python3.10/dist-packages/grasp_kitchen_ros2/lbot_catch/arm_api/Demo/demo_c/lbot_move/build/CMakeFiles/3.28.3/CMakeDetermineCompilerABI_C.bin
[3.217s] -- Symlinking: /home/kim/projects/dexchef_ws/install/grasp_kitchen_ros2/local/lib/python3.10/dist-packages/grasp_kitchen_ros2/lbot_catch/arm_api/Demo/demo_c/lbot_move/build/CMakeFiles/3.28.3/CMakeDetermineCompilerABI_CXX.bin
[3.222s] -- Symlinking: /home/kim/projects/dexchef_ws/install/grasp_kitchen_ros2/local/lib/python3.10/dist-packages/grasp_kitchen_ros2/lbot_catch/arm_api/Demo/demo_c/lbot_move/build/CMakeFiles/3.28.3/CMakeSystem.cmake
[3.228s] -- Symlinking: /home/kim/projects/dexchef_ws/install/grasp_kitchen_ros2/local/lib/python3.10/dist-packages/grasp_kitchen_ros2/lbot_catch/arm_api/Demo/demo_c/lbot_move/build/CMakeFiles/3.28.3/CompilerIdC/CMakeCCompilerId.c
[3.233s] -- Symlinking: /home/kim/projects/dexchef_ws/install/grasp_kitchen_ros2/local/lib/python3.10/dist-packages/grasp_kitchen_ros2/lbot_catch/arm_api/Demo/demo_c/lbot_move/build/CMakeFiles/3.28.3/CompilerIdC/a.out
[3.240s] -- Symlinking: /home/kim/projects/dexchef_ws/install/grasp_kitchen_ros2/local/lib/python3.10/dist-packages/grasp_kitchen_ros2/lbot_catch/arm_api/Demo/demo_c/lbot_move/build/CMakeFiles/3.28.3/CompilerIdCXX/CMakeCXXCompilerId.cpp
[3.244s] -- Symlinking: /home/kim/projects/dexchef_ws/install/grasp_kitchen_ros2/local/lib/python3.10/dist-packages/grasp_kitchen_ros2/lbot_catch/arm_api/Demo/demo_c/lbot_move/build/CMakeFiles/3.28.3/CompilerIdCXX/a.out
[3.250s] -- Symlinking: /home/kim/projects/dexchef_ws/install/grasp_kitchen_ros2/local/lib/python3.10/dist-packages/grasp_kitchen_ros2/lbot_catch/arm_api/Demo/demo_c/lbot_move/build/CMakeFiles/CMakeConfigureLog.yaml
[3.255s] -- Symlinking: /home/kim/projects/dexchef_ws/install/grasp_kitchen_ros2/local/lib/python3.10/dist-packages/grasp_kitchen_ros2/lbot_catch/arm_api/Demo/demo_c/lbot_move/build/CMakeFiles/CMakeDirectoryInformation.cmake
[3.261s] -- Symlinking: /home/kim/projects/dexchef_ws/install/grasp_kitchen_ros2/local/lib/python3.10/dist-packages/grasp_kitchen_ros2/lbot_catch/arm_api/Demo/demo_c/lbot_move/build/CMakeFiles/Makefile.cmake
[3.266s] -- Symlinking: /home/kim/projects/dexchef_ws/install/grasp_kitchen_ros2/local/lib/python3.10/dist-packages/grasp_kitchen_ros2/lbot_catch/arm_api/Demo/demo_c/lbot_move/build/CMakeFiles/Makefile2
[3.271s] -- Symlinking: /home/kim/projects/dexchef_ws/install/grasp_kitchen_ros2/local/lib/python3.10/dist-packages/grasp_kitchen_ros2/lbot_catch/arm_api/Demo/demo_c/lbot_move/build/CMakeFiles/TargetDirectories.txt
[3.277s] -- Symlinking: /home/kim/projects/dexchef_ws/install/grasp_kitchen_ros2/local/lib/python3.10/dist-packages/grasp_kitchen_ros2/lbot_catch/arm_api/Demo/demo_c/lbot_move/build/CMakeFiles/cmake.check_cache
[3.283s] -- Symlinking: /home/kim/projects/dexchef_ws/install/grasp_kitchen_ros2/local/lib/python3.10/dist-packages/grasp_kitchen_ros2/lbot_catch/arm_api/Demo/demo_c/lbot_move/build/CMakeFiles/lbot_move.dir/DependInfo.cmake
[3.288s] -- Symlinking: /home/kim/projects/dexchef_ws/install/grasp_kitchen_ros2/local/lib/python3.10/dist-packages/grasp_kitchen_ros2/lbot_catch/arm_api/Demo/demo_c/lbot_move/build/CMakeFiles/lbot_move.dir/build.make
[3.293s] -- Symlinking: /home/kim/projects/dexchef_ws/install/grasp_kitchen_ros2/local/lib/python3.10/dist-packages/grasp_kitchen_ros2/lbot_catch/arm_api/Demo/demo_c/lbot_move/build/CMakeFiles/lbot_move.dir/cmake_clean.cmake
[3.299s] -- Symlinking: /home/kim/projects/dexchef_ws/install/grasp_kitchen_ros2/local/lib/python3.10/dist-packages/grasp_kitchen_ros2/lbot_catch/arm_api/Demo/demo_c/lbot_move/build/CMakeFiles/lbot_move.dir/compiler_depend.make
[3.304s] -- Symlinking: /home/kim/projects/dexchef_ws/install/grasp_kitchen_ros2/local/lib/python3.10/dist-packages/grasp_kitchen_ros2/lbot_catch/arm_api/Demo/demo_c/lbot_move/build/CMakeFiles/lbot_move.dir/compiler_depend.ts
[3.309s] -- Symlinking: /home/kim/projects/dexchef_ws/install/grasp_kitchen_ros2/local/lib/python3.10/dist-packages/grasp_kitchen_ros2/lbot_catch/arm_api/Demo/demo_c/lbot_move/build/CMakeFiles/lbot_move.dir/depend.make
[3.315s] -- Symlinking: /home/kim/projects/dexchef_ws/install/grasp_kitchen_ros2/local/lib/python3.10/dist-packages/grasp_kitchen_ros2/lbot_catch/arm_api/Demo/demo_c/lbot_move/build/CMakeFiles/lbot_move.dir/flags.make
[3.320s] -- Symlinking: /home/kim/projects/dexchef_ws/install/grasp_kitchen_ros2/local/lib/python3.10/dist-packages/grasp_kitchen_ros2/lbot_catch/arm_api/Demo/demo_c/lbot_move/build/CMakeFiles/lbot_move.dir/link.txt
[3.325s] -- Symlinking: /home/kim/projects/dexchef_ws/install/grasp_kitchen_ros2/local/lib/python3.10/dist-packages/grasp_kitchen_ros2/lbot_catch/arm_api/Demo/demo_c/lbot_move/build/CMakeFiles/lbot_move.dir/progress.make
[3.331s] -- Symlinking: /home/kim/projects/dexchef_ws/install/grasp_kitchen_ros2/local/lib/python3.10/dist-packages/grasp_kitchen_ros2/lbot_catch/arm_api/Demo/demo_c/lbot_move/build/CMakeFiles/lbot_move.dir/src/main.c.o
[3.336s] -- Symlinking: /home/kim/projects/dexchef_ws/install/grasp_kitchen_ros2/local/lib/python3.10/dist-packages/grasp_kitchen_ros2/lbot_catch/arm_api/Demo/demo_c/lbot_move/build/CMakeFiles/lbot_move.dir/src/main.c.o.d
[3.341s] -- Symlinking: /home/kim/projects/dexchef_ws/install/grasp_kitchen_ros2/local/lib/python3.10/dist-packages/grasp_kitchen_ros2/lbot_catch/arm_api/Demo/demo_c/lbot_move/build/CMakeFiles/progress.marks
[3.346s] -- Symlinking: /home/kim/projects/dexchef_ws/install/grasp_kitchen_ros2/local/lib/python3.10/dist-packages/grasp_kitchen_ros2/lbot_catch/arm_api/Demo/demo_c/lbot_move/build/Makefile
[3.352s] -- Symlinking: /home/kim/projects/dexchef_ws/install/grasp_kitchen_ros2/local/lib/python3.10/dist-packages/grasp_kitchen_ros2/lbot_catch/arm_api/Demo/demo_c/lbot_move/build/cmake_install.cmake
[3.357s] -- Symlinking: /home/kim/projects/dexchef_ws/install/grasp_kitchen_ros2/local/lib/python3.10/dist-packages/grasp_kitchen_ros2/lbot_catch/arm_api/Demo/demo_c/lbot_move/build/lbot_move
[3.362s] -- Symlinking: /home/kim/projects/dexchef_ws/install/grasp_kitchen_ros2/local/lib/python3.10/dist-packages/grasp_kitchen_ros2/lbot_catch/arm_api/Demo/demo_c/lbot_move/build/liblbot_api.so
[3.368s] -- Symlinking: /home/kim/projects/dexchef_ws/install/grasp_kitchen_ros2/local/lib/python3.10/dist-packages/grasp_kitchen_ros2/lbot_catch/arm_api/Demo/demo_c/lbot_move/readme.md
[3.373s] -- Symlinking: /home/kim/projects/dexchef_ws/install/grasp_kitchen_ros2/local/lib/python3.10/dist-packages/grasp_kitchen_ros2/lbot_catch/arm_api/Demo/demo_c/lbot_move/run.sh
[3.378s] -- Symlinking: /home/kim/projects/dexchef_ws/install/grasp_kitchen_ros2/local/lib/python3.10/dist-packages/grasp_kitchen_ros2/lbot_catch/arm_api/Demo/demo_c/lbot_move/src/main.c
[3.384s] -- Symlinking: /home/kim/projects/dexchef_ws/install/grasp_kitchen_ros2/local/lib/python3.10/dist-packages/grasp_kitchen_ros2/lbot_catch/arm_api/Demo/demo_c/lbot_setting/CMakeLists.txt
[3.389s] -- Symlinking: /home/kim/projects/dexchef_ws/install/grasp_kitchen_ros2/local/lib/python3.10/dist-packages/grasp_kitchen_ros2/lbot_catch/arm_api/Demo/demo_c/lbot_setting/build/CMakeCache.txt
[3.395s] -- Symlinking: /home/kim/projects/dexchef_ws/install/grasp_kitchen_ros2/local/lib/python3.10/dist-packages/grasp_kitchen_ros2/lbot_catch/arm_api/Demo/demo_c/lbot_setting/build/CMakeFiles/3.28.3/CMakeCCompiler.cmake
[3.400s] -- Symlinking: /home/kim/projects/dexchef_ws/install/grasp_kitchen_ros2/local/lib/python3.10/dist-packages/grasp_kitchen_ros2/lbot_catch/arm_api/Demo/demo_c/lbot_setting/build/CMakeFiles/3.28.3/CMakeCXXCompiler.cmake
[3.406s] -- Symlinking: /home/kim/projects/dexchef_ws/install/grasp_kitchen_ros2/local/lib/python3.10/dist-packages/grasp_kitchen_ros2/lbot_catch/arm_api/Demo/demo_c/lbot_setting/build/CMakeFiles/3.28.3/CMakeDetermineCompilerABI_C.bin
[3.411s] -- Symlinking: /home/kim/projects/dexchef_ws/install/grasp_kitchen_ros2/local/lib/python3.10/dist-packages/grasp_kitchen_ros2/lbot_catch/arm_api/Demo/demo_c/lbot_setting/build/CMakeFiles/3.28.3/CMakeDetermineCompilerABI_CXX.bin
[3.416s] -- Symlinking: /home/kim/projects/dexchef_ws/install/grasp_kitchen_ros2/local/lib/python3.10/dist-packages/grasp_kitchen_ros2/lbot_catch/arm_api/Demo/demo_c/lbot_setting/build/CMakeFiles/3.28.3/CMakeSystem.cmake
[3.422s] -- Symlinking: /home/kim/projects/dexchef_ws/install/grasp_kitchen_ros2/local/lib/python3.10/dist-packages/grasp_kitchen_ros2/lbot_catch/arm_api/Demo/demo_c/lbot_setting/build/CMakeFiles/3.28.3/CompilerIdC/CMakeCCompilerId.c
[3.427s] -- Symlinking: /home/kim/projects/dexchef_ws/install/grasp_kitchen_ros2/local/lib/python3.10/dist-packages/grasp_kitchen_ros2/lbot_catch/arm_api/Demo/demo_c/lbot_setting/build/CMakeFiles/3.28.3/CompilerIdC/a.out
[3.433s] -- Symlinking: /home/kim/projects/dexchef_ws/install/grasp_kitchen_ros2/local/lib/python3.10/dist-packages/grasp_kitchen_ros2/lbot_catch/arm_api/Demo/demo_c/lbot_setting/build/CMakeFiles/3.28.3/CompilerIdCXX/CMakeCXXCompilerId.cpp
[3.438s] -- Symlinking: /home/kim/projects/dexchef_ws/install/grasp_kitchen_ros2/local/lib/python3.10/dist-packages/grasp_kitchen_ros2/lbot_catch/arm_api/Demo/demo_c/lbot_setting/build/CMakeFiles/3.28.3/CompilerIdCXX/a.out
[3.443s] -- Symlinking: /home/kim/projects/dexchef_ws/install/grasp_kitchen_ros2/local/lib/python3.10/dist-packages/grasp_kitchen_ros2/lbot_catch/arm_api/Demo/demo_c/lbot_setting/build/CMakeFiles/CMakeConfigureLog.yaml
[3.449s] -- Symlinking: /home/kim/projects/dexchef_ws/install/grasp_kitchen_ros2/local/lib/python3.10/dist-packages/grasp_kitchen_ros2/lbot_catch/arm_api/Demo/demo_c/lbot_setting/build/CMakeFiles/CMakeDirectoryInformation.cmake
[3.454s] -- Symlinking: /home/kim/projects/dexchef_ws/install/grasp_kitchen_ros2/local/lib/python3.10/dist-packages/grasp_kitchen_ros2/lbot_catch/arm_api/Demo/demo_c/lbot_setting/build/CMakeFiles/Makefile.cmake
[3.460s] -- Symlinking: /home/kim/projects/dexchef_ws/install/grasp_kitchen_ros2/local/lib/python3.10/dist-packages/grasp_kitchen_ros2/lbot_catch/arm_api/Demo/demo_c/lbot_setting/build/CMakeFiles/Makefile2
[3.465s] -- Symlinking: /home/kim/projects/dexchef_ws/install/grasp_kitchen_ros2/local/lib/python3.10/dist-packages/grasp_kitchen_ros2/lbot_catch/arm_api/Demo/demo_c/lbot_setting/build/CMakeFiles/TargetDirectories.txt
[3.470s] -- Symlinking: /home/kim/projects/dexchef_ws/install/grasp_kitchen_ros2/local/lib/python3.10/dist-packages/grasp_kitchen_ros2/lbot_catch/arm_api/Demo/demo_c/lbot_setting/build/CMakeFiles/cmake.check_cache
[3.475s] -- Symlinking: /home/kim/projects/dexchef_ws/install/grasp_kitchen_ros2/local/lib/python3.10/dist-packages/grasp_kitchen_ros2/lbot_catch/arm_api/Demo/demo_c/lbot_setting/build/CMakeFiles/lbot_setting.dir/DependInfo.cmake
[3.480s] -- Symlinking: /home/kim/projects/dexchef_ws/install/grasp_kitchen_ros2/local/lib/python3.10/dist-packages/grasp_kitchen_ros2/lbot_catch/arm_api/Demo/demo_c/lbot_setting/build/CMakeFiles/lbot_setting.dir/build.make
[3.486s] -- Symlinking: /home/kim/projects/dexchef_ws/install/grasp_kitchen_ros2/local/lib/python3.10/dist-packages/grasp_kitchen_ros2/lbot_catch/arm_api/Demo/demo_c/lbot_setting/build/CMakeFiles/lbot_setting.dir/cmake_clean.cmake
[3.491s] -- Symlinking: /home/kim/projects/dexchef_ws/install/grasp_kitchen_ros2/local/lib/python3.10/dist-packages/grasp_kitchen_ros2/lbot_catch/arm_api/Demo/demo_c/lbot_setting/build/CMakeFiles/lbot_setting.dir/compiler_depend.make
[3.496s] -- Symlinking: /home/kim/projects/dexchef_ws/install/grasp_kitchen_ros2/local/lib/python3.10/dist-packages/grasp_kitchen_ros2/lbot_catch/arm_api/Demo/demo_c/lbot_setting/build/CMakeFiles/lbot_setting.dir/compiler_depend.ts
[3.501s] -- Symlinking: /home/kim/projects/dexchef_ws/install/grasp_kitchen_ros2/local/lib/python3.10/dist-packages/grasp_kitchen_ros2/lbot_catch/arm_api/Demo/demo_c/lbot_setting/build/CMakeFiles/lbot_setting.dir/depend.make
[3.506s] -- Symlinking: /home/kim/projects/dexchef_ws/install/grasp_kitchen_ros2/local/lib/python3.10/dist-packages/grasp_kitchen_ros2/lbot_catch/arm_api/Demo/demo_c/lbot_setting/build/CMakeFiles/lbot_setting.dir/flags.make
[3.512s] -- Symlinking: /home/kim/projects/dexchef_ws/install/grasp_kitchen_ros2/local/lib/python3.10/dist-packages/grasp_kitchen_ros2/lbot_catch/arm_api/Demo/demo_c/lbot_setting/build/CMakeFiles/lbot_setting.dir/link.txt
[3.517s] -- Symlinking: /home/kim/projects/dexchef_ws/install/grasp_kitchen_ros2/local/lib/python3.10/dist-packages/grasp_kitchen_ros2/lbot_catch/arm_api/Demo/demo_c/lbot_setting/build/CMakeFiles/lbot_setting.dir/progress.make
[3.522s] -- Symlinking: /home/kim/projects/dexchef_ws/install/grasp_kitchen_ros2/local/lib/python3.10/dist-packages/grasp_kitchen_ros2/lbot_catch/arm_api/Demo/demo_c/lbot_setting/build/CMakeFiles/lbot_setting.dir/src/main.c.o
[3.528s] -- Symlinking: /home/kim/projects/dexchef_ws/install/grasp_kitchen_ros2/local/lib/python3.10/dist-packages/grasp_kitchen_ros2/lbot_catch/arm_api/Demo/demo_c/lbot_setting/build/CMakeFiles/lbot_setting.dir/src/main.c.o.d
[3.533s] -- Symlinking: /home/kim/projects/dexchef_ws/install/grasp_kitchen_ros2/local/lib/python3.10/dist-packages/grasp_kitchen_ros2/lbot_catch/arm_api/Demo/demo_c/lbot_setting/build/CMakeFiles/progress.marks
[3.538s] -- Symlinking: /home/kim/projects/dexchef_ws/install/grasp_kitchen_ros2/local/lib/python3.10/dist-packages/grasp_kitchen_ros2/lbot_catch/arm_api/Demo/demo_c/lbot_setting/build/Makefile
[3.543s] -- Symlinking: /home/kim/projects/dexchef_ws/install/grasp_kitchen_ros2/local/lib/python3.10/dist-packages/grasp_kitchen_ros2/lbot_catch/arm_api/Demo/demo_c/lbot_setting/build/cmake_install.cmake
[3.549s] -- Symlinking: /home/kim/projects/dexchef_ws/install/grasp_kitchen_ros2/local/lib/python3.10/dist-packages/grasp_kitchen_ros2/lbot_catch/arm_api/Demo/demo_c/lbot_setting/build/lbot_setting
[3.554s] -- Symlinking: /home/kim/projects/dexchef_ws/install/grasp_kitchen_ros2/local/lib/python3.10/dist-packages/grasp_kitchen_ros2/lbot_catch/arm_api/Demo/demo_c/lbot_setting/build/liblbot_api.so
[3.560s] -- Symlinking: /home/kim/projects/dexchef_ws/install/grasp_kitchen_ros2/local/lib/python3.10/dist-packages/grasp_kitchen_ros2/lbot_catch/arm_api/Demo/demo_c/lbot_setting/readme.md
[3.566s] -- Symlinking: /home/kim/projects/dexchef_ws/install/grasp_kitchen_ros2/local/lib/python3.10/dist-packages/grasp_kitchen_ros2/lbot_catch/arm_api/Demo/demo_c/lbot_setting/run.sh
[3.571s] -- Symlinking: /home/kim/projects/dexchef_ws/install/grasp_kitchen_ros2/local/lib/python3.10/dist-packages/grasp_kitchen_ros2/lbot_catch/arm_api/Demo/demo_c/lbot_setting/src/main.c
[3.576s] -- Symlinking: /home/kim/projects/dexchef_ws/install/grasp_kitchen_ros2/local/lib/python3.10/dist-packages/grasp_kitchen_ros2/lbot_catch/arm_api/Demo/demo_python/demo_fk_ik.py
[3.581s] -- Symlinking: /home/kim/projects/dexchef_ws/install/grasp_kitchen_ros2/local/lib/python3.10/dist-packages/grasp_kitchen_ros2/lbot_catch/arm_api/Demo/demo_python/demo_frame.py
[3.587s] -- Symlinking: /home/kim/projects/dexchef_ws/install/grasp_kitchen_ros2/local/lib/python3.10/dist-packages/grasp_kitchen_ros2/lbot_catch/arm_api/Demo/demo_python/demo_hand.py
[3.592s] -- Symlinking: /home/kim/projects/dexchef_ws/install/grasp_kitchen_ros2/local/lib/python3.10/dist-packages/grasp_kitchen_ros2/lbot_catch/arm_api/Demo/demo_python/demo_move.py
[3.597s] -- Symlinking: /home/kim/projects/dexchef_ws/install/grasp_kitchen_ros2/local/lib/python3.10/dist-packages/grasp_kitchen_ros2/lbot_catch/arm_api/Demo/demo_python/demo_setting.py
[3.602s] -- Symlinking: /home/kim/projects/dexchef_ws/install/grasp_kitchen_ros2/local/lib/python3.10/dist-packages/grasp_kitchen_ros2/lbot_catch/arm_api/Demo/demo_python/lbot/__init__.py
[3.607s] -- Symlinking: /home/kim/projects/dexchef_ws/install/grasp_kitchen_ros2/local/lib/python3.10/dist-packages/grasp_kitchen_ros2/lbot_catch/arm_api/Demo/demo_python/lbot/lbot_api.py
[3.613s] -- Symlinking: /home/kim/projects/dexchef_ws/install/grasp_kitchen_ros2/local/lib/python3.10/dist-packages/grasp_kitchen_ros2/lbot_catch/arm_api/Demo/demo_python/lbot/lbot_robot.py
[3.618s] -- Symlinking: /home/kim/projects/dexchef_ws/install/grasp_kitchen_ros2/local/lib/python3.10/dist-packages/grasp_kitchen_ros2/lbot_catch/arm_api/Demo/demo_python/lbot/libs/linux/linux_arm64/liblbot_api.so
[3.623s] -- Symlinking: /home/kim/projects/dexchef_ws/install/grasp_kitchen_ros2/local/lib/python3.10/dist-packages/grasp_kitchen_ros2/lbot_catch/arm_api/Demo/demo_python/lbot/libs/linux/linux_arm64/liblbot_api.so.1
[3.628s] -- Symlinking: /home/kim/projects/dexchef_ws/install/grasp_kitchen_ros2/local/lib/python3.10/dist-packages/grasp_kitchen_ros2/lbot_catch/arm_api/Demo/demo_python/lbot/libs/linux/linux_arm64/liblbot_api.so.1.0.1
[3.634s] -- Symlinking: /home/kim/projects/dexchef_ws/install/grasp_kitchen_ros2/local/lib/python3.10/dist-packages/grasp_kitchen_ros2/lbot_catch/arm_api/Demo/demo_python/lbot/libs/linux/linux_x64/liblbot_api.so
[3.639s] -- Symlinking: /home/kim/projects/dexchef_ws/install/grasp_kitchen_ros2/local/lib/python3.10/dist-packages/grasp_kitchen_ros2/lbot_catch/arm_api/Demo/demo_python/lbot/libs/linux/linux_x64/liblbot_api.so.1
[3.644s] -- Symlinking: /home/kim/projects/dexchef_ws/install/grasp_kitchen_ros2/local/lib/python3.10/dist-packages/grasp_kitchen_ros2/lbot_catch/arm_api/Demo/demo_python/lbot/libs/linux/linux_x64/liblbot_api.so.1.0.1
[3.650s] -- Symlinking: /home/kim/projects/dexchef_ws/install/grasp_kitchen_ros2/local/lib/python3.10/dist-packages/grasp_kitchen_ros2/lbot_catch/arm_api/Demo/demo_python/test.py
[3.656s] -- Symlinking: /home/kim/projects/dexchef_ws/install/grasp_kitchen_ros2/local/lib/python3.10/dist-packages/grasp_kitchen_ros2/lbot_catch/arm_api/Python/lbot/__init__.py
[3.661s] -- Symlinking: /home/kim/projects/dexchef_ws/install/grasp_kitchen_ros2/local/lib/python3.10/dist-packages/grasp_kitchen_ros2/lbot_catch/arm_api/Python/lbot/lbot_api.py
[3.666s] -- Symlinking: /home/kim/projects/dexchef_ws/install/grasp_kitchen_ros2/local/lib/python3.10/dist-packages/grasp_kitchen_ros2/lbot_catch/arm_api/Python/lbot/lbot_robot.py
[3.672s] -- Symlinking: /home/kim/projects/dexchef_ws/install/grasp_kitchen_ros2/local/lib/python3.10/dist-packages/grasp_kitchen_ros2/lbot_catch/arm_api/Python/lbot/libs/linux/linux_arm64/liblbot_api.so
[3.677s] -- Symlinking: /home/kim/projects/dexchef_ws/install/grasp_kitchen_ros2/local/lib/python3.10/dist-packages/grasp_kitchen_ros2/lbot_catch/arm_api/Python/lbot/libs/linux/linux_arm64/liblbot_api.so.1
[3.683s] -- Symlinking: /home/kim/projects/dexchef_ws/install/grasp_kitchen_ros2/local/lib/python3.10/dist-packages/grasp_kitchen_ros2/lbot_catch/arm_api/Python/lbot/libs/linux/linux_arm64/liblbot_api.so.1.0.1
[3.688s] -- Symlinking: /home/kim/projects/dexchef_ws/install/grasp_kitchen_ros2/local/lib/python3.10/dist-packages/grasp_kitchen_ros2/lbot_catch/arm_api/Python/lbot/libs/linux/linux_x64/liblbot_api.so
[3.693s] -- Symlinking: /home/kim/projects/dexchef_ws/install/grasp_kitchen_ros2/local/lib/python3.10/dist-packages/grasp_kitchen_ros2/lbot_catch/arm_api/Python/lbot/libs/linux/linux_x64/liblbot_api.so.1
[3.698s] -- Symlinking: /home/kim/projects/dexchef_ws/install/grasp_kitchen_ros2/local/lib/python3.10/dist-packages/grasp_kitchen_ros2/lbot_catch/arm_api/Python/lbot/libs/linux/linux_x64/liblbot_api.so.1.0.1
[3.704s] -- Symlinking: /home/kim/projects/dexchef_ws/install/grasp_kitchen_ros2/local/lib/python3.10/dist-packages/grasp_kitchen_ros2/lbot_catch/arm_api/Readme.md
[3.709s] -- Symlinking: /home/kim/projects/dexchef_ws/install/grasp_kitchen_ros2/local/lib/python3.10/dist-packages/grasp_kitchen_ros2/lbot_catch/arm_api/doc/┴Θ╨─╟╔╩╓╗·╞≈╚╦┐╪╓╞╞╜╠¿v1.0.2.pdf
[3.715s] -- Symlinking: /home/kim/projects/dexchef_ws/install/grasp_kitchen_ros2/local/lib/python3.10/dist-packages/grasp_kitchen_ros2/lbot_catch/arm_api/doc/╗·╨╡▒█┐╪╓╞╜╙┐┌╬─╡╡v1.0.2.pdf
[3.720s] -- Symlinking: /home/kim/projects/dexchef_ws/install/grasp_kitchen_ros2/local/lib/python3.10/dist-packages/grasp_kitchen_ros2/motion/__init__.py
[3.725s] -- Symlinking: /home/kim/projects/dexchef_ws/install/grasp_kitchen_ros2/local/lib/python3.10/dist-packages/grasp_kitchen_ros2/motion/entities/__init__.py
[3.731s] -- Symlinking: /home/kim/projects/dexchef_ws/install/grasp_kitchen_ros2/local/lib/python3.10/dist-packages/grasp_kitchen_ros2/motion/entities/constraints.py
[3.736s] -- Symlinking: /home/kim/projects/dexchef_ws/install/grasp_kitchen_ros2/local/lib/python3.10/dist-packages/grasp_kitchen_ros2/motion/entities/motion_primitive.py
[3.741s] -- Symlinking: /home/kim/projects/dexchef_ws/install/grasp_kitchen_ros2/local/lib/python3.10/dist-packages/grasp_kitchen_ros2/motion/entities/trajectory.py
[3.747s] -- Symlinking: /home/kim/projects/dexchef_ws/install/grasp_kitchen_ros2/local/lib/python3.10/dist-packages/grasp_kitchen_ros2/motion/skills/__init__.py
[3.752s] -- Symlinking: /home/kim/projects/dexchef_ws/install/grasp_kitchen_ros2/local/lib/python3.10/dist-packages/grasp_kitchen_ros2/motion/skills/ik_helpers.py
[3.758s] -- Symlinking: /home/kim/projects/dexchef_ws/install/grasp_kitchen_ros2/local/lib/python3.10/dist-packages/grasp_kitchen_ros2/motion/skills/pick_and_place.py
[3.763s] -- Symlinking: /home/kim/projects/dexchef_ws/install/grasp_kitchen_ros2/local/lib/python3.10/dist-packages/grasp_kitchen_ros2/motion_executor_node.py
[3.768s] -- Symlinking: /home/kim/projects/dexchef_ws/install/grasp_kitchen_ros2/local/lib/python3.10/dist-packages/grasp_kitchen_ros2/perception_node.py
[3.773s] -- Symlinking: /home/kim/projects/dexchef_ws/install/grasp_kitchen_ros2/local/lib/python3.10/dist-packages/grasp_kitchen_ros2/planning/entities/__init__.py
[3.779s] -- Symlinking: /home/kim/projects/dexchef_ws/install/grasp_kitchen_ros2/local/lib/python3.10/dist-packages/grasp_kitchen_ros2/planning/entities/pattern.py
[3.784s] -- Symlinking: /home/kim/projects/dexchef_ws/install/grasp_kitchen_ros2/local/lib/python3.10/dist-packages/grasp_kitchen_ros2/planning/entities/plan.py
[3.789s] -- Symlinking: /home/kim/projects/dexchef_ws/install/grasp_kitchen_ros2/local/lib/python3.10/dist-packages/grasp_kitchen_ros2/planning/entities/pose3d.py
[3.795s] -- Symlinking: /home/kim/projects/dexchef_ws/install/grasp_kitchen_ros2/local/lib/python3.10/dist-packages/grasp_kitchen_ros2/planning/entities/scene_state.py
[3.800s] -- Symlinking: /home/kim/projects/dexchef_ws/install/grasp_kitchen_ros2/local/lib/python3.10/dist-packages/grasp_kitchen_ros2/planning/entities/task_goal.py
[3.805s] -- Symlinking: /home/kim/projects/dexchef_ws/install/grasp_kitchen_ros2/local/lib/python3.10/dist-packages/grasp_kitchen_ros2/planning/policy/__init__.py
[3.810s] -- Symlinking: /home/kim/projects/dexchef_ws/install/grasp_kitchen_ros2/local/lib/python3.10/dist-packages/grasp_kitchen_ros2/planning/policy/orange_heart_policy.py
[3.816s] -- Symlinking: /home/kim/projects/dexchef_ws/install/grasp_kitchen_ros2/local/lib/python3.10/dist-packages/grasp_kitchen_ros2/robot/__init__.py
[3.821s] -- Symlinking: /home/kim/projects/dexchef_ws/install/grasp_kitchen_ros2/local/lib/python3.10/dist-packages/grasp_kitchen_ros2/robot/driver_core.py
[3.826s] -- Symlinking: /home/kim/projects/dexchef_ws/install/grasp_kitchen_ros2/local/lib/python3.10/dist-packages/grasp_kitchen_ros2/robot_driver_node.py
[3.832s] -- Symlinking: /home/kim/projects/dexchef_ws/install/grasp_kitchen_ros2/local/lib/python3.10/dist-packages/grasp_kitchen_ros2/task_planner_node.py
[3.837s] -- Symlinking: /home/kim/projects/dexchef_ws/install/grasp_kitchen_ros2/local/lib/python3.10/dist-packages/grasp_kitchen_ros2/test_motion_pick_and_place.py
[3.842s] -- Symlinking: /home/kim/projects/dexchef_ws/install/grasp_kitchen_ros2/local/lib/python3.10/dist-packages/grasp_kitchen_ros2/test_planner_orange_heart.py
[3.848s] -- Symlinking: /home/kim/projects/dexchef_ws/install/grasp_kitchen_ros2/local/lib/python3.10/dist-packages/grasp_kitchen_ros2/vision/__init__.py
[3.854s] -- Symlinking: /home/kim/projects/dexchef_ws/install/grasp_kitchen_ros2/local/lib/python3.10/dist-packages/grasp_kitchen_ros2/vision/entities/__init__.py
[3.859s] -- Symlinking: /home/kim/projects/dexchef_ws/install/grasp_kitchen_ros2/local/lib/python3.10/dist-packages/grasp_kitchen_ros2/vision/entities/camera_model.py
[3.864s] -- Symlinking: /home/kim/projects/dexchef_ws/install/grasp_kitchen_ros2/local/lib/python3.10/dist-packages/grasp_kitchen_ros2/vision/entities/detections.py
[3.869s] -- Symlinking: /home/kim/projects/dexchef_ws/install/grasp_kitchen_ros2/local/lib/python3.10/dist-packages/grasp_kitchen_ros2/vision/pipeline/__init__.py
[3.874s] -- Symlinking: /home/kim/projects/dexchef_ws/install/grasp_kitchen_ros2/local/lib/python3.10/dist-packages/grasp_kitchen_ros2/vision/pipeline/perception_pipeline.py
[3.879s] -- Symlinking: /home/kim/projects/dexchef_ws/install/grasp_kitchen_ros2/local/lib/python3.10/dist-packages/grasp_kitchen_ros2/vision/pipeline/pose_estimator.py
[3.885s] -- Symlinking: /home/kim/projects/dexchef_ws/install/grasp_kitchen_ros2/local/lib/python3.10/dist-packages/grasp_kitchen_ros2/vision/pipeline/sam3_backend.py
[3.890s] -- Symlinking: /home/kim/projects/dexchef_ws/install/grasp_kitchen_ros2/local/lib/python3.10/dist-packages/grasp_kitchen_ros2/vision/pipeline/segmentation_backend.py
[3.895s] -- Symlinking: /home/kim/projects/dexchef_ws/install/grasp_kitchen_ros2/local/lib/python3.10/dist-packages/grasp_kitchen_ros2/vision/pipeline/yolo_backend.py
[3.901s] -- Symlinking: /home/kim/projects/dexchef_ws/install/grasp_kitchen_ros2/lib/grasp_kitchen_ros2/camera_driver_node.py
[3.906s] -- Symlinking: /home/kim/projects/dexchef_ws/install/grasp_kitchen_ros2/lib/grasp_kitchen_ros2/motion_executor_node.py
[3.911s] -- Symlinking: /home/kim/projects/dexchef_ws/install/grasp_kitchen_ros2/lib/grasp_kitchen_ros2/perception_node.py
[3.916s] -- Symlinking: /home/kim/projects/dexchef_ws/install/grasp_kitchen_ros2/lib/grasp_kitchen_ros2/robot_driver_node.py
[3.921s] -- Symlinking: /home/kim/projects/dexchef_ws/install/grasp_kitchen_ros2/lib/grasp_kitchen_ros2/task_planner_node.py
[3.927s] -- Symlinking: /home/kim/projects/dexchef_ws/install/grasp_kitchen_ros2/share/grasp_kitchen_ros2/launch/grasp_kitchen_bringup.launch.py
[3.932s] -- Symlinking: /home/kim/projects/dexchef_ws/install/grasp_kitchen_ros2/share/grasp_kitchen_ros2/launch/perception_bringup.launch.py
[3.938s] -- Symlinking: /home/kim/projects/dexchef_ws/install/grasp_kitchen_ros2/share/ament_index/resource_index/package_run_dependencies/grasp_kitchen_ros2
[3.943s] -- Symlinking: /home/kim/projects/dexchef_ws/install/grasp_kitchen_ros2/share/ament_index/resource_index/parent_prefix_path/grasp_kitchen_ros2
[3.948s] -- Symlinking: /home/kim/projects/dexchef_ws/install/grasp_kitchen_ros2/share/grasp_kitchen_ros2/environment/ament_prefix_path.sh
[3.954s] -- Symlinking: /home/kim/projects/dexchef_ws/install/grasp_kitchen_ros2/share/grasp_kitchen_ros2/environment/ament_prefix_path.dsv
[3.959s] -- Symlinking: /home/kim/projects/dexchef_ws/install/grasp_kitchen_ros2/share/grasp_kitchen_ros2/environment/path.sh
[3.964s] -- Symlinking: /home/kim/projects/dexchef_ws/install/grasp_kitchen_ros2/share/grasp_kitchen_ros2/environment/path.dsv
[3.969s] -- Symlinking: /home/kim/projects/dexchef_ws/install/grasp_kitchen_ros2/share/grasp_kitchen_ros2/local_setup.bash
[3.975s] -- Symlinking: /home/kim/projects/dexchef_ws/install/grasp_kitchen_ros2/share/grasp_kitchen_ros2/local_setup.sh
[3.980s] -- Symlinking: /home/kim/projects/dexchef_ws/install/grasp_kitchen_ros2/share/grasp_kitchen_ros2/local_setup.zsh
[3.986s] -- Symlinking: /home/kim/projects/dexchef_ws/install/grasp_kitchen_ros2/share/grasp_kitchen_ros2/local_setup.dsv
[3.991s] -- Symlinking: /home/kim/projects/dexchef_ws/install/grasp_kitchen_ros2/share/grasp_kitchen_ros2/package.dsv
[3.996s] -- Symlinking: /home/kim/projects/dexchef_ws/install/grasp_kitchen_ros2/share/ament_index/resource_index/packages/grasp_kitchen_ros2
[4.001s] -- Symlinking: /home/kim/projects/dexchef_ws/install/grasp_kitchen_ros2/share/grasp_kitchen_ros2/cmake/ament_cmake_export_dependencies-extras.cmake
[4.007s] -- Symlinking: /home/kim/projects/dexchef_ws/install/grasp_kitchen_ros2/share/grasp_kitchen_ros2/cmake/grasp_kitchen_ros2Config.cmake
[4.012s] -- Symlinking: /home/kim/projects/dexchef_ws/install/grasp_kitchen_ros2/share/grasp_kitchen_ros2/cmake/grasp_kitchen_ros2Config-version.cmake
[4.017s] -- Symlinking: /home/kim/projects/dexchef_ws/install/grasp_kitchen_ros2/share/grasp_kitchen_ros2/package.xml
[4.065s] Listing '/home/kim/projects/dexchef_ws/install/grasp_kitchen_ros2/local/lib/python3.10/dist-packages/grasp_kitchen_ros2'...
[4.065s] Compiling '/home/kim/projects/dexchef_ws/install/grasp_kitchen_ros2/local/lib/python3.10/dist-packages/grasp_kitchen_ros2/__init__.py'...
[4.065s] Compiling '/home/kim/projects/dexchef_ws/install/grasp_kitchen_ros2/local/lib/python3.10/dist-packages/grasp_kitchen_ros2/camera_driver_node.py'...
[4.065s] Listing '/home/kim/projects/dexchef_ws/install/grasp_kitchen_ros2/local/lib/python3.10/dist-packages/grasp_kitchen_ros2/lbot_catch'...
[4.065s] Listing '/home/kim/projects/dexchef_ws/install/grasp_kitchen_ros2/local/lib/python3.10/dist-packages/grasp_kitchen_ros2/lbot_catch/arm_api'...
[4.065s] Listing '/home/kim/projects/dexchef_ws/install/grasp_kitchen_ros2/local/lib/python3.10/dist-packages/grasp_kitchen_ros2/lbot_catch/arm_api/C'...
[4.065s] Listing '/home/kim/projects/dexchef_ws/install/grasp_kitchen_ros2/local/lib/python3.10/dist-packages/grasp_kitchen_ros2/lbot_catch/arm_api/C/include'...
[4.065s] Listing '/home/kim/projects/dexchef_ws/install/grasp_kitchen_ros2/local/lib/python3.10/dist-packages/grasp_kitchen_ros2/lbot_catch/arm_api/C/libs'...
[4.065s] Listing '/home/kim/projects/dexchef_ws/install/grasp_kitchen_ros2/local/lib/python3.10/dist-packages/grasp_kitchen_ros2/lbot_catch/arm_api/C/libs/linux'...
[4.065s] Listing '/home/kim/projects/dexchef_ws/install/grasp_kitchen_ros2/local/lib/python3.10/dist-packages/grasp_kitchen_ros2/lbot_catch/arm_api/C/libs/linux/linux_arm64'...
[4.065s] Listing '/home/kim/projects/dexchef_ws/install/grasp_kitchen_ros2/local/lib/python3.10/dist-packages/grasp_kitchen_ros2/lbot_catch/arm_api/C/libs/linux/linux_x64'...
[4.065s] Listing '/home/kim/projects/dexchef_ws/install/grasp_kitchen_ros2/local/lib/python3.10/dist-packages/grasp_kitchen_ros2/lbot_catch/arm_api/C++'...
[4.065s] Listing '/home/kim/projects/dexchef_ws/install/grasp_kitchen_ros2/local/lib/python3.10/dist-packages/grasp_kitchen_ros2/lbot_catch/arm_api/C++/include'...
[4.065s] Listing '/home/kim/projects/dexchef_ws/install/grasp_kitchen_ros2/local/lib/python3.10/dist-packages/grasp_kitchen_ros2/lbot_catch/arm_api/C++/libs'...
[4.065s] Listing '/home/kim/projects/dexchef_ws/install/grasp_kitchen_ros2/local/lib/python3.10/dist-packages/grasp_kitchen_ros2/lbot_catch/arm_api/C++/libs/linux'...
[4.065s] Listing '/home/kim/projects/dexchef_ws/install/grasp_kitchen_ros2/local/lib/python3.10/dist-packages/grasp_kitchen_ros2/lbot_catch/arm_api/C++/libs/linux/linux_arm64'...
[4.065s] Listing '/home/kim/projects/dexchef_ws/install/grasp_kitchen_ros2/local/lib/python3.10/dist-packages/grasp_kitchen_ros2/lbot_catch/arm_api/C++/libs/linux/linux_x64'...
[4.065s] Listing '/home/kim/projects/dexchef_ws/install/grasp_kitchen_ros2/local/lib/python3.10/dist-packages/grasp_kitchen_ros2/lbot_catch/arm_api/Demo'...
[4.065s] Listing '/home/kim/projects/dexchef_ws/install/grasp_kitchen_ros2/local/lib/python3.10/dist-packages/grasp_kitchen_ros2/lbot_catch/arm_api/Demo/demo_c'...
[4.065s] Listing '/home/kim/projects/dexchef_ws/install/grasp_kitchen_ros2/local/lib/python3.10/dist-packages/grasp_kitchen_ros2/lbot_catch/arm_api/Demo/demo_c/lbot_fk_ik'...
[4.065s] Listing '/home/kim/projects/dexchef_ws/install/grasp_kitchen_ros2/local/lib/python3.10/dist-packages/grasp_kitchen_ros2/lbot_catch/arm_api/Demo/demo_c/lbot_fk_ik/build'...
[4.065s] Listing '/home/kim/projects/dexchef_ws/install/grasp_kitchen_ros2/local/lib/python3.10/dist-packages/grasp_kitchen_ros2/lbot_catch/arm_api/Demo/demo_c/lbot_fk_ik/build/CMakeFiles'...
[4.065s] Listing '/home/kim/projects/dexchef_ws/install/grasp_kitchen_ros2/local/lib/python3.10/dist-packages/grasp_kitchen_ros2/lbot_catch/arm_api/Demo/demo_c/lbot_fk_ik/build/CMakeFiles/3.28.3'...
[4.065s] Listing '/home/kim/projects/dexchef_ws/install/grasp_kitchen_ros2/local/lib/python3.10/dist-packages/grasp_kitchen_ros2/lbot_catch/arm_api/Demo/demo_c/lbot_fk_ik/build/CMakeFiles/3.28.3/CompilerIdC'...
[4.065s] Listing '/home/kim/projects/dexchef_ws/install/grasp_kitchen_ros2/local/lib/python3.10/dist-packages/grasp_kitchen_ros2/lbot_catch/arm_api/Demo/demo_c/lbot_fk_ik/build/CMakeFiles/3.28.3/CompilerIdCXX'...
[4.066s] Listing '/home/kim/projects/dexchef_ws/install/grasp_kitchen_ros2/local/lib/python3.10/dist-packages/grasp_kitchen_ros2/lbot_catch/arm_api/Demo/demo_c/lbot_fk_ik/build/CMakeFiles/lbot_fk_ik.dir'...
[4.066s] Listing '/home/kim/projects/dexchef_ws/install/grasp_kitchen_ros2/local/lib/python3.10/dist-packages/grasp_kitchen_ros2/lbot_catch/arm_api/Demo/demo_c/lbot_fk_ik/build/CMakeFiles/lbot_fk_ik.dir/src'...
[4.066s] Listing '/home/kim/projects/dexchef_ws/install/grasp_kitchen_ros2/local/lib/python3.10/dist-packages/grasp_kitchen_ros2/lbot_catch/arm_api/Demo/demo_c/lbot_fk_ik/src'...
[4.066s] Listing '/home/kim/projects/dexchef_ws/install/grasp_kitchen_ros2/local/lib/python3.10/dist-packages/grasp_kitchen_ros2/lbot_catch/arm_api/Demo/demo_c/lbot_frame'...
[4.066s] Listing '/home/kim/projects/dexchef_ws/install/grasp_kitchen_ros2/local/lib/python3.10/dist-packages/grasp_kitchen_ros2/lbot_catch/arm_api/Demo/demo_c/lbot_frame/build'...
[4.066s] Listing '/home/kim/projects/dexchef_ws/install/grasp_kitchen_ros2/local/lib/python3.10/dist-packages/grasp_kitchen_ros2/lbot_catch/arm_api/Demo/demo_c/lbot_frame/build/CMakeFiles'...
[4.066s] Listing '/home/kim/projects/dexchef_ws/install/grasp_kitchen_ros2/local/lib/python3.10/dist-packages/grasp_kitchen_ros2/lbot_catch/arm_api/Demo/demo_c/lbot_frame/build/CMakeFiles/3.28.3'...
[4.066s] Listing '/home/kim/projects/dexchef_ws/install/grasp_kitchen_ros2/local/lib/python3.10/dist-packages/grasp_kitchen_ros2/lbot_catch/arm_api/Demo/demo_c/lbot_frame/build/CMakeFiles/3.28.3/CompilerIdC'...
[4.066s] Listing '/home/kim/projects/dexchef_ws/install/grasp_kitchen_ros2/local/lib/python3.10/dist-packages/grasp_kitchen_ros2/lbot_catch/arm_api/Demo/demo_c/lbot_frame/build/CMakeFiles/3.28.3/CompilerIdCXX'...
[4.066s] Listing '/home/kim/projects/dexchef_ws/install/grasp_kitchen_ros2/local/lib/python3.10/dist-packages/grasp_kitchen_ros2/lbot_catch/arm_api/Demo/demo_c/lbot_frame/build/CMakeFiles/lbot_frame.dir'...
[4.066s] Listing '/home/kim/projects/dexchef_ws/install/grasp_kitchen_ros2/local/lib/python3.10/dist-packages/grasp_kitchen_ros2/lbot_catch/arm_api/Demo/demo_c/lbot_frame/build/CMakeFiles/lbot_frame.dir/src'...
[4.066s] Listing '/home/kim/projects/dexchef_ws/install/grasp_kitchen_ros2/local/lib/python3.10/dist-packages/grasp_kitchen_ros2/lbot_catch/arm_api/Demo/demo_c/lbot_frame/src'...
[4.066s] Listing '/home/kim/projects/dexchef_ws/install/grasp_kitchen_ros2/local/lib/python3.10/dist-packages/grasp_kitchen_ros2/lbot_catch/arm_api/Demo/demo_c/lbot_hand'...
[4.066s] Listing '/home/kim/projects/dexchef_ws/install/grasp_kitchen_ros2/local/lib/python3.10/dist-packages/grasp_kitchen_ros2/lbot_catch/arm_api/Demo/demo_c/lbot_hand/build'...
[4.066s] Listing '/home/kim/projects/dexchef_ws/install/grasp_kitchen_ros2/local/lib/python3.10/dist-packages/grasp_kitchen_ros2/lbot_catch/arm_api/Demo/demo_c/lbot_hand/build/CMakeFiles'...
[4.066s] Listing '/home/kim/projects/dexchef_ws/install/grasp_kitchen_ros2/local/lib/python3.10/dist-packages/grasp_kitchen_ros2/lbot_catch/arm_api/Demo/demo_c/lbot_hand/build/CMakeFiles/3.28.3'...
[4.066s] Listing '/home/kim/projects/dexchef_ws/install/grasp_kitchen_ros2/local/lib/python3.10/dist-packages/grasp_kitchen_ros2/lbot_catch/arm_api/Demo/demo_c/lbot_hand/build/CMakeFiles/3.28.3/CompilerIdC'...
[4.066s] Listing '/home/kim/projects/dexchef_ws/install/grasp_kitchen_ros2/local/lib/python3.10/dist-packages/grasp_kitchen_ros2/lbot_catch/arm_api/Demo/demo_c/lbot_hand/build/CMakeFiles/3.28.3/CompilerIdCXX'...
[4.066s] Listing '/home/kim/projects/dexchef_ws/install/grasp_kitchen_ros2/local/lib/python3.10/dist-packages/grasp_kitchen_ros2/lbot_catch/arm_api/Demo/demo_c/lbot_hand/build/CMakeFiles/lbot_hand.dir'...
[4.066s] Listing '/home/kim/projects/dexchef_ws/install/grasp_kitchen_ros2/local/lib/python3.10/dist-packages/grasp_kitchen_ros2/lbot_catch/arm_api/Demo/demo_c/lbot_hand/build/CMakeFiles/lbot_hand.dir/src'...
[4.066s] Listing '/home/kim/projects/dexchef_ws/install/grasp_kitchen_ros2/local/lib/python3.10/dist-packages/grasp_kitchen_ros2/lbot_catch/arm_api/Demo/demo_c/lbot_hand/src'...
[4.066s] Listing '/home/kim/projects/dexchef_ws/install/grasp_kitchen_ros2/local/lib/python3.10/dist-packages/grasp_kitchen_ros2/lbot_catch/arm_api/Demo/demo_c/lbot_move'...
[4.067s] Listing '/home/kim/projects/dexchef_ws/install/grasp_kitchen_ros2/local/lib/python3.10/dist-packages/grasp_kitchen_ros2/lbot_catch/arm_api/Demo/demo_c/lbot_move/build'...
[4.067s] Listing '/home/kim/projects/dexchef_ws/install/grasp_kitchen_ros2/local/lib/python3.10/dist-packages/grasp_kitchen_ros2/lbot_catch/arm_api/Demo/demo_c/lbot_move/build/CMakeFiles'...
[4.067s] Listing '/home/kim/projects/dexchef_ws/install/grasp_kitchen_ros2/local/lib/python3.10/dist-packages/grasp_kitchen_ros2/lbot_catch/arm_api/Demo/demo_c/lbot_move/build/CMakeFiles/3.28.3'...
[4.067s] Listing '/home/kim/projects/dexchef_ws/install/grasp_kitchen_ros2/local/lib/python3.10/dist-packages/grasp_kitchen_ros2/lbot_catch/arm_api/Demo/demo_c/lbot_move/build/CMakeFiles/3.28.3/CompilerIdC'...
[4.067s] Listing '/home/kim/projects/dexchef_ws/install/grasp_kitchen_ros2/local/lib/python3.10/dist-packages/grasp_kitchen_ros2/lbot_catch/arm_api/Demo/demo_c/lbot_move/build/CMakeFiles/3.28.3/CompilerIdCXX'...
[4.067s] Listing '/home/kim/projects/dexchef_ws/install/grasp_kitchen_ros2/local/lib/python3.10/dist-packages/grasp_kitchen_ros2/lbot_catch/arm_api/Demo/demo_c/lbot_move/build/CMakeFiles/lbot_move.dir'...
[4.067s] Listing '/home/kim/projects/dexchef_ws/install/grasp_kitchen_ros2/local/lib/python3.10/dist-packages/grasp_kitchen_ros2/lbot_catch/arm_api/Demo/demo_c/lbot_move/build/CMakeFiles/lbot_move.dir/src'...
[4.067s] Listing '/home/kim/projects/dexchef_ws/install/grasp_kitchen_ros2/local/lib/python3.10/dist-packages/grasp_kitchen_ros2/lbot_catch/arm_api/Demo/demo_c/lbot_move/src'...
[4.067s] Listing '/home/kim/projects/dexchef_ws/install/grasp_kitchen_ros2/local/lib/python3.10/dist-packages/grasp_kitchen_ros2/lbot_catch/arm_api/Demo/demo_c/lbot_setting'...
[4.067s] Listing '/home/kim/projects/dexchef_ws/install/grasp_kitchen_ros2/local/lib/python3.10/dist-packages/grasp_kitchen_ros2/lbot_catch/arm_api/Demo/demo_c/lbot_setting/build'...
[4.067s] Listing '/home/kim/projects/dexchef_ws/install/grasp_kitchen_ros2/local/lib/python3.10/dist-packages/grasp_kitchen_ros2/lbot_catch/arm_api/Demo/demo_c/lbot_setting/build/CMakeFiles'...
[4.067s] Listing '/home/kim/projects/dexchef_ws/install/grasp_kitchen_ros2/local/lib/python3.10/dist-packages/grasp_kitchen_ros2/lbot_catch/arm_api/Demo/demo_c/lbot_setting/build/CMakeFiles/3.28.3'...
[4.067s] Listing '/home/kim/projects/dexchef_ws/install/grasp_kitchen_ros2/local/lib/python3.10/dist-packages/grasp_kitchen_ros2/lbot_catch/arm_api/Demo/demo_c/lbot_setting/build/CMakeFiles/3.28.3/CompilerIdC'...
[4.067s] Listing '/home/kim/projects/dexchef_ws/install/grasp_kitchen_ros2/local/lib/python3.10/dist-packages/grasp_kitchen_ros2/lbot_catch/arm_api/Demo/demo_c/lbot_setting/build/CMakeFiles/3.28.3/CompilerIdCXX'...
[4.067s] Listing '/home/kim/projects/dexchef_ws/install/grasp_kitchen_ros2/local/lib/python3.10/dist-packages/grasp_kitchen_ros2/lbot_catch/arm_api/Demo/demo_c/lbot_setting/build/CMakeFiles/lbot_setting.dir'...
[4.067s] Listing '/home/kim/projects/dexchef_ws/install/grasp_kitchen_ros2/local/lib/python3.10/dist-packages/grasp_kitchen_ros2/lbot_catch/arm_api/Demo/demo_c/lbot_setting/build/CMakeFiles/lbot_setting.dir/src'...
[4.067s] Listing '/home/kim/projects/dexchef_ws/install/grasp_kitchen_ros2/local/lib/python3.10/dist-packages/grasp_kitchen_ros2/lbot_catch/arm_api/Demo/demo_c/lbot_setting/src'...
[4.067s] Listing '/home/kim/projects/dexchef_ws/install/grasp_kitchen_ros2/local/lib/python3.10/dist-packages/grasp_kitchen_ros2/lbot_catch/arm_api/Demo/demo_c++'...
[4.067s] Listing '/home/kim/projects/dexchef_ws/install/grasp_kitchen_ros2/local/lib/python3.10/dist-packages/grasp_kitchen_ros2/lbot_catch/arm_api/Demo/demo_c++/lbot_fk_ik'...
[4.067s] Listing '/home/kim/projects/dexchef_ws/install/grasp_kitchen_ros2/local/lib/python3.10/dist-packages/grasp_kitchen_ros2/lbot_catch/arm_api/Demo/demo_c++/lbot_fk_ik/build'...
[4.067s] Listing '/home/kim/projects/dexchef_ws/install/grasp_kitchen_ros2/local/lib/python3.10/dist-packages/grasp_kitchen_ros2/lbot_catch/arm_api/Demo/demo_c++/lbot_fk_ik/build/CMakeFiles'...
[4.067s] Listing '/home/kim/projects/dexchef_ws/install/grasp_kitchen_ros2/local/lib/python3.10/dist-packages/grasp_kitchen_ros2/lbot_catch/arm_api/Demo/demo_c++/lbot_fk_ik/build/CMakeFiles/3.28.3'...
[4.067s] Listing '/home/kim/projects/dexchef_ws/install/grasp_kitchen_ros2/local/lib/python3.10/dist-packages/grasp_kitchen_ros2/lbot_catch/arm_api/Demo/demo_c++/lbot_fk_ik/build/CMakeFiles/3.28.3/CompilerIdCXX'...
[4.067s] Listing '/home/kim/projects/dexchef_ws/install/grasp_kitchen_ros2/local/lib/python3.10/dist-packages/grasp_kitchen_ros2/lbot_catch/arm_api/Demo/demo_c++/lbot_fk_ik/build/CMakeFiles/lbot_fk_ik.dir'...
[4.067s] Listing '/home/kim/projects/dexchef_ws/install/grasp_kitchen_ros2/local/lib/python3.10/dist-packages/grasp_kitchen_ros2/lbot_catch/arm_api/Demo/demo_c++/lbot_fk_ik/build/CMakeFiles/lbot_fk_ik.dir/src'...
[4.067s] Listing '/home/kim/projects/dexchef_ws/install/grasp_kitchen_ros2/local/lib/python3.10/dist-packages/grasp_kitchen_ros2/lbot_catch/arm_api/Demo/demo_c++/lbot_fk_ik/src'...
[4.067s] Listing '/home/kim/projects/dexchef_ws/install/grasp_kitchen_ros2/local/lib/python3.10/dist-packages/grasp_kitchen_ros2/lbot_catch/arm_api/Demo/demo_c++/lbot_frame'...
[4.067s] Listing '/home/kim/projects/dexchef_ws/install/grasp_kitchen_ros2/local/lib/python3.10/dist-packages/grasp_kitchen_ros2/lbot_catch/arm_api/Demo/demo_c++/lbot_frame/build'...
[4.067s] Listing '/home/kim/projects/dexchef_ws/install/grasp_kitchen_ros2/local/lib/python3.10/dist-packages/grasp_kitchen_ros2/lbot_catch/arm_api/Demo/demo_c++/lbot_frame/build/CMakeFiles'...
[4.067s] Listing '/home/kim/projects/dexchef_ws/install/grasp_kitchen_ros2/local/lib/python3.10/dist-packages/grasp_kitchen_ros2/lbot_catch/arm_api/Demo/demo_c++/lbot_frame/build/CMakeFiles/3.28.3'...
[4.067s] Listing '/home/kim/projects/dexchef_ws/install/grasp_kitchen_ros2/local/lib/python3.10/dist-packages/grasp_kitchen_ros2/lbot_catch/arm_api/Demo/demo_c++/lbot_frame/build/CMakeFiles/3.28.3/CompilerIdCXX'...
[4.067s] Listing '/home/kim/projects/dexchef_ws/install/grasp_kitchen_ros2/local/lib/python3.10/dist-packages/grasp_kitchen_ros2/lbot_catch/arm_api/Demo/demo_c++/lbot_frame/build/CMakeFiles/lbot_frame.dir'...
[4.067s] Listing '/home/kim/projects/dexchef_ws/install/grasp_kitchen_ros2/local/lib/python3.10/dist-packages/grasp_kitchen_ros2/lbot_catch/arm_api/Demo/demo_c++/lbot_frame/build/CMakeFiles/lbot_frame.dir/src'...
[4.067s] Listing '/home/kim/projects/dexchef_ws/install/grasp_kitchen_ros2/local/lib/python3.10/dist-packages/grasp_kitchen_ros2/lbot_catch/arm_api/Demo/demo_c++/lbot_frame/src'...
[4.067s] Listing '/home/kim/projects/dexchef_ws/install/grasp_kitchen_ros2/local/lib/python3.10/dist-packages/grasp_kitchen_ros2/lbot_catch/arm_api/Demo/demo_c++/lbot_hand'...
[4.068s] Listing '/home/kim/projects/dexchef_ws/install/grasp_kitchen_ros2/local/lib/python3.10/dist-packages/grasp_kitchen_ros2/lbot_catch/arm_api/Demo/demo_c++/lbot_hand/build'...
[4.068s] Listing '/home/kim/projects/dexchef_ws/install/grasp_kitchen_ros2/local/lib/python3.10/dist-packages/grasp_kitchen_ros2/lbot_catch/arm_api/Demo/demo_c++/lbot_hand/build/CMakeFiles'...
[4.068s] Listing '/home/kim/projects/dexchef_ws/install/grasp_kitchen_ros2/local/lib/python3.10/dist-packages/grasp_kitchen_ros2/lbot_catch/arm_api/Demo/demo_c++/lbot_hand/build/CMakeFiles/3.28.3'...
[4.068s] Listing '/home/kim/projects/dexchef_ws/install/grasp_kitchen_ros2/local/lib/python3.10/dist-packages/grasp_kitchen_ros2/lbot_catch/arm_api/Demo/demo_c++/lbot_hand/build/CMakeFiles/3.28.3/CompilerIdCXX'...
[4.068s] Listing '/home/kim/projects/dexchef_ws/install/grasp_kitchen_ros2/local/lib/python3.10/dist-packages/grasp_kitchen_ros2/lbot_catch/arm_api/Demo/demo_c++/lbot_hand/build/CMakeFiles/lbot_hand.dir'...
[4.068s] Listing '/home/kim/projects/dexchef_ws/install/grasp_kitchen_ros2/local/lib/python3.10/dist-packages/grasp_kitchen_ros2/lbot_catch/arm_api/Demo/demo_c++/lbot_hand/build/CMakeFiles/lbot_hand.dir/src'...
[4.068s] Listing '/home/kim/projects/dexchef_ws/install/grasp_kitchen_ros2/local/lib/python3.10/dist-packages/grasp_kitchen_ros2/lbot_catch/arm_api/Demo/demo_c++/lbot_hand/src'...
[4.068s] Listing '/home/kim/projects/dexchef_ws/install/grasp_kitchen_ros2/local/lib/python3.10/dist-packages/grasp_kitchen_ros2/lbot_catch/arm_api/Demo/demo_c++/lbot_move'...
[4.096s] Listing '/home/kim/projects/dexchef_ws/install/grasp_kitchen_ros2/local/lib/python3.10/dist-packages/grasp_kitchen_ros2/lbot_catch/arm_api/Demo/demo_c++/lbot_move/build'...
[4.096s] Listing '/home/kim/projects/dexchef_ws/install/grasp_kitchen_ros2/local/lib/python3.10/dist-packages/grasp_kitchen_ros2/lbot_catch/arm_api/Demo/demo_c++/lbot_move/build/CMakeFiles'...
[4.096s] Listing '/home/kim/projects/dexchef_ws/install/grasp_kitchen_ros2/local/lib/python3.10/dist-packages/grasp_kitchen_ros2/lbot_catch/arm_api/Demo/demo_c++/lbot_move/build/CMakeFiles/3.28.3'...
[4.096s] Listing '/home/kim/projects/dexchef_ws/install/grasp_kitchen_ros2/local/lib/python3.10/dist-packages/grasp_kitchen_ros2/lbot_catch/arm_api/Demo/demo_c++/lbot_move/build/CMakeFiles/3.28.3/CompilerIdCXX'...
[4.096s] Listing '/home/kim/projects/dexchef_ws/install/grasp_kitchen_ros2/local/lib/python3.10/dist-packages/grasp_kitchen_ros2/lbot_catch/arm_api/Demo/demo_c++/lbot_move/build/CMakeFiles/lbot_move.dir'...
[4.096s] Listing '/home/kim/projects/dexchef_ws/install/grasp_kitchen_ros2/local/lib/python3.10/dist-packages/grasp_kitchen_ros2/lbot_catch/arm_api/Demo/demo_c++/lbot_move/build/CMakeFiles/lbot_move.dir/src'...
[4.096s] Listing '/home/kim/projects/dexchef_ws/install/grasp_kitchen_ros2/local/lib/python3.10/dist-packages/grasp_kitchen_ros2/lbot_catch/arm_api/Demo/demo_c++/lbot_move/src'...
[4.096s] Listing '/home/kim/projects/dexchef_ws/install/grasp_kitchen_ros2/local/lib/python3.10/dist-packages/grasp_kitchen_ros2/lbot_catch/arm_api/Demo/demo_c++/lbot_setting'...
[4.096s] Listing '/home/kim/projects/dexchef_ws/install/grasp_kitchen_ros2/local/lib/python3.10/dist-packages/grasp_kitchen_ros2/lbot_catch/arm_api/Demo/demo_c++/lbot_setting/build'...
[4.096s] Listing '/home/kim/projects/dexchef_ws/install/grasp_kitchen_ros2/local/lib/python3.10/dist-packages/grasp_kitchen_ros2/lbot_catch/arm_api/Demo/demo_c++/lbot_setting/build/CMakeFiles'...
[4.096s] Listing '/home/kim/projects/dexchef_ws/install/grasp_kitchen_ros2/local/lib/python3.10/dist-packages/grasp_kitchen_ros2/lbot_catch/arm_api/Demo/demo_c++/lbot_setting/build/CMakeFiles/3.28.3'...
[4.096s] Listing '/home/kim/projects/dexchef_ws/install/grasp_kitchen_ros2/local/lib/python3.10/dist-packages/grasp_kitchen_ros2/lbot_catch/arm_api/Demo/demo_c++/lbot_setting/build/CMakeFiles/3.28.3/CompilerIdCXX'...
[4.096s] Listing '/home/kim/projects/dexchef_ws/install/grasp_kitchen_ros2/local/lib/python3.10/dist-packages/grasp_kitchen_ros2/lbot_catch/arm_api/Demo/demo_c++/lbot_setting/build/CMakeFiles/lbot_setting.dir'...
[4.096s] Listing '/home/kim/projects/dexchef_ws/install/grasp_kitchen_ros2/local/lib/python3.10/dist-packages/grasp_kitchen_ros2/lbot_catch/arm_api/Demo/demo_c++/lbot_setting/build/CMakeFiles/lbot_setting.dir/src'...
[4.096s] Listing '/home/kim/projects/dexchef_ws/install/grasp_kitchen_ros2/local/lib/python3.10/dist-packages/grasp_kitchen_ros2/lbot_catch/arm_api/Demo/demo_c++/lbot_setting/src'...
[4.096s] Listing '/home/kim/projects/dexchef_ws/install/grasp_kitchen_ros2/local/lib/python3.10/dist-packages/grasp_kitchen_ros2/lbot_catch/arm_api/Demo/demo_python'...
[4.096s] Compiling '/home/kim/projects/dexchef_ws/install/grasp_kitchen_ros2/local/lib/python3.10/dist-packages/grasp_kitchen_ros2/lbot_catch/arm_api/Demo/demo_python/demo_fk_ik.py'...
[4.096s] Compiling '/home/kim/projects/dexchef_ws/install/grasp_kitchen_ros2/local/lib/python3.10/dist-packages/grasp_kitchen_ros2/lbot_catch/arm_api/Demo/demo_python/demo_frame.py'...
[4.096s] Compiling '/home/kim/projects/dexchef_ws/install/grasp_kitchen_ros2/local/lib/python3.10/dist-packages/grasp_kitchen_ros2/lbot_catch/arm_api/Demo/demo_python/demo_hand.py'...
[4.096s] Compiling '/home/kim/projects/dexchef_ws/install/grasp_kitchen_ros2/local/lib/python3.10/dist-packages/grasp_kitchen_ros2/lbot_catch/arm_api/Demo/demo_python/demo_move.py'...
[4.097s] Compiling '/home/kim/projects/dexchef_ws/install/grasp_kitchen_ros2/local/lib/python3.10/dist-packages/grasp_kitchen_ros2/lbot_catch/arm_api/Demo/demo_python/demo_setting.py'...
[4.097s] Listing '/home/kim/projects/dexchef_ws/install/grasp_kitchen_ros2/local/lib/python3.10/dist-packages/grasp_kitchen_ros2/lbot_catch/arm_api/Demo/demo_python/lbot'...
[4.097s] Compiling '/home/kim/projects/dexchef_ws/install/grasp_kitchen_ros2/local/lib/python3.10/dist-packages/grasp_kitchen_ros2/lbot_catch/arm_api/Demo/demo_python/lbot/__init__.py'...
[4.097s] Compiling '/home/kim/projects/dexchef_ws/install/grasp_kitchen_ros2/local/lib/python3.10/dist-packages/grasp_kitchen_ros2/lbot_catch/arm_api/Demo/demo_python/lbot/lbot_api.py'...
[4.097s] Compiling '/home/kim/projects/dexchef_ws/install/grasp_kitchen_ros2/local/lib/python3.10/dist-packages/grasp_kitchen_ros2/lbot_catch/arm_api/Demo/demo_python/lbot/lbot_robot.py'...
[4.097s] Listing '/home/kim/projects/dexchef_ws/install/grasp_kitchen_ros2/local/lib/python3.10/dist-packages/grasp_kitchen_ros2/lbot_catch/arm_api/Demo/demo_python/lbot/libs'...
[4.097s] Listing '/home/kim/projects/dexchef_ws/install/grasp_kitchen_ros2/local/lib/python3.10/dist-packages/grasp_kitchen_ros2/lbot_catch/arm_api/Demo/demo_python/lbot/libs/linux'...
[4.097s] Listing '/home/kim/projects/dexchef_ws/install/grasp_kitchen_ros2/local/lib/python3.10/dist-packages/grasp_kitchen_ros2/lbot_catch/arm_api/Demo/demo_python/lbot/libs/linux/linux_arm64'...
[4.097s] Listing '/home/kim/projects/dexchef_ws/install/grasp_kitchen_ros2/local/lib/python3.10/dist-packages/grasp_kitchen_ros2/lbot_catch/arm_api/Demo/demo_python/lbot/libs/linux/linux_x64'...
[4.097s] Compiling '/home/kim/projects/dexchef_ws/install/grasp_kitchen_ros2/local/lib/python3.10/dist-packages/grasp_kitchen_ros2/lbot_catch/arm_api/Demo/demo_python/test.py'...
[4.097s] Listing '/home/kim/projects/dexchef_ws/install/grasp_kitchen_ros2/local/lib/python3.10/dist-packages/grasp_kitchen_ros2/lbot_catch/arm_api/Python'...
[4.097s] Listing '/home/kim/projects/dexchef_ws/install/grasp_kitchen_ros2/local/lib/python3.10/dist-packages/grasp_kitchen_ros2/lbot_catch/arm_api/Python/lbot'...
[4.097s] Compiling '/home/kim/projects/dexchef_ws/install/grasp_kitchen_ros2/local/lib/python3.10/dist-packages/grasp_kitchen_ros2/lbot_catch/arm_api/Python/lbot/__init__.py'...
[4.097s] Compiling '/home/kim/projects/dexchef_ws/install/grasp_kitchen_ros2/local/lib/python3.10/dist-packages/grasp_kitchen_ros2/lbot_catch/arm_api/Python/lbot/lbot_api.py'...
[4.097s] Compiling '/home/kim/projects/dexchef_ws/install/grasp_kitchen_ros2/local/lib/python3.10/dist-packages/grasp_kitchen_ros2/lbot_catch/arm_api/Python/lbot/lbot_robot.py'...
[4.097s] Listing '/home/kim/projects/dexchef_ws/install/grasp_kitchen_ros2/local/lib/python3.10/dist-packages/grasp_kitchen_ros2/lbot_catch/arm_api/Python/lbot/libs'...
[4.097s] Listing '/home/kim/projects/dexchef_ws/install/grasp_kitchen_ros2/local/lib/python3.10/dist-packages/grasp_kitchen_ros2/lbot_catch/arm_api/Python/lbot/libs/linux'...
[4.097s] Listing '/home/kim/projects/dexchef_ws/install/grasp_kitchen_ros2/local/lib/python3.10/dist-packages/grasp_kitchen_ros2/lbot_catch/arm_api/Python/lbot/libs/linux/linux_arm64'...
[4.097s] Listing '/home/kim/projects/dexchef_ws/install/grasp_kitchen_ros2/local/lib/python3.10/dist-packages/grasp_kitchen_ros2/lbot_catch/arm_api/Python/lbot/libs/linux/linux_x64'...
[4.097s] Listing '/home/kim/projects/dexchef_ws/install/grasp_kitchen_ros2/local/lib/python3.10/dist-packages/grasp_kitchen_ros2/lbot_catch/arm_api/doc'...
[4.097s] Listing '/home/kim/projects/dexchef_ws/install/grasp_kitchen_ros2/local/lib/python3.10/dist-packages/grasp_kitchen_ros2/motion'...
[4.097s] Compiling '/home/kim/projects/dexchef_ws/install/grasp_kitchen_ros2/local/lib/python3.10/dist-packages/grasp_kitchen_ros2/motion/__init__.py'...
[4.097s] Listing '/home/kim/projects/dexchef_ws/install/grasp_kitchen_ros2/local/lib/python3.10/dist-packages/grasp_kitchen_ros2/motion/entities'...
[4.097s] Compiling '/home/kim/projects/dexchef_ws/install/grasp_kitchen_ros2/local/lib/python3.10/dist-packages/grasp_kitchen_ros2/motion/entities/__init__.py'...
[4.097s] Compiling '/home/kim/projects/dexchef_ws/install/grasp_kitchen_ros2/local/lib/python3.10/dist-packages/grasp_kitchen_ros2/motion/entities/constraints.py'...
[4.097s] Compiling '/home/kim/projects/dexchef_ws/install/grasp_kitchen_ros2/local/lib/python3.10/dist-packages/grasp_kitchen_ros2/motion/entities/motion_primitive.py'...
[4.097s] Compiling '/home/kim/projects/dexchef_ws/install/grasp_kitchen_ros2/local/lib/python3.10/dist-packages/grasp_kitchen_ros2/motion/entities/trajectory.py'...
[4.114s] Listing '/home/kim/projects/dexchef_ws/install/grasp_kitchen_ros2/local/lib/python3.10/dist-packages/grasp_kitchen_ros2/motion/skills'...
[4.114s] Compiling '/home/kim/projects/dexchef_ws/install/grasp_kitchen_ros2/local/lib/python3.10/dist-packages/grasp_kitchen_ros2/motion/skills/__init__.py'...
[4.114s] Compiling '/home/kim/projects/dexchef_ws/install/grasp_kitchen_ros2/local/lib/python3.10/dist-packages/grasp_kitchen_ros2/motion/skills/ik_helpers.py'...
[4.114s] Compiling '/home/kim/projects/dexchef_ws/install/grasp_kitchen_ros2/local/lib/python3.10/dist-packages/grasp_kitchen_ros2/motion/skills/pick_and_place.py'...
[4.114s] Compiling '/home/kim/projects/dexchef_ws/install/grasp_kitchen_ros2/local/lib/python3.10/dist-packages/grasp_kitchen_ros2/motion_executor_node.py'...
[4.114s] Compiling '/home/kim/projects/dexchef_ws/install/grasp_kitchen_ros2/local/lib/python3.10/dist-packages/grasp_kitchen_ros2/perception_node.py'...
[4.114s] Listing '/home/kim/projects/dexchef_ws/install/grasp_kitchen_ros2/local/lib/python3.10/dist-packages/grasp_kitchen_ros2/planning'...
[4.114s] Listing '/home/kim/projects/dexchef_ws/install/grasp_kitchen_ros2/local/lib/python3.10/dist-packages/grasp_kitchen_ros2/planning/entities'...
[4.114s] Compiling '/home/kim/projects/dexchef_ws/install/grasp_kitchen_ros2/local/lib/python3.10/dist-packages/grasp_kitchen_ros2/planning/entities/__init__.py'...
[4.114s] Compiling '/home/kim/projects/dexchef_ws/install/grasp_kitchen_ros2/local/lib/python3.10/dist-packages/grasp_kitchen_ros2/planning/entities/pattern.py'...
[4.114s] Compiling '/home/kim/projects/dexchef_ws/install/grasp_kitchen_ros2/local/lib/python3.10/dist-packages/grasp_kitchen_ros2/planning/entities/plan.py'...
[4.114s] Compiling '/home/kim/projects/dexchef_ws/install/grasp_kitchen_ros2/local/lib/python3.10/dist-packages/grasp_kitchen_ros2/planning/entities/pose3d.py'...
[4.114s] Compiling '/home/kim/projects/dexchef_ws/install/grasp_kitchen_ros2/local/lib/python3.10/dist-packages/grasp_kitchen_ros2/planning/entities/scene_state.py'...
[4.114s] Compiling '/home/kim/projects/dexchef_ws/install/grasp_kitchen_ros2/local/lib/python3.10/dist-packages/grasp_kitchen_ros2/planning/entities/task_goal.py'...
[4.114s] Listing '/home/kim/projects/dexchef_ws/install/grasp_kitchen_ros2/local/lib/python3.10/dist-packages/grasp_kitchen_ros2/planning/policy'...
[4.114s] Compiling '/home/kim/projects/dexchef_ws/install/grasp_kitchen_ros2/local/lib/python3.10/dist-packages/grasp_kitchen_ros2/planning/policy/__init__.py'...
[4.114s] Compiling '/home/kim/projects/dexchef_ws/install/grasp_kitchen_ros2/local/lib/python3.10/dist-packages/grasp_kitchen_ros2/planning/policy/orange_heart_policy.py'...
[4.114s] Listing '/home/kim/projects/dexchef_ws/install/grasp_kitchen_ros2/local/lib/python3.10/dist-packages/grasp_kitchen_ros2/robot'...
[4.114s] Compiling '/home/kim/projects/dexchef_ws/install/grasp_kitchen_ros2/local/lib/python3.10/dist-packages/grasp_kitchen_ros2/robot/__init__.py'...
[4.114s] Compiling '/home/kim/projects/dexchef_ws/install/grasp_kitchen_ros2/local/lib/python3.10/dist-packages/grasp_kitchen_ros2/robot/driver_core.py'...
[4.114s] Compiling '/home/kim/projects/dexchef_ws/install/grasp_kitchen_ros2/local/lib/python3.10/dist-packages/grasp_kitchen_ros2/robot_driver_node.py'...
[4.114s] Compiling '/home/kim/projects/dexchef_ws/install/grasp_kitchen_ros2/local/lib/python3.10/dist-packages/grasp_kitchen_ros2/task_planner_node.py'...
[4.114s] Compiling '/home/kim/projects/dexchef_ws/install/grasp_kitchen_ros2/local/lib/python3.10/dist-packages/grasp_kitchen_ros2/test_motion_pick_and_place.py'...
[4.114s] Compiling '/home/kim/projects/dexchef_ws/install/grasp_kitchen_ros2/local/lib/python3.10/dist-packages/grasp_kitchen_ros2/test_planner_orange_heart.py'...
[4.114s] Listing '/home/kim/projects/dexchef_ws/install/grasp_kitchen_ros2/local/lib/python3.10/dist-packages/grasp_kitchen_ros2/vision'...
[4.114s] Compiling '/home/kim/projects/dexchef_ws/install/grasp_kitchen_ros2/local/lib/python3.10/dist-packages/grasp_kitchen_ros2/vision/__init__.py'...
[4.114s] Listing '/home/kim/projects/dexchef_ws/install/grasp_kitchen_ros2/local/lib/python3.10/dist-packages/grasp_kitchen_ros2/vision/entities'...
[4.114s] Compiling '/home/kim/projects/dexchef_ws/install/grasp_kitchen_ros2/local/lib/python3.10/dist-packages/grasp_kitchen_ros2/vision/entities/__init__.py'...
[4.114s] Compiling '/home/kim/projects/dexchef_ws/install/grasp_kitchen_ros2/local/lib/python3.10/dist-packages/grasp_kitchen_ros2/vision/entities/camera_model.py'...
[4.115s] Compiling '/home/kim/projects/dexchef_ws/install/grasp_kitchen_ros2/local/lib/python3.10/dist-packages/grasp_kitchen_ros2/vision/entities/detections.py'...
[4.115s] Listing '/home/kim/projects/dexchef_ws/install/grasp_kitchen_ros2/local/lib/python3.10/dist-packages/grasp_kitchen_ros2/vision/pipeline'...
[4.115s] Compiling '/home/kim/projects/dexchef_ws/install/grasp_kitchen_ros2/local/lib/python3.10/dist-packages/grasp_kitchen_ros2/vision/pipeline/__init__.py'...
[4.115s] Compiling '/home/kim/projects/dexchef_ws/install/grasp_kitchen_ros2/local/lib/python3.10/dist-packages/grasp_kitchen_ros2/vision/pipeline/perception_pipeline.py'...
[4.115s] Compiling '/home/kim/projects/dexchef_ws/install/grasp_kitchen_ros2/local/lib/python3.10/dist-packages/grasp_kitchen_ros2/vision/pipeline/pose_estimator.py'...
[4.115s] Compiling '/home/kim/projects/dexchef_ws/install/grasp_kitchen_ros2/local/lib/python3.10/dist-packages/grasp_kitchen_ros2/vision/pipeline/sam3_backend.py'...
[4.115s] Compiling '/home/kim/projects/dexchef_ws/install/grasp_kitchen_ros2/local/lib/python3.10/dist-packages/grasp_kitchen_ros2/vision/pipeline/segmentation_backend.py'...
[4.115s] Compiling '/home/kim/projects/dexchef_ws/install/grasp_kitchen_ros2/local/lib/python3.10/dist-packages/grasp_kitchen_ros2/vision/pipeline/yolo_backend.py'...
[4.118s] Invoked command in '/home/kim/projects/dexchef_ws/build/grasp_kitchen_ros2' returned '0': AMENT_PREFIX_PATH=/home/kim/projects/dexchef_ws/install/grasp_kitchen_interfaces:${AMENT_PREFIX_PATH} CMAKE_PREFIX_PATH=/home/kim/projects/dexchef_ws/install/grasp_kitchen_interfaces:/opt/ros/humble LD_LIBRARY_PATH=/home/kim/projects/dexchef_ws/install/grasp_kitchen_interfaces/lib:${LD_LIBRARY_PATH} PYTHONPATH=/home/kim/projects/dexchef_ws/install/grasp_kitchen_interfaces/local/lib/python3.10/dist-packages:${PYTHONPATH} /usr/bin/cmake --install /home/kim/projects/dexchef_ws/build/grasp_kitchen_ros2
